"데이터버전","분석단위","자치구명","법정동명","법정동코드8","면적구간","예산구간","거래건수","가격_중앙값_만원","가격_중앙값_억원","단가_중앙값_만원_m2","최소금액_만원","최대금액_만원","거래기간_시작","거래기간_끝","가격표본_신뢰도","GBD_시간분","YBD_시간분","CBD_시간분","3대도심_평균통근시간분","강남_광화문_평균통근시간분","강남_광화문_최장통근시간분","강남_여의도_평균통근시간분","강남_여의도_최장통근시간분","여의도_광화문_평균통근시간분","여의도_광화문_최장통근시간분","매핑_행정동수","통근자료_매핑수","통근자료상태","하락기_낙폭_%","저점대비_회복률_%","방어력_고점분기","방어력_저점분기","방어력_최근분기","유효분기수","방어력_거래건수합","현재고점_미검증","방어력상태","3040비중_%","3040_기준분기","통근점수","방어력점수","3040친화점수","유동성점수","통근점수_강남_광화문","통근점수_강남_여의도","통근점수_여의도_광화문","기존후보마스터_종합점수","기준_종합점수_검토용","최종_종합점수","통근우선_종합점수","방어우선_종합점수","시나리오점수_강남_광화문","시나리오점수_강남_여의도","시나리오점수_여의도_광화문","추천순위_예산면적내","통근우선순위_예산면적내","방어우선순위_예산면적내","강남_광화문_순위_예산면적내","강남_여의도_순위_예산면적내","여의도_광화문_순위_예산면적내","최종추천대상","추천상태","제외_주의사유","가격_산정기준","통근_산정기준","점수_가중치","참조기록","예산상한_억원","예산잔액_억원","가성비율_%","가성비순위_예산면적내","가성비점수","최종_안정성점수","안정성_출처","최종_종합점수_v2","추천상태_v2","최종추천대상_v2"
"v4.0_20260902","법정동×면적구간","구로구","구로동","11530102.0","59㎡급(55~65)","7억 이하","248","59750.0","5.98","1000.95110643645","23000","133000","20260102","20260813","충분(10건+)","61.4","42.9","57.0","53.8","59.2","61.4","52.2","61.4","50.0","57.0","5","5","검증완료_v2기준","-3.0","0.0","20254.0","20261.0","20261.0","21.0","4191.0","False","검증완료","29.78","20261","61.9","96.0","47.0","81.5","39.6","64.1","61.1","70.4","70.4","70.4","67.7","74.5","62.6","71.1","70.1","1.0","1.0","1.0","1.0","1.0","1.0","True","최종추천가능","","2026년 서울 아파트 실거래(취소제외), 면적구간별 중앙값","v2 행정동 통근시간을 KIKmix 가중치로 법정동 환산; GBD 6개·YBD 여의동·CBD 3개 핵심 행정동","기준=통근35+방어30+3040 25+유동성10","대화기록_1조프로젝트_데이터검증_20260829.md","7.0","1.02","14.6","27","42.2","96.0","방어력(실측)","70.4","최종추천가능","True"
"v4.0_20260902","법정동×면적구간","금천구","가산동","11545101.0","59㎡급(55~65)","7억 이하","41","65000.0","6.5","1086.22994652406","38100","75000","20260110","20260811","충분(10건+)","64.7","51.3","67.8","61.3","66.2","67.8","58.0","64.7","59.6","67.8","1","1","검증완료_v2기준","-20.0","26.0","20223.0","20253.0","20261.0","21.0","456.0","False","검증완료","41.18","20261","43.5","69.5","73.8","51.4","22.1","52.5","42.9","60.3","59.7","59.7","55.6","60.8","52.2","62.8","59.5","2.0","3.0","3.0","7.0","2.0","3.0","True","최종추천가능","","2026년 서울 아파트 실거래(취소제외), 면적구간별 중앙값","v2 행정동 통근시간을 KIKmix 가중치로 법정동 환산; GBD 6개·YBD 여의동·CBD 3개 핵심 행정동","기준=통근35+방어30+3040 25+유동성10","대화기록_1조프로젝트_데이터검증_20260829.md","7.0","0.5","7.1","34","25.6","69.5","방어력(실측)","59.7","최종추천가능","True"
"v4.0_20260902","법정동×면적구간","관악구","신림동","11620102.0","59㎡급(55~65)","7억 이하","217","60000.0","6.0","1000.66711140761","28100","145000","20260102","20260820","충분(10건+)","53.6","46.5","64.5","54.9","59.0","64.5","50.0","53.6","55.5","64.5","11","11","검증완료_v2기준","-28.4","46.9","20214.0","20231.0","20261.0","21.0","2368.0","False","검증완료","32.43","20261","59.2","56.4","53.2","79.3","40.0","68.3","50.6","58.8","58.9","58.9","59.4","58.9","52.2","62.1","55.9","3.0","2.0","4.0","6.0","3.0","4.0","True","최종추천가능","","2026년 서울 아파트 실거래(취소제외), 면적구간별 중앙값","v2 행정동 통근시간을 KIKmix 가중치로 법정동 환산; GBD 6개·YBD 여의동·CBD 3개 핵심 행정동","기준=통근35+방어30+3040 25+유동성10","대화기록_1조프로젝트_데이터검증_20260829.md","7.0","1.0","14.3","28","37.8","56.4","방어력(실측)","58.9","최종추천가능","True"
"v4.0_20260902","법정동×면적구간","은평구","갈현동","11380104.0","59㎡급(55~65)","7억 이하","19","52000.0","5.2","877.637130801688","44000","62000","20260117","20260725","충분(10건+)","76.4","60.6","46.1","61.1","61.3","76.4","68.6","76.4","53.4","60.6","2","2","검증완료_v2기준","-5.2","0.0","20252.0","20261.0","20261.0","21.0","409.0","False","검증완료","28.41","20261","43.9","92.5","43.8","38.9","34.5","31.4","54.6","57.3","58.0","58.0","53.1","62.8","54.7","53.6","61.7","4.0","6.0","2.0","3.0","5.0","2.0","True","최종추천가능","","2026년 서울 아파트 실거래(취소제외), 면적구간별 중앙값","v2 행정동 통근시간을 KIKmix 가중치로 법정동 환산; GBD 6개·YBD 여의동·CBD 3개 핵심 행정동","기준=통근35+방어30+3040 25+유동성10","대화기록_1조프로젝트_데이터검증_20260829.md","7.0","1.8","25.7","15","68.9","92.5","방어력(실측)","58.0","최종추천가능","True"
"v4.0_20260902","법정동×면적구간","송파구","방이동","11710111.0","59㎡급(55~65)","7억 이하","10","66100.0","6.61","1175.73817146923","60000","242000","20260122","20260725","충분(10건+)","43.9","65.9","61.5","57.1","52.7","61.5","54.9","65.9","63.7","65.9","3","3","검증완료_v2기준","-26.2","41.3","20251.0","20254.0","20261.0","21.0","946.0","False","검증완료","37.85","20261","53.7","59.8","66.0","28.8","55.7","58.6","35.0","55.6","56.1","56.1","54.9","56.1","56.8","57.8","49.6","5.0","4.0","5.0","2.0","4.0","10.0","True","최종추천가능","","2026년 서울 아파트 실거래(취소제외), 면적구간별 중앙값","v2 행정동 통근시간을 KIKmix 가중치로 법정동 환산; GBD 6개·YBD 여의동·CBD 3개 핵심 행정동","기준=통근35+방어30+3040 25+유동성10","대화기록_1조프로젝트_데이터검증_20260829.md","7.0","0.39","5.6","37","20.0","59.8","방어력(실측)","56.1","최종추천가능","True"
"v4.0_20260902","법정동×면적구간","중랑구","면목동","11260101.0","59㎡급(55~65)","7억 이하","134","67000.0","6.7","1118.10156367338","37000","135000","20260109","20260814","충분(10건+)","52.4","70.9","59.5","60.9","55.9","59.5","61.7","70.9","65.2","70.9","6","6","검증완료_v2기준","-24.6","50.8","20213.0","20224.0","20261.0","21.0","1829.0","False","검증완료","28.37","20261","44.3","62.3","43.7","71.2","47.7","45.1","32.2","52.0","52.2","52.2","50.5","54.1","53.4","52.5","48.0","6.0","7.0","6.0","5.0","7.0","12.0","True","최종추천가능","","2026년 서울 아파트 실거래(취소제외), 면적구간별 중앙값","v2 행정동 통근시간을 KIKmix 가중치로 법정동 환산; GBD 6개·YBD 여의동·CBD 3개 핵심 행정동","기준=통근35+방어30+3040 25+유동성10","대화기록_1조프로젝트_데이터검증_20260829.md","7.0","0.3","4.3","40","13.3","62.3","방어력(실측)","52.2","최종추천가능","True"
"v4.0_20260902","법정동×면적구간","광진구","중곡동","11215101.0","59㎡급(55~65)","7억 이하","23","56800.0","5.68","980.748274609517","47000","72000","20260116","20260708","충분(10건+)","45.8","65.6","49.3","53.6","47.5","49.3","55.7","65.6","57.5","65.6","4","4","검증완료_v2기준","-35.1","0.0","20254.0","20261.0","20261.0","15.0","240.0","False","검증완료","30.39","20261","62.4","46.0","48.4","42.0","68.6","57.1","46.8","51.3","51.9","51.9","54.3","51.0","54.1","50.1","46.5","7.0","5.0","10.0","4.0","11.0","15.0","True","최종추천가능","","2026년 서울 아파트 실거래(취소제외), 면적구간별 중앙값","v2 행정동 통근시간을 KIKmix 가중치로 법정동 환산; GBD 6개·YBD 여의동·CBD 3개 핵심 행정동","기준=통근35+방어30+3040 25+유동성10","대화기록_1조프로젝트_데이터검증_20260829.md","7.0","1.32","18.9","23","51.1","46.0","방어력(실측)","51.9","최종추천가능","True"
"v4.0_20260902","법정동×면적구간","구로구","오류동","11530108.0","59㎡급(55~65)","7억 이하","88","55500.0","5.55","927.244876033515","37000","83000","20260109","20260806","충분(10건+)","73.2","52.0","65.5","63.6","69.4","73.2","62.6","73.2","58.7","65.5","2","2","검증완료_v2기준","-27.9","72.9","20213.0","20223.0","20261.0","21.0","1060.0","False","검증완료","34.26","20261","37.8","57.2","57.6","64.1","14.3","43.3","44.4","51.5","51.2","51.2","48.3","52.2","43.0","53.1","53.5","8.0","9.0","8.0","12.0","6.0","6.0","True","최종추천가능","","2026년 서울 아파트 실거래(취소제외), 면적구간별 중앙값","v2 행정동 통근시간을 KIKmix 가중치로 법정동 환산; GBD 6개·YBD 여의동·CBD 3개 핵심 행정동","기준=통근35+방어30+3040 25+유동성10","대화기록_1조프로젝트_데이터검증_20260829.md","7.0","1.45","20.7","20","56.7","57.2","방어력(실측)","51.2","최종추천가능","True"
"v4.0_20260902","법정동×면적구간","구로구","개봉동","11530107.0","59㎡급(55~65)","7억 이하","250","69000.0","6.9","1160.73748070722","25200","101700","20260103","20260822","충분(10건+)","74.3","50.6","63.9","62.9","69.1","74.3","62.4","74.3","57.3","63.9","3","3","검증완료_v2기준","-23.9","34.8","20252.0","20253.0","20261.0","21.0","2307.0","False","검증완료","26.66","20261","39.4","63.4","39.7","81.6","15.0","43.6","47.2","51.0","50.9","50.9","48.5","53.3","42.4","52.4","53.6","9.0","8.0","7.0","15.0","8.0","5.0","True","최종추천가능","","2026년 서울 아파트 실거래(취소제외), 면적구간별 중앙값","v2 행정동 통근시간을 KIKmix 가중치로 법정동 환산; GBD 6개·YBD 여의동·CBD 3개 핵심 행정동","기준=통근35+방어30+3040 25+유동성10","대화기록_1조프로젝트_데이터검증_20260829.md","7.0","0.1","1.4","44","3.3","63.4","방어력(실측)","50.9","최종추천가능","True"
"v4.0_20260902","법정동×면적구간","중랑구","묵동","11260104.0","59㎡급(55~65)","7억 이하","65","58500.0","5.85","979.819879919947","38000","101000","20260103","20260808","충분(10건+)","55.2","72.3","57.5","61.7","56.4","57.5","63.8","72.3","64.9","72.3","2","2","검증완료_v2기준","-27.8","57.0","20214.0","20231.0","20261.0","21.0","982.0","False","검증완료","29.63","20261","42.4","57.3","46.7","59.1","46.6","40.9","32.7","49.2","49.6","49.6","47.9","50.9","51.1","49.1","46.2","10.0","10.0","11.0","8.0","13.0","17.0","True","최종추천가능","","2026년 서울 아파트 실거래(취소제외), 면적구간별 중앙값","v2 행정동 통근시간을 KIKmix 가중치로 법정동 환산; GBD 6개·YBD 여의동·CBD 3개 핵심 행정동","기준=통근35+방어30+3040 25+유동성10","대화기록_1조프로젝트_데이터검증_20260829.md","7.0","1.15","16.4","25","45.6","57.3","방어력(실측)","49.6","최종추천가능","True"
"v4.0_20260902","법정동×면적구간","양천구","신월동","11470103.0","59㎡급(55~65)","7억 이하","134","69905.0","6.99","1166.54085225646","23000","130000","20260101","20260822","충분(10건+)","76.9","46.5","66.1","63.2","71.5","76.9","61.7","76.9","56.3","66.1","7","7","검증완료_v2기준","-24.1","0.0","20254.0","20261.0","20261.0","21.0","2705.0","False","검증완료","26.39","20261","38.8","63.1","39.0","71.2","9.1","45.1","49.0","49.4","49.4","49.4","46.9","51.8","39.0","51.6","53.0","11.0","11.0","9.0","23.0","9.0","7.0","True","최종추천가능","","2026년 서울 아파트 실거래(취소제외), 면적구간별 중앙값","v2 행정동 통근시간을 KIKmix 가중치로 법정동 환산; GBD 6개·YBD 여의동·CBD 3개 핵심 행정동","기준=통근35+방어30+3040 25+유동성10","대화기록_1조프로젝트_데이터검증_20260829.md","7.0","0.01","0.1","46","0.0","63.1","방어력(실측)","49.4","최종추천가능","True"
"v4.0_20260902","법정동×면적구간","노원구","공릉동","11350103.0","59㎡급(55~65)","7억 이하","212","62250.0","6.22","1024.64193214872","28500","103500","20260107","20260814","충분(10건+)","64.2","72.2","56.7","64.4","60.4","64.2","68.2","72.2","64.4","72.2","2","2","검증완료_v2기준","-26.6","49.5","20222.0","20224.0","20261.0","21.0","2838.0","False","검증완료","24.67","20261","35.9","59.2","35.0","78.9","36.5","32.2","33.6","46.7","47.0","47.0","44.7","49.3","47.2","45.7","46.2","12.0","13.0","13.0","10.0","15.0","18.0","True","최종추천가능","","2026년 서울 아파트 실거래(취소제외), 면적구간별 중앙값","v2 행정동 통근시간을 KIKmix 가중치로 법정동 환산; GBD 6개·YBD 여의동·CBD 3개 핵심 행정동","기준=통근35+방어30+3040 25+유동성10","대화기록_1조프로젝트_데이터검증_20260829.md","7.0","0.78","11.1","32","30.0","59.2","방어력(실측)","47.0","최종추천가능","True"
"v4.0_20260902","법정동×면적구간","강서구","방화동","11500109.0","59㎡급(55~65)","7억 이하","109","65000.0","6.5","1097.95848344484","39000","94500","20260110","20260815","충분(10건+)","74.9","49.1","68.4","64.1","71.7","74.9","62.0","74.9","58.8","68.4","4","4","검증완료_v2기준","-33.1","80.3","20213.0","20223.0","20261.0","21.0","1869.0","False","검증완료","30.83","20261","36.4","49.1","49.5","67.7","8.7","44.5","44.3","47.3","46.6","46.6","44.7","47.2","36.9","49.4","49.4","14.0","14.0","16.0","25.0","12.0","11.0","True","최종추천가능","","2026년 서울 아파트 실거래(취소제외), 면적구간별 중앙값","v2 행정동 통근시간을 KIKmix 가중치로 법정동 환산; GBD 6개·YBD 여의동·CBD 3개 핵심 행정동","기준=통근35+방어30+3040 25+유동성10","대화기록_1조프로젝트_데이터검증_20260829.md","7.0","0.5","7.1","34","25.6","49.1","방어력(실측)","46.6","최종추천가능","True"
"v4.0_20260902","법정동×면적구간","금천구","시흥동","11545103.0","59㎡급(55~65)","7억 이하","114","45500.0","4.55","759.53593718346","30000","90000","20260103","20260815","충분(10건+)","68.5","55.2","74.4","66.0","71.4","74.4","61.9","68.5","64.8","74.4","5","5","검증완료_v2기준","-23.1","60.7","20214.0","20232.0","20261.0","21.0","1661.0","False","검증완료","25.52","20261","31.8","64.6","37.0","68.5","9.3","44.8","32.9","46.8","46.6","46.6","43.1","49.6","38.7","51.2","47.0","13.0","16.0","12.0","24.0","10.0","14.0","True","최종추천가능","","2026년 서울 아파트 실거래(취소제외), 면적구간별 중앙값","v2 행정동 통근시간을 KIKmix 가중치로 법정동 환산; GBD 6개·YBD 여의동·CBD 3개 핵심 행정동","기준=통근35+방어30+3040 25+유동성10","대화기록_1조프로젝트_데이터검증_20260829.md","7.0","2.45","35.0","9","82.2","64.6","방어력(실측)","46.6","최종추천가능","True"
"v4.0_20260902","법정동×면적구간","은평구","신사동","11380109.0","59㎡급(55~65)","7억 이하","60","54750.0","5.48","889.928703035372","38750","77500","20260110","20260822","충분(10건+)","78.8","53.8","55.8","62.8","67.3","78.8","66.4","78.8","54.8","55.8","2","2","검증완료_v2기준","-31.0","30.1","20221.0","20232.0","20261.0","21.0","716.0","False","검증완료","28.85","20261","39.6","52.3","44.8","57.7","19.5","35.8","51.9","46.3","46.5","46.5","45.0","47.5","39.5","45.2","50.8","15.0","12.0","15.0","21.0","16.0","8.0","True","최종추천가능","","2026년 서울 아파트 실거래(취소제외), 면적구간별 중앙값","v2 행정동 통근시간을 KIKmix 가중치로 법정동 환산; GBD 6개·YBD 여의동·CBD 3개 핵심 행정동","기준=통근35+방어30+3040 25+유동성10","대화기록_1조프로젝트_데이터검증_20260829.md","7.0","1.52","21.7","18","61.1","52.3","방어력(실측)","46.5","최종추천가능","True"
"v4.0_20260902","법정동×면적구간","은평구","역촌동","11380108.0","59㎡급(55~65)","7억 이하","13","53500.0","5.35","838.295205264807","18000","90000","20260107","20260822","충분(10건+)","77.9","55.1","53.5","62.2","65.7","77.9","66.5","77.9","54.3","55.1","1","1","검증완료_v2기준","-28.4","22.2","20244.0","20253.0","20261.0","18.0","294.0","False","검증완료","28.5","20261","41.2","56.4","44.0","32.9","23.5","35.5","52.9","45.3","45.6","45.6","44.0","47.0","39.4","43.6","49.7","16.0","15.0","17.0","22.0","18.0","9.0","True","최종추천가능","","2026년 서울 아파트 실거래(취소제외), 면적구간별 중앙값","v2 행정동 통근시간을 KIKmix 가중치로 법정동 환산; GBD 6개·YBD 여의동·CBD 3개 핵심 행정동","기준=통근35+방어30+3040 25+유동성10","대화기록_1조프로젝트_데이터검증_20260829.md","7.0","1.65","23.6","17","64.4","56.4","방어력(실측)","45.6","최종추천가능","True"
"v4.0_20260902","법정동×면적구간","구로구","고척동","11530106.0","59㎡급(55~65)","7억 이하","131","60000.0","6.0","1001.001001001","31000","120000","20260105","20260815","충분(10건+)","76.9","47.6","67.9","64.1","72.4","76.9","62.2","76.9","57.8","67.9","2","2","검증완료_v2기준","-32.2","56.8","20214.0","20223.0","20261.0","21.0","1287.0","False","검증완료","25.89","20261","36.4","50.5","37.9","70.8","6.8","44.0","46.2","45.1","44.4","44.4","43.0","45.8","34.1","47.1","47.9","17.0","17.0","19.0","26.0","14.0","13.0","True","최종추천가능","","2026년 서울 아파트 실거래(취소제외), 면적구간별 중앙값","v2 행정동 통근시간을 KIKmix 가중치로 법정동 환산; GBD 6개·YBD 여의동·CBD 3개 핵심 행정동","기준=통근35+방어30+3040 25+유동성10","대화기록_1조프로젝트_데이터검증_20260829.md","7.0","1.0","14.3","28","37.8","50.5","방어력(실측)","44.4","최종추천가능","True"
"v4.0_20260902","법정동×면적구간","중랑구","망우동","11260105.0","59㎡급(55~65)","7억 이하","34","52650.0","5.26","881.024096385542","42000","88000","20260115","20260817","충분(10건+)","58.4","85.8","63.7","69.3","61.0","63.7","72.1","85.8","74.8","85.8","2","2","검증완료_v2기준","-17.0","0.0","20253.0","20261.0","20261.0","21.0","501.0","False","검증완료","25.0","20261","23.8","74.1","35.8","48.4","35.1","24.4","14.0","43.9","44.3","44.3","38.7","48.8","48.3","44.6","40.9","18.0","21.0","14.0","9.0","17.0","25.0","True","최종추천가능","","2026년 서울 아파트 실거래(취소제외), 면적구간별 중앙값","v2 행정동 통근시간을 KIKmix 가중치로 법정동 환산; GBD 6개·YBD 여의동·CBD 3개 핵심 행정동","기준=통근35+방어30+3040 25+유동성10","대화기록_1조프로젝트_데이터검증_20260829.md","7.0","1.74","24.9","16","66.7","74.1","방어력(실측)","44.3","최종추천가능","True"
"v4.0_20260902","법정동×면적구간","도봉구","창동","11320107.0","59㎡급(55~65)","7억 이하","225","68000.0","6.8","1150.76717811875","27000","91800","20260103","20260823","충분(10건+)","77.0","75.4","56.3","69.6","66.6","77.0","76.2","77.0","65.8","75.4","5","5","검증완료_v2기준","-27.7","29.3","20221.0","20224.0","20261.0","21.0","3131.0","False","검증완료","27.18","20261","23.1","57.5","40.9","79.9","21.2","16.2","30.9","43.6","43.6","43.6","39.2","46.1","42.9","41.1","46.3","19.0","19.0","18.0","14.0","21.0","16.0","True","최종추천가능","","2026년 서울 아파트 실거래(취소제외), 면적구간별 중앙값","v2 행정동 통근시간을 KIKmix 가중치로 법정동 환산; GBD 6개·YBD 여의동·CBD 3개 핵심 행정동","기준=통근35+방어30+3040 25+유동성10","대화기록_1조프로젝트_데이터검증_20260829.md","7.0","0.2","2.9","41","10.0","57.5","방어력(실측)","43.6","최종추천가능","True"
"v4.0_20260902","법정동×면적구간","중랑구","신내동","11260106.0","59㎡급(55~65)","7억 이하","141","54800.0","5.48","919.993978221233","31500","79000","20260101","20260819","충분(10건+)","65.0","79.0","61.2","68.4","63.1","65.0","72.0","79.0","70.1","79.0","2","2","검증완료_v2기준","-29.0","43.7","20214.0","20231.0","20261.0","21.0","2051.0","False","검증완료","26.26","20261","26.0","55.5","38.7","72.0","30.0","24.5","22.9","42.7","42.6","42.6","39.0","44.9","44.0","42.1","41.5","20.0","20.0","22.0","11.0","19.0","23.0","True","최종추천가능","","2026년 서울 아파트 실거래(취소제외), 면적구간별 중앙값","v2 행정동 통근시간을 KIKmix 가중치로 법정동 환산; GBD 6개·YBD 여의동·CBD 3개 핵심 행정동","기준=통근35+방어30+3040 25+유동성10","대화기록_1조프로젝트_데이터검증_20260829.md","7.0","1.52","21.7","18","61.1","55.5","방어력(실측)","42.6","최종추천가능","True"
"v4.0_20260902","법정동×면적구간","강북구","번동","11305102.0","59㎡급(55~65)","7억 이하","52","47500.0","4.75","796.65422314394","30000","58500","20260117","20260822","충분(10건+)","76.9","74.5","55.0","68.8","66.0","76.9","75.7","76.9","64.8","74.5","3","3","검증완료_v2기준","-27.9","48.4","20233.0","20241.0","20261.0","19.0","833.0","False","검증완료","27.55","20261","24.9","57.2","41.8","55.4","22.8","17.1","32.9","41.9","41.9","41.9","37.8","44.2","41.1","39.1","44.7","21.0","22.0","23.0","17.0","25.0","20.0","True","최종추천가능","","2026년 서울 아파트 실거래(취소제외), 면적구간별 중앙값","v2 행정동 통근시간을 KIKmix 가중치로 법정동 환산; GBD 6개·YBD 여의동·CBD 3개 핵심 행정동","기준=통근35+방어30+3040 25+유동성10","대화기록_1조프로젝트_데이터검증_20260829.md","7.0","2.25","32.1","10","80.0","57.2","방어력(실측)","41.9","최종추천가능","True"
"v4.0_20260902","법정동×면적구간","도봉구","쌍문동","11320105.0","59㎡급(55~65)","7억 이하","79","44800.0","4.48","758.377425044092","28500","66000","20260109","20260818","충분(10건+)","79.6","75.8","57.8","71.1","68.7","79.6","77.7","79.6","66.8","75.8","4","4","검증완료_v2기준","-24.1","19.2","20221.0","20234.0","20261.0","21.0","1448.0","False","검증완료","26.31","20261","19.3","63.1","38.8","62.3","15.9","13.1","29.1","41.8","41.6","41.6","36.3","45.0","40.4","39.4","45.0","22.0","25.0","21.0","20.0","24.0","19.0","True","최종추천가능","","2026년 서울 아파트 실거래(취소제외), 면적구간별 중앙값","v2 행정동 통근시간을 KIKmix 가중치로 법정동 환산; GBD 6개·YBD 여의동·CBD 3개 핵심 행정동","기준=통근35+방어30+3040 25+유동성10","대화기록_1조프로젝트_데이터검증_20260829.md","7.0","2.52","36.0","7","86.7","63.1","방어력(실측)","41.6","최종추천가능","True"
"v4.0_20260902","법정동×면적구간","노원구","하계동","11350104.0","59㎡급(55~65)","7억 이하","72","65900.0","6.59","1127.13369471297","42000","88000","20260123","20260807","충분(10건+)","64.2","79.8","63.0","69.0","63.6","64.2","72.0","79.8","71.4","79.8","2","2","검증완료_v2기준","-23.4","36.9","20221.0","20232.0","20261.0","21.0","1738.0","False","검증완료","22.76","20261","24.4","64.2","30.5","60.8","28.6","24.5","20.3","41.3","41.5","41.5","37.2","45.2","43.0","41.5","40.1","23.0","23.0","20.0","13.0","20.0","27.0","True","최종추천가능","","2026년 서울 아파트 실거래(취소제외), 면적구간별 중앙값","v2 행정동 통근시간을 KIKmix 가중치로 법정동 환산; GBD 6개·YBD 여의동·CBD 3개 핵심 행정동","기준=통근35+방어30+3040 25+유동성10","대화기록_1조프로젝트_데이터검증_20260829.md","7.0","0.41","5.9","36","22.2","64.2","방어력(실측)","41.5","최종추천가능","True"
"v4.0_20260902","법정동×면적구간","노원구","상계동","11350105.0","59㎡급(55~65)","7억 이하","743","60000.0","6.0","1024.79338842975","27310","103000","20260103","20260821","충분(10건+)","72.4","84.5","62.6","73.1","67.5","72.4","78.4","84.5","73.5","84.5","9","9","검증완료_v2기준","-29.5","41.4","20214.0","20244.0","20261.0","21.0","7176.0","False","검증완료","25.07","20261","14.3","54.7","35.9","100.0","19.1","11.7","16.3","40.6","40.4","40.4","35.3","43.4","42.1","39.5","41.1","24.0","26.0","24.0","16.0","22.0","24.0","True","최종추천가능","","2026년 서울 아파트 실거래(취소제외), 면적구간별 중앙값","v2 행정동 통근시간을 KIKmix 가중치로 법정동 환산; GBD 6개·YBD 여의동·CBD 3개 핵심 행정동","기준=통근35+방어30+3040 25+유동성10","대화기록_1조프로젝트_데이터검증_20260829.md","7.0","1.0","14.3","28","37.8","54.7","방어력(실측)","40.4","최종추천가능","True"
"v4.0_20260902","법정동×면적구간","성북구","정릉동","11290133.0","59㎡급(55~65)","7억 이하","206","62250.0","6.22","1041.85770893772","35000","90000","20260102","20260822","충분(10건+)","69.4","69.3","46.7","61.8","58.1","69.4","69.4","69.4","58.0","69.3","4","4","검증완료_v2기준","-45.0","15.2","20224.0","20232.0","20261.0","21.0","2097.0","False","검증완료","24.56","20261","42.1","30.5","34.7","78.4","42.4","29.8","45.8","39.7","40.4","40.4","41.9","39.6","40.5","36.1","41.7","25.0","18.0","26.0","19.0","26.0","22.0","True","최종추천가능","","2026년 서울 아파트 실거래(취소제외), 면적구간별 중앙값","v2 행정동 통근시간을 KIKmix 가중치로 법정동 환산; GBD 6개·YBD 여의동·CBD 3개 핵심 행정동","기준=통근35+방어30+3040 25+유동성10","대화기록_1조프로젝트_데이터검증_20260829.md","7.0","0.78","11.1","32","30.0","30.5","방어력(실측)","40.4","최종추천가능","True"
"v4.0_20260902","법정동×면적구간","노원구","중계동","11350106.0","59㎡급(55~65)","7억 이하","170","66500.0","6.65","1118.74514413475","44000","90000","20260103","20260810","충분(10건+)","73.4","85.0","65.9","74.8","69.7","73.4","79.2","85.0","75.4","85.0","4","4","검증완료_v2기준","-25.5","38.5","20214.0","20224.0","20261.0","21.0","3951.0","False","검증완료","27.16","20261","10.3","60.9","40.8","75.2","13.6","10.1","12.7","39.7","39.6","39.6","33.0","43.1","40.8","39.5","40.4","26.0","27.0","25.0","18.0","23.0","26.0","True","최종추천가능","","2026년 서울 아파트 실거래(취소제외), 면적구간별 중앙값","v2 행정동 통근시간을 KIKmix 가중치로 법정동 환산; GBD 6개·YBD 여의동·CBD 3개 핵심 행정동","기준=통근35+방어30+3040 25+유동성10","대화기록_1조프로젝트_데이터검증_20260829.md","7.0","0.35","5.0","39","15.6","60.9","방어력(실측)","39.6","최종추천가능","True"
"v4.0_20260902","법정동×면적구간","은평구","구산동","11380105.0","59㎡급(55~65)","7억 이하","14","48250.0","4.82","804.971638304972","38500","60000","20260208","20260803","충분(10건+)","80.0","61.5","53.0","64.8","66.5","80.0","70.8","80.0","57.2","61.5","1","1","검증완료_v2기준","-39.4","80.4","20213.0","20232.0","20261.0","20.0","373.0","False","검증완료","27.65","20261","34.7","39.3","42.0","34.0","21.5","27.0","47.2","37.5","37.8","37.8","37.0","37.9","33.2","35.1","42.2","27.0","24.0","28.0","28.0","27.0","21.0","True","최종추천가능","","2026년 서울 아파트 실거래(취소제외), 면적구간별 중앙값","v2 행정동 통근시간을 KIKmix 가중치로 법정동 환산; GBD 6개·YBD 여의동·CBD 3개 핵심 행정동","기준=통근35+방어30+3040 25+유동성10","대화기록_1조프로젝트_데이터검증_20260829.md","7.0","2.18","31.1","11","77.8","39.3","방어력(실측)","37.8","최종추천가능","True"
"v4.0_20260902","법정동×면적구간","도봉구","방학동","11320106.0","59㎡급(55~65)","7억 이하","57","41700.0","4.17","675.024108003857","34500","75000","20260102","20260813","충분(10건+)","84.6","83.4","64.1","77.3","74.3","84.6","84.0","84.6","73.7","83.4","3","3","검증완료_v2기준","-24.7","32.3","20222.0","20241.0","20261.0","21.0","1541.0","False","검증완료","23.98","20261","4.0","62.1","33.4","56.9","2.0","0.6","15.9","34.1","34.1","34.1","26.8","38.4","33.4","32.9","38.2","28.0","30.0","27.0","27.0","29.0","28.0","True","최종추천가능","","2026년 서울 아파트 실거래(취소제외), 면적구간별 중앙값","v2 행정동 통근시간을 KIKmix 가중치로 법정동 환산; GBD 6개·YBD 여의동·CBD 3개 핵심 행정동","기준=통근35+방어30+3040 25+유동성10","대화기록_1조프로젝트_데이터검증_20260829.md","7.0","2.83","40.4","6","88.9","62.1","방어력(실측)","34.1","최종추천가능","True"
"v4.0_20260902","법정동×면적구간","강북구","수유동","11305103.0","59㎡급(55~65)","7억 이하","35","55500.0","5.55","870.178739416745","40000","62000","20260124","20260730","충분(10건+)","81.4","74.8","55.5","70.5","68.4","81.4","78.1","81.4","65.1","74.8","5","5","검증완료_v2기준","-42.2","38.7","20224.0","20251.0","20261.0","21.0","685.0","False","검증완료","26.54","20261","20.7","34.9","39.4","48.8","16.7","12.4","32.3","32.5","32.4","32.4","30.1","32.9","31.0","29.5","36.5","29.0","28.0","29.0","30.0","30.0","29.0","True","최종추천가능","","2026년 서울 아파트 실거래(취소제외), 면적구간별 중앙값","v2 행정동 통근시간을 KIKmix 가중치로 법정동 환산; GBD 6개·YBD 여의동·CBD 3개 핵심 행정동","기준=통근35+방어30+3040 25+유동성10","대화기록_1조프로젝트_데이터검증_20260829.md","7.0","1.45","20.7","20","56.7","34.9","방어력(실측)","32.4","최종추천가능","True"
"v4.0_20260902","법정동×면적구간","송파구","마천동","11710114.0","59㎡급(55~65)","7억 이하","21","69000.0","6.9","1156.35997988939","60000","123000","20260110","20260731","충분(10건+)","62.0","79.2","74.3","71.8","68.1","74.3","70.6","79.2","76.8","79.2","2","2","검증완료_v2기준","-40.3","71.1","20213.0","20214.0","20261.0","16.0","253.0","False","검증완료","24.77","20261","17.6","37.9","35.2","40.5","17.4","27.4","10.2","30.1","30.4","30.4","27.5","31.5","30.3","33.8","27.8","30.0","29.0","31.0","31.0","28.0","31.0","True","최종추천가능","","2026년 서울 아파트 실거래(취소제외), 면적구간별 중앙값","v2 행정동 통근시간을 KIKmix 가중치로 법정동 환산; GBD 6개·YBD 여의동·CBD 3개 핵심 행정동","기준=통근35+방어30+3040 25+유동성10","대화기록_1조프로젝트_데이터검증_20260829.md","7.0","0.1","1.4","44","3.3","37.9","방어력(실측)","30.4","최종추천가능","True"
"v4.0_20260902","법정동×면적구간","도봉구","도봉동","11320108.0","59㎡급(55~65)","7억 이하","28","48850.0","4.88","819.148154821718","36800","62800","20260106","20260806","충분(10건+)","76.6","88.6","66.6","77.3","71.6","76.6","82.6","88.6","77.6","88.6","2","2","검증완료_v2기준","-32.5","31.9","20221.0","20231.0","20261.0","21.0","1067.0","False","검증완료","24.45","20261","4.1","50.0","34.5","45.2","8.7","3.3","8.5","29.4","29.6","29.6","23.5","32.7","31.2","29.3","31.1","31.0","31.0","30.0","29.0","31.0","30.0","True","최종추천가능","","2026년 서울 아파트 실거래(취소제외), 면적구간별 중앙값","v2 행정동 통근시간을 KIKmix 가중치로 법정동 환산; GBD 6개·YBD 여의동·CBD 3개 핵심 행정동","기준=통근35+방어30+3040 25+유동성10","대화기록_1조프로젝트_데이터검증_20260829.md","7.0","2.12","30.3","12","75.6","50.0","방어력(실측)","29.6","최종추천가능","True"
"v4.0_20260902","법정동×면적구간","서대문구","연희동","11410117.0","59㎡급(55~65)","7~9억","42","80000.0","8.0","1342.36049133186","16000","105000","20260113","20260804","충분(10건+)","72.3","43.3","46.3","54.0","59.3","72.3","57.8","72.3","44.8","46.3","1","1","검증완료_v2기준","-0.4","0.0","20254.0","20261.0","20261.0","19.0","477.0","False","검증완료","28.94","20261","61.4","100.0","45.0","51.8","39.4","52.9","70.9","67.5","67.9","67.9","64.9","72.6","60.2","64.9","71.2","1.0","2.0","1.0","1.0","2.0","1.0","True","최종추천가능","","2026년 서울 아파트 실거래(취소제외), 면적구간별 중앙값","v2 행정동 통근시간을 KIKmix 가중치로 법정동 환산; GBD 6개·YBD 여의동·CBD 3개 핵심 행정동","기준=통근35+방어30+3040 25+유동성10","대화기록_1조프로젝트_데이터검증_20260829.md","9.0","1.0","11.1","22","47.5","100.0","방어력(실측)","67.9","최종추천가능","True"
"v4.0_20260902","법정동×면적구간","마포구","망원동","11440123.0","59㎡급(55~65)","7~9억","43","75000.0","7.5","1292.31282307821","52000","165000","20260110","20260731","충분(10건+)","68.3","39.6","50.2","52.7","59.3","68.3","53.9","68.3","44.9","50.2","2","2","검증완료_v2기준","-11.2","0.0","20254.0","20261.0","20261.0","20.0","569.0","False","검증완료","33.02","20261","64.5","83.2","54.6","52.2","39.4","60.6","70.7","66.6","66.4","66.4","65.0","68.8","57.6","65.0","68.6","2.0","1.0","2.0","4.0","1.0","2.0","True","최종추천가능","","2026년 서울 아파트 실거래(취소제외), 면적구간별 중앙값","v2 행정동 통근시간을 KIKmix 가중치로 법정동 환산; GBD 6개·YBD 여의동·CBD 3개 핵심 행정동","기준=통근35+방어30+3040 25+유동성10","대화기록_1조프로젝트_데이터검증_20260829.md","9.0","1.5","16.7","8","78.8","83.2","방어력(실측)","66.4","최종추천가능","True"
"v4.0_20260902","법정동×면적구간","강서구","화곡동","11500103.0","59㎡급(55~65)","7~9억","117","81000.0","8.1","1365.01516683519","14600","145500","20260108","20260813","충분(10건+)","73.8","44.4","61.8","60.0","67.8","73.8","59.1","73.8","53.1","61.8","8","8","검증완료_v2기준","-9.0","0.0","20254.0","20261.0","20261.0","21.0","2739.0","False","검증완료","33.51","20261","46.6","86.6","55.8","68.9","18.3","50.3","55.2","63.0","63.1","63.1","58.7","66.7","53.2","64.4","66.1","3.0","5.0","3.0","9.0","3.0","3.0","True","최종추천가능","","2026년 서울 아파트 실거래(취소제외), 면적구간별 중앙값","v2 행정동 통근시간을 KIKmix 가중치로 법정동 환산; GBD 6개·YBD 여의동·CBD 3개 핵심 행정동","기준=통근35+방어30+3040 25+유동성10","대화기록_1조프로젝트_데이터검증_20260829.md","9.0","0.9","10.0","23","45.0","86.6","방어력(실측)","63.1","최종추천가능","True"
"v4.0_20260902","법정동×면적구간","서대문구","홍제동","11410111.0","59㎡급(55~65)","7~9억","199","86000.0","8.6","1435.00750876022","28000","162000","20260103","20260822","충분(10건+)","62.8","49.6","37.2","49.9","50.0","62.8","56.2","62.8","43.4","49.6","3","3","검증완료_v2기준","-29.9","86.6","20213.0","20224.0","20261.0","21.0","1944.0","False","검증완료","27.18","20261","71.4","54.0","40.9","77.8","62.4","56.1","73.5","58.9","59.2","59.2","62.5","59.0","56.0","53.8","59.9","4.0","4.0","8.0","5.0","8.0","6.0","True","최종추천가능","","2026년 서울 아파트 실거래(취소제외), 면적구간별 중앙값","v2 행정동 통근시간을 KIKmix 가중치로 법정동 환산; GBD 6개·YBD 여의동·CBD 3개 핵심 행정동","기준=통근35+방어30+3040 25+유동성10","대화기록_1조프로젝트_데이터검증_20260829.md","9.0","0.4","4.4","33","20.0","54.0","방어력(실측)","59.2","최종추천가능","True"
"v4.0_20260902","법정동×면적구간","서대문구","홍은동","11410118.0","59㎡급(55~65)","7~9억","146","72750.0","7.28","1224.01971684827","42000","127000","20260104","20260819","충분(10건+)","72.4","52.4","46.4","57.1","59.4","72.4","62.4","72.4","49.4","52.4","2","2","검증완료_v2기준","-16.1","0.0","20253.0","20261.0","20261.0","21.0","1311.0","False","검증완료","26.76","20261","53.7","75.5","39.9","72.6","39.1","43.6","62.2","58.5","58.7","58.7","57.2","61.6","53.6","55.1","61.7","5.0","7.0","4.0","8.0","7.0","4.0","True","최종추천가능","","2026년 서울 아파트 실거래(취소제외), 면적구간별 중앙값","v2 행정동 통근시간을 KIKmix 가중치로 법정동 환산; GBD 6개·YBD 여의동·CBD 3개 핵심 행정동","기준=통근35+방어30+3040 25+유동성10","대화기록_1조프로젝트_데이터검증_20260829.md","9.0","1.72","19.1","6","87.5","75.5","방어력(실측)","58.7","최종추천가능","True"
"v4.0_20260902","법정동×면적구간","성북구","동소문동7가","11290110.0","59㎡급(55~65)","7~9억","16","89100.0","8.91","1485.99066044029","76000","95000","20260202","20260727","충분(10건+)","62.4","61.3","36.6","53.4","49.5","62.4","61.8","62.4","49.0","61.3","1","1","검증완료_v2기준","-16.6","35.5","20212.0","20254.0","20261.0","9.0","79.0","False","검증완료","27.71","20261","62.7","74.8","42.1","36.2","63.7","44.8","63.0","57.9","58.5","58.5","58.4","60.8","58.9","52.3","58.6","6.0","6.0","6.0","3.0","9.0","7.0","True","최종추천가능","","2026년 서울 아파트 실거래(취소제외), 면적구간별 중앙값","v2 행정동 통근시간을 KIKmix 가중치로 법정동 환산; GBD 6개·YBD 여의동·CBD 3개 핵심 행정동","기준=통근35+방어30+3040 25+유동성10","대화기록_1조프로젝트_데이터검증_20260829.md","9.0","0.09","1.0","38","7.5","74.8","방어력(실측)","58.5","최종추천가능","True"
"v4.0_20260902","법정동×면적구간","양천구","신정동","11470101.0","59㎡급(55~65)","7~9억","133","77000.0","7.7","1289.13443830571","42000","202000","20260102","20260818","충분(10건+)","70.9","41.2","58.2","56.8","64.5","70.9","56.1","70.9","49.7","58.2","6","6","검증완료_v2기준","-20.9","0.0","20234.0","20261.0","20261.0","21.0","4422.0","False","검증완료","28.65","20261","54.5","68.1","44.4","71.0","26.3","56.3","61.6","57.6","57.7","57.7","56.8","59.6","47.8","58.3","60.2","7.0","8.0","7.0","15.0","4.0","5.0","True","최종추천가능","","2026년 서울 아파트 실거래(취소제외), 면적구간별 중앙값","v2 행정동 통근시간을 KIKmix 가중치로 법정동 환산; GBD 6개·YBD 여의동·CBD 3개 핵심 행정동","기준=통근35+방어30+3040 25+유동성10","대화기록_1조프로젝트_데이터검증_20260829.md","9.0","1.3","14.4","15","63.8","68.1","방어력(실측)","57.7","최종추천가능","True"
"v4.0_20260902","법정동×면적구간","중랑구","중화동","11260103.0","59㎡급(55~65)","7~9억","47","83500.0","8.35","1397.25568942436","41500","127000","20260105","20260718","충분(10건+)","55.1","73.4","56.4","61.6","55.7","56.4","64.2","73.4","64.9","73.4","2","2","검증완료_v2기준","-8.3","0.0","20254.0","20261.0","20261.0","20.0","506.0","False","검증완료","27.32","20261","42.6","87.7","41.2","53.7","48.2","40.0","32.7","56.4","56.9","56.9","52.4","61.5","58.9","56.0","53.4","8.0","12.0","5.0","2.0","5.0","13.0","True","최종추천가능","","2026년 서울 아파트 실거래(취소제외), 면적구간별 중앙값","v2 행정동 통근시간을 KIKmix 가중치로 법정동 환산; GBD 6개·YBD 여의동·CBD 3개 핵심 행정동","기준=통근35+방어30+3040 25+유동성10","대화기록_1조프로젝트_데이터검증_20260829.md","9.0","0.65","7.2","30","26.2","87.7","방어력(실측)","56.9","최종추천가능","True"
"v4.0_20260902","법정동×면적구간","성북구","돈암동","11290103.0","59㎡급(55~65)","7~9억","127","82000.0","8.2","1366.89448241374","54500","108000","20260106","20260803","충분(10건+)","64.4","61.4","40.5","55.4","52.4","64.4","62.9","64.4","51.0","61.4","6","6","검증완료_v2기준","-25.8","75.6","20214.0","20231.0","20261.0","21.0","1865.0","False","검증완료","27.53","20261","57.8","60.4","41.7","70.3","56.4","42.7","59.2","55.1","55.8","55.8","56.4","56.9","55.3","50.5","56.3","9.0","9.0","9.0","7.0","12.0","10.0","True","최종추천가능","","2026년 서울 아파트 실거래(취소제외), 면적구간별 중앙값","v2 행정동 통근시간을 KIKmix 가중치로 법정동 환산; GBD 6개·YBD 여의동·CBD 3개 핵심 행정동","기준=통근35+방어30+3040 25+유동성10","대화기록_1조프로젝트_데이터검증_20260829.md","9.0","0.8","8.9","25","40.0","60.4","방어력(실측)","55.8","최종추천가능","True"
"v4.0_20260902","법정동×면적구간","서대문구","현저동","11410109.0","59㎡급(55~65)","7~9억","33","72000.0","7.2","1212.12121212121","61000","138600","20260117","20260813","충분(10건+)","62.3","39.3","31.2","44.3","46.8","62.3","50.8","62.3","35.2","39.3","1","1","검증완료_v2기준","-38.0","85.0","20212.0","20232.0","20261.0","14.0","255.0","False","검증완료","24.61","20261","85.2","41.4","34.8","47.9","70.5","66.8","89.1","55.5","55.7","55.7","62.6","53.9","50.6","49.3","57.1","10.0","3.0","12.0","13.0","14.0","8.0","True","최종추천가능","","2026년 서울 아파트 실거래(취소제외), 면적구간별 중앙값","v2 행정동 통근시간을 KIKmix 가중치로 법정동 환산; GBD 6개·YBD 여의동·CBD 3개 핵심 행정동","기준=통근35+방어30+3040 25+유동성10","대화기록_1조프로젝트_데이터검증_20260829.md","9.0","1.8","20.0","3","93.8","41.4","방어력(실측)","55.7","최종추천가능","True"
"v4.0_20260902","법정동×면적구간","광진구","화양동","11215107.0","59㎡급(55~65)","7~9억","12","72500.0","7.25","1225.38358454441","50000","115000","20260330","20260715","충분(10건+)","40.9","64.4","47.1","50.8","44.0","47.1","52.6","64.4","55.8","64.4","1","1","검증완료_v2기준","-34.3","37.4","20224.0","20241.0","20261.0","21.0","306.0","False","검증완료","29.08","20261","69.1","47.2","45.4","31.6","77.3","63.1","50.1","52.4","52.9","52.9","56.2","51.8","55.7","50.8","46.2","11.0","10.0","13.0","6.0","11.0","21.0","True","최종추천가능","","2026년 서울 아파트 실거래(취소제외), 면적구간별 중앙값","v2 행정동 통근시간을 KIKmix 가중치로 법정동 환산; GBD 6개·YBD 여의동·CBD 3개 핵심 행정동","기준=통근35+방어30+3040 25+유동성10","대화기록_1조프로젝트_데이터검증_20260829.md","9.0","1.75","19.4","5","90.0","47.2","방어력(실측)","52.9","최종추천가능","True"
"v4.0_20260902","법정동×면적구간","은평구","응암동","11380107.0","59㎡급(55~65)","7~9억","226","87600.0","8.76","1465.40924390558","41000","142000","20260102","20260820","충분(10건+)","77.8","54.0","51.9","61.2","64.8","77.8","65.9","77.8","53.0","54.0","3","3","검증완료_v2기준","-25.0","67.5","20214.0","20234.0","20261.0","21.0","2658.0","False","검증완료","28.26","20261","43.5","61.7","43.4","79.9","25.6","36.7","55.4","52.6","52.6","52.6","50.8","54.4","46.3","50.2","56.7","12.0","13.0","11.0","19.0","13.0","9.0","True","최종추천가능","","2026년 서울 아파트 실거래(취소제외), 면적구간별 중앙값","v2 행정동 통근시간을 KIKmix 가중치로 법정동 환산; GBD 6개·YBD 여의동·CBD 3개 핵심 행정동","기준=통근35+방어30+3040 25+유동성10","대화기록_1조프로젝트_데이터검증_20260829.md","9.0","0.24","2.7","36","12.5","61.7","방어력(실측)","52.6","최종추천가능","True"
"v4.0_20260902","법정동×면적구간","구로구","온수동","11530110.0","59㎡급(55~65)","7~9억","17","72000.0","7.2","1200.40013337779","64500","80000","20260130","20260722","충분(10건+)","72.0","53.7","68.4","64.7","70.2","72.0","62.8","72.0","61.0","68.4","1","1","검증완료_v2기준","-12.0","21.1","20243.0","20251.0","20261.0","11.0","141.0","False","검증완료","29.92","20261","35.0","81.9","47.3","37.1","12.3","42.8","40.0","52.6","52.4","52.4","47.1","56.4","44.4","55.1","54.1","13.0","19.0","10.0","22.0","6.0","12.0","True","최종추천가능","","2026년 서울 아파트 실거래(취소제외), 면적구간별 중앙값","v2 행정동 통근시간을 KIKmix 가중치로 법정동 환산; GBD 6개·YBD 여의동·CBD 3개 핵심 행정동","기준=통근35+방어30+3040 25+유동성10","대화기록_1조프로젝트_데이터검증_20260829.md","9.0","1.8","20.0","3","93.8","81.9","방어력(실측)","52.4","최종추천가능","True"
"v4.0_20260902","법정동×면적구간","종로구","창신동","11110174.0","59㎡급(55~65)","7~9억","33","79000.0","7.9","1244.97370862976","51000","92000","20260115","20260713","충분(10건+)","56.0","61.9","34.6","50.8","45.3","56.0","58.9","61.9","48.2","61.9","3","3","검증완료_v2기준","-33.2","62.4","20214.0","20244.0","20261.0","15.0","312.0","False","검증완료","22.87","20261","69.1","48.9","30.8","47.9","74.2","50.6","64.4","51.0","51.3","51.3","55.3","51.2","53.1","44.9","49.7","14.0","11.0","15.0","10.0","21.0","18.0","True","최종추천가능","","2026년 서울 아파트 실거래(취소제외), 면적구간별 중앙값","v2 행정동 통근시간을 KIKmix 가중치로 법정동 환산; GBD 6개·YBD 여의동·CBD 3개 핵심 행정동","기준=통근35+방어30+3040 25+유동성10","대화기록_1조프로젝트_데이터검증_20260829.md","9.0","1.1","12.2","19","52.5","48.9","방어력(실측)","51.3","최종추천가능","True"
"v4.0_20260902","법정동×면적구간","성북구","상월곡동","11290137.0","59㎡급(55~65)","7~9억","32","76750.0","7.68","1280.23352793995","54000","88200","20260111","20260812","충분(10건+)","66.6","61.3","47.7","58.5","57.2","66.6","64.0","66.6","54.5","61.3","1","1","검증완료_v2기준","-25.6","10.0","20213.0","20234.0","20261.0","16.0","280.0","False","검증완료","25.68","20261","50.2","60.7","37.4","47.4","44.7","40.6","52.5","49.4","49.9","49.9","49.5","51.6","47.9","46.5","50.7","15.0","15.0","14.0","14.0","17.0","16.0","True","최종추천가능","","2026년 서울 아파트 실거래(취소제외), 면적구간별 중앙값","v2 행정동 통근시간을 KIKmix 가중치로 법정동 환산; GBD 6개·YBD 여의동·CBD 3개 핵심 행정동","기준=통근35+방어30+3040 25+유동성10","대화기록_1조프로젝트_데이터검증_20260829.md","9.0","1.32","14.7","14","67.5","60.7","방어력(실측)","49.9","최종추천가능","True"
"v4.0_20260902","법정동×면적구간","은평구","불광동","11380103.0","59㎡급(55~65)","7~9억","108","86750.0","8.68","1448.12319426913","36000","109000","20260103","20260814","충분(10건+)","72.2","61.0","45.7","59.6","59.0","72.2","66.6","72.2","53.3","61.0","2","2","검증완료_v2기준","-31.4","70.6","20214.0","20224.0","20261.0","21.0","1111.0","False","검증완료","28.08","20261","47.5","51.7","43.0","67.5","40.2","35.4","54.7","49.3","49.6","49.6","49.4","50.3","47.1","45.4","52.2","16.0","16.0","18.0","17.0","18.0","14.0","True","최종추천가능","","2026년 서울 아파트 실거래(취소제외), 면적구간별 중앙값","v2 행정동 통근시간을 KIKmix 가중치로 법정동 환산; GBD 6개·YBD 여의동·CBD 3개 핵심 행정동","기준=통근35+방어30+3040 25+유동성10","대화기록_1조프로젝트_데이터검증_20260829.md","9.0","0.32","3.6","34","16.2","51.7","방어력(실측)","49.6","최종추천가능","True"
"v4.0_20260902","법정동×면적구간","동대문구","휘경동","11230109.0","59㎡급(55~65)","7~9억","72","82500.0","8.25","1385.74647707068","44730","158000","20260101","20260810","충분(10건+)","57.6","69.2","46.0","57.6","51.8","57.6","63.4","69.2","57.6","69.2","2","2","검증완료_v2기준","-30.7","49.7","20222.0","20231.0","20261.0","20.0","1058.0","False","검증완료","24.4","20261","52.4","52.8","34.4","60.8","57.9","41.6","46.5","48.4","48.9","48.9","49.7","49.8","50.8","45.1","46.8","18.0","14.0","19.0","12.0","20.0","20.0","True","최종추천가능","","2026년 서울 아파트 실거래(취소제외), 면적구간별 중앙값","v2 행정동 통근시간을 KIKmix 가중치로 법정동 환산; GBD 6개·YBD 여의동·CBD 3개 핵심 행정동","기준=통근35+방어30+3040 25+유동성10","대화기록_1조프로젝트_데이터검증_20260829.md","9.0","0.75","8.3","26","37.5","52.8","방어력(실측)","48.9","최종추천가능","True"
"v4.0_20260902","법정동×면적구간","서대문구","북가좌동","11410119.0","59㎡급(55~65)","7~9억","25","83000.0","8.3","1388.88888888889","59500","146000","20260117","20260727","충분(10건+)","82.0","49.4","54.9","62.1","68.4","82.0","65.7","82.0","52.2","54.9","2","2","검증완료_v2기준","-22.9","0.0","20253.0","20261.0","20261.0","21.0","874.0","False","검증완료","27.83","20261","41.4","65.0","42.4","43.3","16.6","37.1","56.9","49.4","48.9","48.9","46.5","51.2","40.2","47.4","54.3","19.0","20.0","16.0","25.0","15.0","11.0","True","최종추천가능","","2026년 서울 아파트 실거래(취소제외), 면적구간별 중앙값","v2 행정동 통근시간을 KIKmix 가중치로 법정동 환산; GBD 6개·YBD 여의동·CBD 3개 핵심 행정동","기준=통근35+방어30+3040 25+유동성10","대화기록_1조프로젝트_데이터검증_20260829.md","9.0","0.7","7.8","27","33.8","65.0","방어력(실측)","48.9","최종추천가능","True"
"v4.0_20260902","법정동×면적구간","중랑구","상봉동","11260102.0","59㎡급(55~65)","7~9억","17","79000.0","7.9","1381.38453199042","57900","101494","20260112","20260706","충분(10건+)","53.6","71.9","52.2","59.3","53.0","53.6","62.8","71.9","62.1","71.9","2","2","검증완료_v2기준","-33.6","20.3","20253.0","20254.0","20261.0","21.0","1253.0","False","검증완료","33.19","20261","48.4","48.3","55.0","37.1","55.1","42.9","38.1","48.4","48.9","48.9","48.6","48.6","51.2","47.0","45.3","17.0","17.0","20.0","11.0","16.0","23.0","True","최종추천가능","","2026년 서울 아파트 실거래(취소제외), 면적구간별 중앙값","v2 행정동 통근시간을 KIKmix 가중치로 법정동 환산; GBD 6개·YBD 여의동·CBD 3개 핵심 행정동","기준=통근35+방어30+3040 25+유동성10","대화기록_1조프로젝트_데이터검증_20260829.md","9.0","1.1","12.2","19","52.5","48.3","방어력(실측)","48.9","최종추천가능","True"
"v4.0_20260902","법정동×면적구간","강북구","미아동","11305101.0","59㎡급(55~65)","7~9억","251","77000.0","7.7","1284.1037956107","41000","119000","20260102","20260824","충분(10건+)","73.1","69.3","51.1","64.5","62.1","73.1","71.2","73.1","60.2","69.3","5","5","검증완료_v2기준","-24.3","41.7","20214.0","20231.0","20261.0","21.0","2883.0","False","검증완료","24.37","20261","35.5","62.8","34.3","81.7","32.3","26.2","41.6","47.9","48.0","48.0","45.3","50.8","46.9","44.8","50.1","21.0","21.0","17.0","18.0","22.0","17.0","True","최종추천가능","","2026년 서울 아파트 실거래(취소제외), 면적구간별 중앙값","v2 행정동 통근시간을 KIKmix 가중치로 법정동 환산; GBD 6개·YBD 여의동·CBD 3개 핵심 행정동","기준=통근35+방어30+3040 25+유동성10","대화기록_1조프로젝트_데이터검증_20260829.md","9.0","1.3","14.4","15","63.8","62.8","방어력(실측)","48.0","최종추천가능","True"
"v4.0_20260902","법정동×면적구간","금천구","독산동","11545102.0","59㎡급(55~65)","7~9억","144","75000.0","7.5","1252.86069859513","31000","110000","20260103","20260808","충분(10건+)","62.3","51.2","67.5","60.3","64.9","67.5","56.7","62.3","59.4","67.5","4","4","검증완료_v2기준","-38.9","20.3","20223.0","20251.0","20261.0","21.0","1654.0","False","검증완료","31.57","20261","45.7","40.0","51.2","72.4","25.5","55.0","43.2","48.3","48.0","48.0","48.3","47.2","41.0","51.3","47.2","20.0","18.0","21.0","24.0","10.0","19.0","True","최종추천가능","","2026년 서울 아파트 실거래(취소제외), 면적구간별 중앙값","v2 행정동 통근시간을 KIKmix 가중치로 법정동 환산; GBD 6개·YBD 여의동·CBD 3개 핵심 행정동","기준=통근35+방어30+3040 25+유동성10","대화기록_1조프로젝트_데이터검증_20260829.md","9.0","1.5","16.7","8","78.8","40.0","방어력(실측)","48.0","최종추천가능","True"
"v4.0_20260902","법정동×면적구간","은평구","진관동","11380114.0","59㎡급(55~65)","7~9억","62","76500.0","7.65","1277.12868995668","55000","98000","20260102","20260815","충분(10건+)","79.9","69.6","52.2","67.2","66.1","79.9","74.8","79.9","60.9","69.6","1","1","검증완료_v2기준","-36.3","53.2","20221.0","20224.0","20261.0","21.0","1357.0","False","검증완료","40.46","20261","28.8","44.1","72.1","58.3","22.6","19.1","40.3","46.8","47.2","47.2","43.5","46.5","45.0","43.8","51.2","22.0","24.0","22.0","20.0","24.0","15.0","True","최종추천가능","","2026년 서울 아파트 실거래(취소제외), 면적구간별 중앙값","v2 행정동 통근시간을 KIKmix 가중치로 법정동 환산; GBD 6개·YBD 여의동·CBD 3개 핵심 행정동","기준=통근35+방어30+3040 25+유동성10","대화기록_1조프로젝트_데이터검증_20260829.md","9.0","1.35","15.0","13","70.0","44.1","방어력(실측)","47.2","최종추천가능","True"
"v4.0_20260902","법정동×면적구간","성북구","석관동","11290139.0","59㎡급(55~65)","7~9억","72","90000.0","9.0","1500.75037518759","44500","126000","20260103","20260812","충분(10건+)","65.6","66.9","50.7","61.1","58.2","65.6","66.2","66.9","58.8","66.9","1","1","검증완료_v2기준","-32.8","30.2","20214.0","20244.0","20261.0","21.0","801.0","False","검증완료","25.27","20261","43.9","49.5","36.4","60.8","42.2","36.0","44.3","44.8","45.4","45.4","45.2","46.3","44.8","42.6","45.5","23.0","22.0","23.0","21.0","25.0","22.0","True","최종추천가능","","2026년 서울 아파트 실거래(취소제외), 면적구간별 중앙값","v2 행정동 통근시간을 KIKmix 가중치로 법정동 환산; GBD 6개·YBD 여의동·CBD 3개 핵심 행정동","기준=통근35+방어30+3040 25+유동성10","대화기록_1조프로젝트_데이터검증_20260829.md","9.0","0.0","0.0","40","1.2","49.5","방어력(실측)","45.4","최종추천가능","True"
"v4.0_20260902","법정동×면적구간","강동구","천호동","11740109.0","59㎡급(55~65)","7~9억","82","81500.0","8.15","1364.43907924752","41000","163500","20260105","20260811","충분(10건+)","53.6","75.4","59.2","62.8","56.4","59.2","64.5","75.4","67.3","75.4","3","3","검증완료_v2기준","-38.8","65.9","20222.0","20223.0","20261.0","21.0","1629.0","False","검증완료","31.75","20261","39.8","40.2","51.6","62.9","46.5","39.5","28.1","45.0","45.2","45.2","44.6","44.6","47.5","45.1","41.1","24.0","23.0","26.0","16.0","19.0","26.0","True","최종추천가능","","2026년 서울 아파트 실거래(취소제외), 면적구간별 중앙값","v2 행정동 통근시간을 KIKmix 가중치로 법정동 환산; GBD 6개·YBD 여의동·CBD 3개 핵심 행정동","기준=통근35+방어30+3040 25+유동성10","대화기록_1조프로젝트_데이터검증_20260829.md","9.0","0.85","9.4","24","42.5","40.2","방어력(실측)","45.2","최종추천가능","True"
"v4.0_20260902","법정동×면적구간","노원구","월계동","11350102.0","59㎡급(55~65)","7~9억","202","83150.0","8.32","1391.15929941618","27000","120000","20260101","20260814","충분(10건+)","70.0","76.1","55.1","67.1","62.6","70.0","73.0","76.1","65.6","76.1","3","3","검증완료_v2기준","-26.3","58.5","20222.0","20224.0","20261.0","21.0","3077.0","False","검증완료","21.93","20261","29.2","59.7","28.5","78.1","31.2","22.4","31.4","42.8","43.1","43.1","40.1","46.2","43.8","40.7","43.8","25.0","25.0","24.0","23.0","26.0","25.0","True","최종추천가능","","2026년 서울 아파트 실거래(취소제외), 면적구간별 중앙값","v2 행정동 통근시간을 KIKmix 가중치로 법정동 환산; GBD 6개·YBD 여의동·CBD 3개 핵심 행정동","기준=통근35+방어30+3040 25+유동성10","대화기록_1조프로젝트_데이터검증_20260829.md","9.0","0.68","7.6","29","30.0","59.7","방어력(실측)","43.1","최종추천가능","True"
"v4.0_20260902","법정동×면적구간","구로구","천왕동","11530111.0","59㎡급(55~65)","7~9억","12","70650.0","7.06","1178.38240107708","69000","75000","20260111","20260724","충분(10건+)","72.2","55.9","67.8","65.3","70.0","72.2","64.0","72.2","61.8","67.8","1","1","검증완료_v2기준","-25.9","58.2","20213.0","20232.0","20261.0","14.0","150.0","False","검증완료","25.14","20261","33.6","60.3","36.1","31.6","12.8","40.4","38.5","42.3","42.0","42.0","39.2","44.6","34.8","44.4","43.8","26.0","26.0","25.0","26.0","23.0","24.0","True","최종추천가능","","2026년 서울 아파트 실거래(취소제외), 면적구간별 중앙값","v2 행정동 통근시간을 KIKmix 가중치로 법정동 환산; GBD 6개·YBD 여의동·CBD 3개 핵심 행정동","기준=통근35+방어30+3040 25+유동성10","대화기록_1조프로젝트_데이터검증_20260829.md","9.0","1.94","21.6","2","97.5","60.3","방어력(실측)","42.0","최종추천가능","True"
"v4.0_20260902","법정동×면적구간","영등포구","당산동1가","11560111.0","59㎡급(55~65)","9~12억","14","110000.0","11.0","1851.85185185185","62700","134500","20260117","20260708","충분(10건+)","58.7","27.2","43.0","43.0","50.8","58.7","43.0","58.7","35.1","43.0","1","1","검증완료_v2기준","-7.0","0.0","20254.0","20261.0","20261.0","9.0","98.0","False","검증완료","35.65","20261","88.4","89.7","60.8","34.0","60.3","82.5","89.4","75.9","76.4","76.4","77.7","78.0","66.6","74.4","76.8","1.0","1.0","2.0","1.0","2.0","2.0","True","최종추천가능","","2026년 서울 아파트 실거래(취소제외), 면적구간별 중앙값","v2 행정동 통근시간을 KIKmix 가중치로 법정동 환산; GBD 6개·YBD 여의동·CBD 3개 핵심 행정동","기준=통근35+방어30+3040 25+유동성10","대화기록_1조프로젝트_데이터검증_20260829.md","12.0","1.0","8.3","32","38.2","89.7","방어력(실측)","76.4","최종추천가능","True"
"v4.0_20260902","법정동×면적구간","영등포구","양평동1가","11560125.0","59㎡급(55~65)","9~12억","12","113850.0","11.38","1869.15054382202","68200","151990","20260105","20260627","충분(10건+)","64.1","30.6","47.8","47.5","56.0","64.1","47.3","64.1","39.2","47.8","1","1","검증완료_v2기준","-1.7","0.0","20254.0","20261.0","20261.0","10.0","172.0","False","검증완료","38.03","20261","77.3","98.0","66.4","31.6","47.7","73.7","81.6","75.6","76.2","76.2","74.7","78.8","65.9","75.0","77.7","2.0","3.0","1.0","2.0","1.0","1.0","True","최종추천가능","","2026년 서울 아파트 실거래(취소제외), 면적구간별 중앙값","v2 행정동 통근시간을 KIKmix 가중치로 법정동 환산; GBD 6개·YBD 여의동·CBD 3개 핵심 행정동","기준=통근35+방어30+3040 25+유동성10","대화기록_1조프로젝트_데이터검증_20260829.md","12.0","0.62","5.2","40","22.5","98.0","방어력(실측)","76.2","최종추천가능","True"
"v4.0_20260902","법정동×면적구간","영등포구","양평동2가","11560126.0","59㎡급(55~65)","9~12억","38","93250.0","9.32","1510.57401812689","58500","120600","20260110","20260729","충분(10건+)","64.1","30.6","47.8","47.5","56.0","64.1","47.3","64.1","39.2","47.8","1","1","검증완료_v2기준","-23.6","59.3","20213.0","20241.0","20261.0","14.0","188.0","False","검증완료","49.43","20261","77.3","63.9","93.2","50.2","47.7","73.7","81.6","73.9","74.5","74.5","75.1","72.4","64.2","73.3","76.0","3.0","2.0","3.0","4.0","3.0","3.0","True","최종추천가능","","2026년 서울 아파트 실거래(취소제외), 면적구간별 중앙값","v2 행정동 통근시간을 KIKmix 가중치로 법정동 환산; GBD 6개·YBD 여의동·CBD 3개 핵심 행정동","기준=통근35+방어30+3040 25+유동성10","대화기록_1조프로젝트_데이터검증_20260829.md","12.0","2.68","22.3","4","94.1","63.9","방어력(실측)","74.5","최종추천가능","True"
"v4.0_20260902","법정동×면적구간","영등포구","문래동6가","11560124.0","59㎡급(55~65)","9~12억","30","94000.0","9.4","1542.87233234602","50000","149500","20260110","20260811","충분(10건+)","61.5","31.5","46.9","46.6","54.2","61.5","46.5","61.5","39.2","46.9","1","1","검증완료_v2기준","-26.2","64.2","20222.0","20244.0","20261.0","18.0","398.0","False","검증완료","48.74","20261","79.4","59.8","91.6","46.3","52.0","75.4","81.6","72.8","73.3","73.3","74.6","70.7","63.7","71.9","74.0","4.0","4.0","4.0","5.0","5.0","4.0","True","최종추천가능","","2026년 서울 아파트 실거래(취소제외), 면적구간별 중앙값","v2 행정동 통근시간을 KIKmix 가중치로 법정동 환산; GBD 6개·YBD 여의동·CBD 3개 핵심 행정동","기준=통근35+방어30+3040 25+유동성10","대화기록_1조프로젝트_데이터검증_20260829.md","12.0","2.6","21.7","7","88.2","59.8","방어력(실측)","73.3","최종추천가능","True"
"v4.0_20260902","법정동×면적구간","강서구","염창동","11500101.0","59㎡급(55~65)","9~12억","144","96750.0","9.68","1619.0957156221","51000","143000","20260101","20260817","충분(10건+)","61.8","31.8","53.5","49.0","57.6","61.8","46.8","61.8","42.6","53.5","1","1","검증완료_v2기준","-25.2","86.6","20214.0","20224.0","20261.0","21.0","1893.0","False","검증완료","44.58","20261","73.5","61.4","81.8","72.4","43.5","74.8","75.0","71.4","71.8","71.8","72.6","70.2","61.3","72.3","72.4","5.0","5.0","5.0","7.0","4.0","5.0","True","최종추천가능","","2026년 서울 아파트 실거래(취소제외), 면적구간별 중앙값","v2 행정동 통근시간을 KIKmix 가중치로 법정동 환산; GBD 6개·YBD 여의동·CBD 3개 핵심 행정동","기준=통근35+방어30+3040 25+유동성10","대화기록_1조프로젝트_데이터검증_20260829.md","12.0","2.32","19.3","10","82.4","61.4","방어력(실측)","71.8","최종추천가능","True"
"v4.0_20260902","법정동×면적구간","관악구","봉천동","11620101.0","59㎡급(55~65)","9~12억","361","102000.0","10.2","1706.77590032429","28000","145000","20260105","20260818","충분(10건+)","43.5","45.6","61.3","50.1","52.4","61.3","44.6","45.6","53.5","61.3","9","9","검증완료_v2기준","-26.8","95.4","20213.0","20224.0","20261.0","21.0","4454.0","False","검증완료","31.7","20261","70.8","58.9","51.5","87.8","56.5","79.3","54.4","64.0","64.1","64.1","66.3","63.9","59.1","67.1","58.4","6.0","7.0","8.0","8.0","6.0","11.0","True","최종추천가능","","2026년 서울 아파트 실거래(취소제외), 면적구간별 중앙값","v2 행정동 통근시간을 KIKmix 가중치로 법정동 환산; GBD 6개·YBD 여의동·CBD 3개 핵심 행정동","기준=통근35+방어30+3040 25+유동성10","대화기록_1조프로젝트_데이터검증_20260829.md","12.0","1.8","15.0","23","56.9","58.9","방어력(실측)","64.1","최종추천가능","True"
"v4.0_20260902","법정동×면적구간","중구","황학동","11140165.0","59㎡급(55~65)","9~12억","49","100000.0","10.0","1669.17042230012","60000","107500","20260106","20260711","충분(10건+)","49.2","55.8","30.7","45.2","40.0","49.2","52.5","55.8","43.2","55.8","1","1","검증완료_v2기준","-33.8","85.1","20213.0","20224.0","20261.0","20.0","531.0","False","검증완료","35.23","20261","82.8","48.0","59.8","54.4","87.4","63.4","73.9","63.2","63.8","63.8","68.4","61.4","65.4","57.0","60.7","7.0","6.0","9.0","3.0","11.0","8.0","True","최종추천가능","","2026년 서울 아파트 실거래(취소제외), 면적구간별 중앙값","v2 행정동 통근시간을 KIKmix 가중치로 법정동 환산; GBD 6개·YBD 여의동·CBD 3개 핵심 행정동","기준=통근35+방어30+3040 25+유동성10","대화기록_1조프로젝트_데이터검증_20260829.md","12.0","2.0","16.7","15","69.6","48.0","방어력(실측)","63.8","최종추천가능","True"
"v4.0_20260902","법정동×면적구간","은평구","수색동","11380101.0","59㎡급(55~65)","9~12억","101","110500.0","11.05","1842.89526350901","63000","136000","20260105","20260817","충분(10건+)","80.1","49.5","58.2","62.6","69.2","80.1","64.8","80.1","53.8","58.2","1","1","검증완료_v2기준","-3.3","0.0","20254.0","20261.0","20261.0","20.0","626.0","False","검증완료","33.26","20261","40.2","95.5","55.2","66.4","14.9","38.9","53.7","63.4","63.2","63.2","56.9","67.9","54.3","62.7","67.9","8.0","14.0","6.0","14.0","7.0","6.0","True","최종추천가능","","2026년 서울 아파트 실거래(취소제외), 면적구간별 중앙값","v2 행정동 통근시간을 KIKmix 가중치로 법정동 환산; GBD 6개·YBD 여의동·CBD 3개 핵심 행정동","기준=통근35+방어30+3040 25+유동성10","대화기록_1조프로젝트_데이터검증_20260829.md","12.0","0.95","7.9","34","35.3","95.5","방어력(실측)","63.2","최종추천가능","True"
"v4.0_20260902","법정동×면적구간","동대문구","전농동","11230104.0","59㎡급(55~65)","9~12억","106","102125.0","10.21","1725.22750252781","62000","163000","20260103","20260811","충분(10건+)","59.4","64.9","46.9","57.1","53.2","59.4","62.2","64.9","55.9","64.9","2","2","검증완료_v2기준","-8.2","17.2","20252.0","20253.0","20261.0","21.0","1353.0","False","검증완료","25.67","20261","53.7","87.9","37.3","67.2","54.6","44.1","49.8","60.4","61.2","61.2","58.6","65.4","61.5","57.8","59.8","9.0","12.0","7.0","6.0","10.0","9.0","True","최종추천가능","","2026년 서울 아파트 실거래(취소제외), 면적구간별 중앙값","v2 행정동 통근시간을 KIKmix 가중치로 법정동 환산; GBD 6개·YBD 여의동·CBD 3개 핵심 행정동","기준=통근35+방어30+3040 25+유동성10","대화기록_1조프로젝트_데이터검증_20260829.md","12.0","1.79","14.9","24","54.9","87.9","방어력(실측)","61.2","최종추천가능","True"
"v4.0_20260902","법정동×면적구간","강서구","등촌동","11500102.0","59㎡급(55~65)","9~12억","200","92000.0","9.2","1556.54448304724","45000","136500","20260106","20260814","충분(10건+)","67.4","38.1","61.5","55.7","64.5","67.4","52.8","67.4","49.8","61.5","4","4","검증완료_v2기준","-31.0","65.9","20221.0","20224.0","20261.0","21.0","2159.0","False","검증완료","37.78","20261","57.2","52.3","65.8","77.9","26.5","62.9","61.4","60.0","60.0","60.0","60.0","59.0","49.2","61.9","61.4","10.0","10.0","11.0","17.0","8.0","7.0","True","최종추천가능","","2026년 서울 아파트 실거래(취소제외), 면적구간별 중앙값","v2 행정동 통근시간을 KIKmix 가중치로 법정동 환산; GBD 6개·YBD 여의동·CBD 3개 핵심 행정동","기준=통근35+방어30+3040 25+유동성10","대화기록_1조프로젝트_데이터검증_20260829.md","12.0","2.8","23.3","2","98.0","52.3","방어력(실측)","60.0","최종추천가능","True"
"v4.0_20260902","법정동×면적구간","동대문구","답십리동","11230105.0","59㎡급(55~65)","9~12억","143","107000.0","10.7","1790.4953145917","35000","162000","20260101","20260812","충분(10건+)","54.2","60.4","46.9","53.8","50.6","54.2","57.3","60.4","53.6","60.4","2","2","검증완료_v2기준","-22.1","0.0","20253.0","20261.0","20261.0","21.0","2872.0","False","검증완료","27.06","20261","61.7","66.2","40.6","72.3","61.1","53.9","54.1","58.5","58.8","58.8","59.4","60.3","58.6","56.1","56.2","11.0","11.0","10.0","9.0","13.0","13.0","True","최종추천가능","","2026년 서울 아파트 실거래(취소제외), 면적구간별 중앙값","v2 행정동 통근시간을 KIKmix 가중치로 법정동 환산; GBD 6개·YBD 여의동·CBD 3개 핵심 행정동","기준=통근35+방어30+3040 25+유동성10","대화기록_1조프로젝트_데이터검증_20260829.md","12.0","1.3","10.8","28","47.1","66.2","방어력(실측)","58.8","최종추천가능","True"
"v4.0_20260902","법정동×면적구간","성동구","성수동2가","11200115.0","59㎡급(55~65)","9~12억","13","120000.0","12.0","2006.01805416249","74000","290000","20260110","20260726","충분(10건+)","41.0","56.8","49.6","49.1","45.2","49.6","48.9","56.8","53.2","56.8","2","2","검증완료_v2기준","-30.3","13.4","20251.0","20254.0","20261.0","19.0","420.0","False","검증완료","31.63","20261","73.3","53.4","51.4","32.9","74.2","70.7","55.0","58.1","57.8","57.8","60.9","56.9","58.1","56.9","51.4","12.0","8.0","15.0","10.0","12.0","20.0","True","최종추천가능","","2026년 서울 아파트 실거래(취소제외), 면적구간별 중앙값","v2 행정동 통근시간을 KIKmix 가중치로 법정동 환산; GBD 6개·YBD 여의동·CBD 3개 핵심 행정동","기준=통근35+방어30+3040 25+유동성10","대화기록_1조프로젝트_데이터검증_20260829.md","12.0","0.0","0.0","50","2.0","53.4","방어력(실측)","57.8","최종추천가능","True"
"v4.0_20260902","법정동×면적구간","동대문구","장안동","11230106.0","59㎡급(55~65)","9~12억","88","100000.0","10.0","1665.96537779972","36500","121500","20260105","20260815","충분(10건+)","56.6","63.6","51.2","57.2","54.0","56.6","60.1","63.6","57.4","63.6","2","2","검증완료_v2기준","-23.8","39.8","20252.0","20254.0","20261.0","21.0","1913.0","False","검증완료","32.52","20261","53.5","63.6","53.5","64.1","52.6","48.2","46.9","57.4","57.6","57.6","56.6","58.6","57.3","55.7","55.3","13.0","15.0","12.0","11.0","14.0","15.0","True","최종추천가능","","2026년 서울 아파트 실거래(취소제외), 면적구간별 중앙값","v2 행정동 통근시간을 KIKmix 가중치로 법정동 환산; GBD 6개·YBD 여의동·CBD 3개 핵심 행정동","기준=통근35+방어30+3040 25+유동성10","대화기록_1조프로젝트_데이터검증_20260829.md","12.0","2.0","16.7","15","69.6","63.6","방어력(실측)","57.6","최종추천가능","True"
"v4.0_20260902","법정동×면적구간","강서구","마곡동","11500105.0","59㎡급(55~65)","9~12억","79","105000.0","10.5","1750.58352784261","60000","166000","20260105","20260810","충분(10건+)","74.3","46.6","66.3","62.4","70.3","74.3","60.4","74.3","56.5","66.3","5","5","검증완료_v2기준","-34.8","84.4","20222.0","20234.0","20261.0","20.0","1349.0","False","검증완료","48.32","20261","40.6","46.4","90.6","62.3","12.0","47.6","48.7","57.6","57.0","57.0","53.9","55.1","47.0","59.5","59.8","14.0","17.0","18.0","20.0","9.0","10.0","True","최종추천가능","","2026년 서울 아파트 실거래(취소제외), 면적구간별 중앙값","v2 행정동 통근시간을 KIKmix 가중치로 법정동 환산; GBD 6개·YBD 여의동·CBD 3개 핵심 행정동","기준=통근35+방어30+3040 25+유동성10","대화기록_1조프로젝트_데이터검증_20260829.md","12.0","1.5","12.5","27","49.0","46.4","방어력(실측)","57.0","최종추천가능","True"
"v4.0_20260902","법정동×면적구간","종로구","숭인동","11110175.0","59㎡급(55~65)","9~12억","17","101500.0","10.15","1693.92523364486","40700","116000","20260201","20260727","충분(10건+)","57.1","56.0","32.2","48.5","44.7","57.1","56.6","57.1","44.2","56.0","2","2","검증완료_v2기준","-29.7","0.0","20252.0","20261.0","20261.0","21.0","311.0","False","검증완료","27.28","20261","74.9","54.4","41.1","37.1","75.7","55.3","72.1","55.9","56.5","56.5","60.3","56.2","56.8","49.7","55.5","15.0","9.0","16.0","12.0","17.0","14.0","True","최종추천가능","","2026년 서울 아파트 실거래(취소제외), 면적구간별 중앙값","v2 행정동 통근시간을 KIKmix 가중치로 법정동 환산; GBD 6개·YBD 여의동·CBD 3개 핵심 행정동","기준=통근35+방어30+3040 25+유동성10","대화기록_1조프로젝트_데이터검증_20260829.md","12.0","1.85","15.4","22","58.8","54.4","방어력(실측)","56.5","최종추천가능","True"
"v4.0_20260902","법정동×면적구간","성북구","삼선동2가","11290112.0","59㎡급(55~65)","9~12억","39","97000.0","9.7","1629.69140950792","76000","139520","20260115","20260716","충분(10건+)","58.0","58.9","36.5","51.1","47.2","58.0","58.4","58.9","47.7","58.9","1","1","검증완료_v2기준","-29.5","71.6","20213.0","20233.0","20261.0","15.0","260.0","False","검증완료","26.89","20261","68.3","54.7","40.2","50.6","69.3","51.6","65.4","54.5","55.4","55.4","58.2","55.5","55.8","49.6","54.4","16.0","13.0","17.0","13.0","18.0","16.0","True","최종추천가능","","2026년 서울 아파트 실거래(취소제외), 면적구간별 중앙값","v2 행정동 통근시간을 KIKmix 가중치로 법정동 환산; GBD 6개·YBD 여의동·CBD 3개 핵심 행정동","기준=통근35+방어30+3040 25+유동성10","대화기록_1조프로젝트_데이터검증_20260829.md","12.0","2.3","19.2","11","80.4","54.7","방어력(실측)","55.4","최종추천가능","True"
"v4.0_20260902","법정동×면적구간","강서구","내발산동","11500106.0","59㎡급(55~65)","9~12억","53","113800.0","11.38","1901.73796791444","39000","150000","20260103","20260801","충분(10건+)","77.1","47.2","62.9","62.4","70.0","77.1","62.2","77.1","55.1","62.9","2","2","검증완료_v2기준","-15.7","9.4","20252.0","20253.0","20261.0","20.0","1309.0","False","검증완료","29.77","20261","40.7","76.2","47.0","55.7","12.8","44.2","51.4","54.6","54.4","54.4","50.6","57.7","44.7","55.6","58.2","17.0","21.0","14.0","22.0","15.0","12.0","True","최종추천가능","","2026년 서울 아파트 실거래(취소제외), 면적구간별 중앙값","v2 행정동 통근시간을 KIKmix 가중치로 법정동 환산; GBD 6개·YBD 여의동·CBD 3개 핵심 행정동","기준=통근35+방어30+3040 25+유동성10","대화기록_1조프로젝트_데이터검증_20260829.md","12.0","0.62","5.2","40","22.5","76.2","방어력(실측)","54.4","최종추천가능","True"
"v4.0_20260902","법정동×면적구간","동대문구","이문동","11230110.0","59㎡급(55~65)","9~12억","67","96500.0","9.65","1616.16161616162","60000","158000","20260102","20260808","충분(10건+)","63.6","68.2","48.4","60.1","56.0","63.6","65.9","68.2","58.3","68.2","2","2","검증완료_v2기준","-11.6","2.5","20251.0","20254.0","20261.0","21.0","1293.0","False","검증완료","20.65","20261","46.4","82.6","25.5","59.6","47.6","36.7","45.2","52.9","53.4","53.4","50.8","58.0","53.8","50.0","52.9","18.0","20.0","13.0","15.0","16.0","19.0","True","최종추천가능","","2026년 서울 아파트 실거래(취소제외), 면적구간별 중앙값","v2 행정동 통근시간을 KIKmix 가중치로 법정동 환산; GBD 6개·YBD 여의동·CBD 3개 핵심 행정동","기준=통근35+방어30+3040 25+유동성10","대화기록_1조프로젝트_데이터검증_20260829.md","12.0","2.35","19.6","9","84.3","82.6","방어력(실측)","53.4","최종추천가능","True"
"v4.0_20260902","법정동×면적구간","은평구","대조동","11380106.0","59㎡급(55~65)","9~12억","60","118792.0","11.88","1982.84092805875","53000","132442","20260110","20260811","충분(10건+)","68.4","58.3","43.4","56.7","55.9","68.4","63.4","68.4","50.8","58.3","1","1","검증완료_v2기준","-32.9","31.9","20221.0","20241.0","20261.0","20.0","766.0","False","검증완료","30.6","20261","54.7","49.4","48.9","57.7","47.8","41.8","59.4","51.5","52.0","52.0","52.8","51.7","49.5","47.4","53.6","19.0","18.0","19.0","16.0","20.0","18.0","True","최종추천가능","","2026년 서울 아파트 실거래(취소제외), 면적구간별 중앙값","v2 행정동 통근시간을 KIKmix 가중치로 법정동 환산; GBD 6개·YBD 여의동·CBD 3개 핵심 행정동","기준=통근35+방어30+3040 25+유동성10","대화기록_1조프로젝트_데이터검증_20260829.md","12.0","0.12","1.0","49","5.9","49.4","방어력(실측)","52.0","최종추천가능","True"
"v4.0_20260902","법정동×면적구간","마포구","성산동","11440125.0","59㎡급(55~65)","9~12억","21","100000.0","10.0","1669.78359604595","56500","168000","20260117","20260713","충분(10건+)","68.6","42.4","47.8","53.0","58.2","68.6","55.5","68.6","45.2","47.8","2","2","검증완료_v2기준","-42.8","0.0","20254.0","20261.0","20261.0","20.0","889.0","False","검증완료","35.53","20261","63.9","34.0","60.5","40.5","42.1","57.5","70.2","51.9","51.7","51.7","54.9","48.9","44.1","49.5","53.9","20.0","16.0","21.0","25.0","19.0","17.0","True","최종추천가능","","2026년 서울 아파트 실거래(취소제외), 면적구간별 중앙값","v2 행정동 통근시간을 KIKmix 가중치로 법정동 환산; GBD 6개·YBD 여의동·CBD 3개 핵심 행정동","기준=통근35+방어30+3040 25+유동성10","대화기록_1조프로젝트_데이터검증_20260829.md","12.0","2.0","16.7","15","69.6","34.0","방어력(실측)","51.7","최종추천가능","True"
"v4.0_20260902","법정동×면적구간","성북구","종암동","11290135.0","59㎡급(55~65)","9~12억","113","93400.0","9.34","1567.18906302101","47000","120000","20260102","20260810","충분(10건+)","65.8","61.8","47.9","58.5","56.8","65.8","63.8","65.8","54.8","61.8","1","1","검증완료_v2기준","-28.9","54.8","20221.0","20232.0","20261.0","20.0","1037.0","False","검증완료","25.32","20261","50.2","55.6","36.5","68.3","45.4","40.9","51.8","50.0","50.2","50.2","50.3","51.4","48.5","46.9","50.8","21.0","23.0","20.0","18.0","21.0","21.0","True","최종추천가능","","2026년 서울 아파트 실거래(취소제외), 면적구간별 중앙값","v2 행정동 통근시간을 KIKmix 가중치로 법정동 환산; GBD 6개·YBD 여의동·CBD 3개 핵심 행정동","기준=통근35+방어30+3040 25+유동성10","대화기록_1조프로젝트_데이터검증_20260829.md","12.0","2.66","22.2","5","92.2","55.6","방어력(실측)","50.2","최종추천가능","True"
"v4.0_20260902","법정동×면적구간","동대문구","제기동","11230103.0","59㎡급(55~65)","9~12억","26","99000.0","9.9","1654.41176470588","55000","112000","20260119","20260801","충분(10건+)","62.1","61.1","40.1","54.4","51.1","62.1","61.6","62.1","50.6","61.1","1","1","검증완료_v2기준","-34.5","27.5","20244.0","20252.0","20261.0","19.0","435.0","False","검증완료","23.92","20261","60.2","46.9","33.2","44.0","59.7","45.3","59.9","47.5","47.8","47.8","50.5","47.9","47.7","42.6","47.7","22.0","22.0","22.0","19.0","23.0","23.0","True","최종추천가능","","2026년 서울 아파트 실거래(취소제외), 면적구간별 중앙값","v2 행정동 통근시간을 KIKmix 가중치로 법정동 환산; GBD 6개·YBD 여의동·CBD 3개 핵심 행정동","기준=통근35+방어30+3040 25+유동성10","대화기록_1조프로젝트_데이터검증_20260829.md","12.0","2.1","17.5","14","74.5","46.9","방어력(실측)","47.8","최종추천가능","True"
"v4.0_20260902","법정동×면적구간","은평구","녹번동","11380102.0","59㎡급(55~65)","9~12억","58","114750.0","11.48","1913.77467274989","42000","130000","20260103","20260823","충분(10건+)","66.8","55.2","41.4","54.5","54.1","66.8","61.0","66.8","48.3","55.2","1","1","검증완료_v2기준","-45.1","81.0","20213.0","20222.0","20261.0","21.0","830.0","False","검증완료","29.27","20261","60.1","30.4","45.8","57.2","52.3","46.5","64.3","46.9","47.3","47.3","51.0","45.1","44.6","42.6","48.8","23.0","19.0","24.0","23.0","24.0","22.0","True","최종추천가능","","2026년 서울 아파트 실거래(취소제외), 면적구간별 중앙값","v2 행정동 통근시간을 KIKmix 가중치로 법정동 환산; GBD 6개·YBD 여의동·CBD 3개 핵심 행정동","기준=통근35+방어30+3040 25+유동성10","대화기록_1조프로젝트_데이터검증_20260829.md","12.0","0.52","4.3","42","19.6","30.4","방어력(실측)","47.3","최종추천가능","True"
"v4.0_20260902","법정동×면적구간","성북구","하월곡동","11290136.0","59㎡급(55~65)","9~12억","120","91000.0","9.1","1522.95331208005","53500","111000","20260102","20260815","충분(10건+)","69.4","65.5","47.7","60.9","58.5","69.4","67.4","69.4","56.6","65.5","3","3","검증완료_v2기준","-35.7","63.1","20214.0","20223.0","20261.0","21.0","1342.0","False","검증완료","25.9","20261","44.5","45.0","37.9","69.3","41.3","33.6","48.5","45.1","45.5","45.5","45.8","45.9","44.4","41.7","46.9","24.0","26.0","23.0","24.0","25.0","24.0","True","최종추천가능","","2026년 서울 아파트 실거래(취소제외), 면적구간별 중앙값","v2 행정동 통근시간을 KIKmix 가중치로 법정동 환산; GBD 6개·YBD 여의동·CBD 3개 핵심 행정동","기준=통근35+방어30+3040 25+유동성10","대화기록_1조프로젝트_데이터검증_20260829.md","12.0","2.9","24.2","1","100.0","45.0","방어력(실측)","45.5","최종추천가능","True"
"v4.0_20260902","법정동×면적구간","강동구","성내동","11740108.0","59㎡급(55~65)","9~12억","75","108500.0","10.85","1809.53969312875","50000","156000","20260104","20260808","충분(10건+)","51.3","69.4","58.3","59.7","54.8","58.3","60.4","69.4","63.9","69.4","3","3","검증완료_v2기준","-42.9","57.0","20212.0","20224.0","20261.0","21.0","1248.0","False","검증완료","31.23","20261","47.3","33.8","50.4","61.5","50.5","47.7","34.6","44.8","45.4","45.4","46.6","43.9","46.6","45.6","41.0","25.0","25.0","25.0","21.0","22.0","25.0","True","최종추천가능","","2026년 서울 아파트 실거래(취소제외), 면적구간별 중앙값","v2 행정동 통근시간을 KIKmix 가중치로 법정동 환산; GBD 6개·YBD 여의동·CBD 3개 핵심 행정동","기준=통근35+방어30+3040 25+유동성10","대화기록_1조프로젝트_데이터검증_20260829.md","12.0","1.15","9.6","30","42.2","33.8","방어력(실측)","45.4","최종추천가능","True"
"v4.0_20260902","법정동×면적구간","영등포구","대림동","11560133.0","59㎡급(55~65)","9~12억","66","101400.0","10.14","1645.44664387134","41000","146500","20260110","20260805","충분(10건+)","55.8","35.6","58.0","49.8","56.9","58.0","45.7","55.8","46.8","58.0","4","4","검증완료_v2기준","-64.6","81.3","20213.0","20223.0","20261.0","21.0","1356.0","False","검증완료","23.93","20261","71.7","0.0","33.2","59.3","45.4","77.1","67.1","39.7","39.3","39.3","48.4","34.1","30.1","41.2","37.7","26.0","24.0","26.0","26.0","26.0","26.0","True","최종추천가능","","2026년 서울 아파트 실거래(취소제외), 면적구간별 중앙값","v2 행정동 통근시간을 KIKmix 가중치로 법정동 환산; GBD 6개·YBD 여의동·CBD 3개 핵심 행정동","기준=통근35+방어30+3040 25+유동성10","대화기록_1조프로젝트_데이터검증_20260829.md","12.0","1.86","15.5","21","60.8","0.0","방어력(실측)","39.3","최종추천가능","True"
"v4.0_20260902","법정동×면적구간","영등포구","당산동5가","11560115.0","59㎡급(55~65)","12억 초과","13","155000.0","15.5","2589.80785296575","77000","195000","20260102","20260715","충분(10건+)","53.7","24.5","42.7","40.3","48.2","53.7","39.1","53.7","33.6","42.7","1","1","검증완료_v2기준","-2.4","0.0","20254.0","20261.0","20261.0","18.0","576.0","False","검증완료","46.79","20261","94.9","96.9","87.0","32.9","66.9","90.2","92.2","87.1","87.3","87.3","87.5","87.9","77.5","85.7","86.4","1.0","1.0","1.0","4.0","1.0","2.0","True","최종추천가능","","2026년 서울 아파트 실거래(취소제외), 면적구간별 중앙값","v2 행정동 통근시간을 KIKmix 가중치로 법정동 환산; GBD 6개·YBD 여의동·CBD 3개 핵심 행정동","기준=통근35+방어30+3040 25+유동성10","대화기록_1조프로젝트_데이터검증_20260829.md","","","","48","54.8","96.9","방어력(실측)","87.3","최종추천가능","True"
"v4.0_20260902","법정동×면적구간","영등포구","영등포동8가","11560109.0","59㎡급(55~65)","12억 초과","11","144000.0","14.4","2403.60540811217","90100","166000","20260211","20260710","충분(10건+)","58.9","23.1","43.7","41.9","51.3","58.9","41.0","58.9","33.4","43.7","1","1","검증완료_v2기준","-6.2","34.7","20253.0","20254.0","20261.0","15.0","204.0","False","검증완료","50.21","20261","91.0","91.0","95.1","30.3","59.2","86.4","92.6","85.7","86.0","86.0","85.8","85.8","74.8","84.3","86.5","2.0","2.0","2.0","7.0","2.0","1.0","True","최종추천가능","","2026년 서울 아파트 실거래(취소제외), 면적구간별 중앙값","v2 행정동 통근시간을 KIKmix 가중치로 법정동 환산; GBD 6개·YBD 여의동·CBD 3개 핵심 행정동","기준=통근35+방어30+3040 25+유동성10","대화기록_1조프로젝트_데이터검증_20260829.md","","","","34","68.6","91.0","방어력(실측)","86.0","최종추천가능","True"
"v4.0_20260902","법정동×면적구간","마포구","도화동","11440104.0","59㎡급(55~65)","12억 초과","13","134000.0","13.4","2284.7399829497","94000","152500","20260106","20260724","충분(10건+)","60.4","26.2","37.7","41.5","49.1","60.4","43.3","60.4","32.0","37.7","3","3","검증완료_v2기준","-8.5","98.4","20253.0","20254.0","20261.0","19.0","910.0","False","검증완료","39.87","20261","92.1","87.4","70.8","32.9","64.7","81.8","95.3","79.0","79.4","79.4","81.0","80.0","69.9","75.8","80.6","3.0","4.0","4.0","10.0","8.0","3.0","True","최종추천가능","","2026년 서울 아파트 실거래(취소제외), 면적구간별 중앙값","v2 행정동 통근시간을 KIKmix 가중치로 법정동 환산; GBD 6개·YBD 여의동·CBD 3개 핵심 행정동","기준=통근35+방어30+3040 25+유동성10","대화기록_1조프로젝트_데이터검증_20260829.md","","","","18","83.8","87.4","방어력(실측)","79.4","최종추천가능","True"
"v4.0_20260902","법정동×면적구간","서초구","반포동","11650107.0","59㎡급(55~65)","12억 초과","58","350000.0","35.0","5834.25709435359","106000","495000","20260117","20260720","충분(10건+)","38.7","42.7","50.0","43.8","44.3","50.0","40.7","42.7","46.3","50.0","4","4","검증완료_v2기준","-9.1","0.0","20251.0","20261.0","20261.0","21.0","2183.0","False","검증완료","38.86","20261","86.4","86.4","68.4","57.2","76.5","87.1","68.0","78.7","79.0","79.0","79.9","79.9","75.5","79.2","72.5","4.0","7.0","5.0","6.0","4.0","8.0","True","최종추천가능","","2026년 서울 아파트 실거래(취소제외), 면적구간별 중앙값","v2 행정동 통근시간을 KIKmix 가중치로 법정동 환산; GBD 6개·YBD 여의동·CBD 3개 핵심 행정동","기준=통근35+방어30+3040 25+유동성10","대화기록_1조프로젝트_데이터검증_20260829.md","","","","105","1.0","86.4","방어력(실측)","79.0","최종추천가능","True"
"v4.0_20260902","법정동×면적구간","서초구","잠원동","11650106.0","59㎡급(55~65)","12억 초과","39","330000.0","33.0","5506.42416152178","163750","423000","20260126","20260803","충분(10건+)","32.0","44.0","45.1","40.4","38.6","45.1","38.0","44.0","44.6","45.1","2","2","검증완료_v2기준","-12.6","0.0","20253.0","20261.0","20261.0","21.0","1866.0","False","검증완료","36.81","20261","94.7","81.0","63.6","50.6","90.8","92.3","71.4","77.8","78.4","78.4","81.3","78.6","77.0","77.6","70.3","6.0","3.0","8.0","5.0","6.0","10.0","True","최종추천가능","","2026년 서울 아파트 실거래(취소제외), 면적구간별 중앙값","v2 행정동 통근시간을 KIKmix 가중치로 법정동 환산; GBD 6개·YBD 여의동·CBD 3개 핵심 행정동","기준=통근35+방어30+3040 25+유동성10","대화기록_1조프로젝트_데이터검증_20260829.md","","","","104","1.9","81.0","방어력(실측)","78.4","최종추천가능","True"
"v4.0_20260902","법정동×면적구간","송파구","잠실동","11710101.0","59㎡급(55~65)","12억 초과","72","281000.0","28.1","4686.45763842562","113500","310000","20260110","20260730","충분(10건+)","33.1","56.6","57.8","49.2","45.4","57.8","44.8","56.6","57.2","57.8","4","4","검증완료_v2기준","-0.6","0.0","20254.0","20261.0","20261.0","21.0","2840.0","False","검증완료","38.26","20261","73.2","99.7","67.0","60.8","73.8","78.7","47.3","77.9","78.4","78.4","76.0","81.3","78.6","80.3","69.3","5.0","9.0","3.0","1.0","3.0","13.0","True","최종추천가능","","2026년 서울 아파트 실거래(취소제외), 면적구간별 중앙값","v2 행정동 통근시간을 KIKmix 가중치로 법정동 환산; GBD 6개·YBD 여의동·CBD 3개 핵심 행정동","기준=통근35+방어30+3040 25+유동성10","대화기록_1조프로젝트_데이터검증_20260829.md","","","","102","3.8","99.7","방어력(실측)","78.4","최종추천가능","True"
"v4.0_20260902","법정동×면적구간","성동구","옥수동","11200113.0","59㎡급(55~65)","12억 초과","54","210500.0","21.05","3552.74261603376","101000","240000","20260102","20260704","충분(10건+)","40.3","47.8","37.2","41.8","38.8","40.3","44.0","47.8","42.5","47.8","1","1","검증완료_v2기준","-8.1","0.0","20253.0","20261.0","20261.0","21.0","1496.0","False","검증완료","33.86","20261","91.3","88.0","56.6","56.0","90.4","80.3","75.3","76.9","78.1","78.1","80.2","79.5","77.8","74.3","72.5","7.0","5.0","6.0","2.0","9.0","7.0","True","최종추천가능","","2026년 서울 아파트 실거래(취소제외), 면적구간별 중앙값","v2 행정동 통근시간을 KIKmix 가중치로 법정동 환산; GBD 6개·YBD 여의동·CBD 3개 핵심 행정동","기준=통근35+방어30+3040 25+유동성10","대화기록_1조프로젝트_데이터검증_20260829.md","","","","88","17.1","88.0","방어력(실측)","78.1","최종추천가능","True"
"v4.0_20260902","법정동×면적구간","강남구","청담동","11680104.0","59㎡급(55~65)","12억 초과","10","207000.0","20.7","3452.86665247079","132500","242500","20260314","20260620","충분(10건+)","24.4","50.3","51.6","42.1","38.0","51.6","37.3","50.3","51.0","51.6","1","1","검증완료_v2기준","-4.7","0.0","20253.0","20261.0","20261.0","20.0","696.0","False","검증완료","34.33","20261","90.5","93.3","57.7","28.8","92.2","93.7","59.2","76.3","77.0","77.0","78.3","78.9","77.6","78.1","66.0","8.0","8.0","7.0","3.0","5.0","16.0","True","최종추천가능","","2026년 서울 아파트 실거래(취소제외), 면적구간별 중앙값","v2 행정동 통근시간을 KIKmix 가중치로 법정동 환산; GBD 6개·YBD 여의동·CBD 3개 핵심 행정동","기준=통근35+방어30+3040 25+유동성10","대화기록_1조프로젝트_데이터검증_20260829.md","","","","86","18.6","93.3","방어력(실측)","77.0","최종추천가능","True"
"v4.0_20260902","법정동×면적구간","동작구","대방동","11590108.0","59㎡급(55~65)","12억 초과","57","137000.0","13.7","2317.82557945639","85500","154500","20260105","20260803","충분(10건+)","48.8","25.0","48.0","40.6","48.4","48.8","36.9","48.8","36.5","48.0","1","1","검증완료_v2기준","-10.2","96.7","20253.0","20254.0","20261.0","21.0","919.0","False","검증완료","31.6","20261","94.2","84.7","51.3","56.9","66.4","94.6","86.7","76.7","76.9","76.9","80.0","78.1","67.2","77.0","74.3","9.0","6.0","9.0","11.0","7.0","4.0","True","최종추천가능","","2026년 서울 아파트 실거래(취소제외), 면적구간별 중앙값","v2 행정동 통근시간을 KIKmix 가중치로 법정동 환산; GBD 6개·YBD 여의동·CBD 3개 핵심 행정동","기준=통근35+방어30+3040 25+유동성10","대화기록_1조프로젝트_데이터검증_20260829.md","","","","20","81.4","84.7","방어력(실측)","76.9","최종추천가능","True"
"v4.0_20260902","법정동×면적구간","성동구","행당동","11200107.0","59㎡급(55~65)","12억 초과","80","160550.0","16.06","2683.04428153175","100000","220000","20260102","20260808","충분(10건+)","45.9","56.1","37.5","46.5","41.7","45.9","51.0","56.1","46.8","56.1","3","3","검증완료_v2기준","-0.4","0.0","20254.0","20261.0","20261.0","21.0","1770.0","False","검증완료","25.29","20261","79.7","100.0","36.4","62.5","83.0","66.4","67.1","72.7","73.2","73.2","73.4","77.4","74.4","68.6","68.8","10.0","13.0","10.0","8.0","14.0","14.0","True","최종추천가능","","2026년 서울 아파트 실거래(취소제외), 면적구간별 중앙값","v2 행정동 통근시간을 KIKmix 가중치로 법정동 환산; GBD 6개·YBD 여의동·CBD 3개 핵심 행정동","기준=통근35+방어30+3040 25+유동성10","대화기록_1조프로젝트_데이터검증_20260829.md","","","","52","51.4","100.0","방어력(실측)","73.2","최종추천가능","True"
"v4.0_20260902","법정동×면적구간","마포구","대흥동","11440108.0","59㎡급(55~65)","12억 초과","22","173500.0","17.35","2920.87542087542","158000","228000","20260102","20260714","충분(10건+)","62.9","26.6","39.7","43.1","51.3","62.9","44.7","62.9","33.1","39.7","3","3","검증완료_v2기준","-9.2","0.0","20253.0","20261.0","20261.0","21.0","618.0","False","검증완료","29.23","20261","88.2","86.3","45.7","41.3","59.2","78.9","93.1","72.1","72.3","72.3","74.6","74.2","62.2","69.1","74.0","11.0","12.0","11.0","16.0","13.0","5.0","True","최종추천가능","","2026년 서울 아파트 실거래(취소제외), 면적구간별 중앙값","v2 행정동 통근시간을 KIKmix 가중치로 법정동 환산; GBD 6개·YBD 여의동·CBD 3개 핵심 행정동","기준=통근35+방어30+3040 25+유동성10","대화기록_1조프로젝트_데이터검증_20260829.md","","","","68","36.2","86.3","방어력(실측)","72.3","최종추천가능","True"
"v4.0_20260902","법정동×면적구간","마포구","염리동","11440109.0","59㎡급(55~65)","12억 초과","22","162400.0","16.24","2722.93474975169","122000","240000","20260110","20260801","충분(10건+)","62.1","29.4","37.3","42.9","49.7","62.1","45.8","62.1","33.4","37.3","3","3","검증완료_v2기준","-11.9","0.0","20254.0","20261.0","20261.0","21.0","779.0","False","검증완료","30.87","20261","88.4","82.1","49.6","41.3","63.2","76.8","92.7","71.9","72.1","72.1","74.7","73.4","63.3","68.0","73.6","12.0","11.0","13.0","14.0","17.0","6.0","True","최종추천가능","","2026년 서울 아파트 실거래(취소제외), 면적구간별 중앙값","v2 행정동 통근시간을 KIKmix 가중치로 법정동 환산; GBD 6개·YBD 여의동·CBD 3개 핵심 행정동","기준=통근35+방어30+3040 25+유동성10","대화기록_1조프로젝트_데이터검증_20260829.md","","","","53","50.0","82.1","방어력(실측)","72.1","최종추천가능","True"
"v4.0_20260902","법정동×면적구간","강남구","대치동","11680106.0","59㎡급(55~65)","12억 초과","16","250000.0","25.0","4177.11048978599","58000","305000","20260117","20260702","충분(10건+)","28.5","58.2","59.6","48.8","44.0","59.6","43.4","58.2","58.9","59.6","4","4","검증완료_v2기준","-7.7","0.0","20253.0","20261.0","20261.0","21.0","1648.0","False","검증완료","34.58","20261","74.1","88.6","58.3","36.2","77.3","81.6","44.1","70.1","70.7","70.7","70.0","73.0","71.8","73.3","60.2","13.0","17.0","14.0","9.0","10.0","20.0","True","최종추천가능","","2026년 서울 아파트 실거래(취소제외), 면적구간별 중앙값","v2 행정동 통근시간을 KIKmix 가중치로 법정동 환산; GBD 6개·YBD 여의동·CBD 3개 핵심 행정동","기준=통근35+방어30+3040 25+유동성10","대화기록_1조프로젝트_데이터검증_20260829.md","","","","96","9.0","88.6","방어력(실측)","70.7","최종추천가능","True"
"v4.0_20260902","법정동×면적구간","동작구","흑석동","11590105.0","59㎡급(55~65)","12억 초과","55","201000.0","20.1","3351.117039013","90000","266000","20260110","20260810","충분(10건+)","46.5","32.4","54.4","44.4","50.4","54.4","39.4","46.5","43.4","54.4","1","1","검증완료_v2기준","-6.4","0.0","20254.0","20261.0","20261.0","20.0","1174.0","False","검증완료","23.17","20261","84.8","90.7","31.5","56.3","61.3","89.5","73.6","70.5","70.4","70.4","72.5","73.6","62.2","72.0","66.5","14.0","14.0","12.0","17.0","11.0","15.0","True","최종추천가능","","2026년 서울 아파트 실거래(취소제외), 면적구간별 중앙값","v2 행정동 통근시간을 KIKmix 가중치로 법정동 환산; GBD 6개·YBD 여의동·CBD 3개 핵심 행정동","기준=통근35+방어30+3040 25+유동성10","대화기록_1조프로젝트_데이터검증_20260829.md","","","","84","21.0","90.7","방어력(실측)","70.4","최종추천가능","True"
"v4.0_20260902","법정동×면적구간","영등포구","영등포동7가","11560108.0","59㎡급(55~65)","12억 초과","16","170000.0","17.0","2847.57118927973","80000","184000","20260120","20260820","충분(10건+)","58.9","23.1","43.7","41.9","51.3","58.9","41.0","58.9","33.4","43.7","1","1","검증완료_v2기준","-34.2","0.0","20254.0","20261.0","20261.0","19.0","501.0","False","검증완료","44.63","20261","91.0","47.4","82.0","36.2","59.2","86.4","92.6","70.0","70.2","70.2","75.0","66.3","59.1","68.6","70.8","15.0","10.0","17.0","21.0","15.0","9.0","True","최종추천가능","","2026년 서울 아파트 실거래(취소제외), 면적구간별 중앙값","v2 행정동 통근시간을 KIKmix 가중치로 법정동 환산; GBD 6개·YBD 여의동·CBD 3개 핵심 행정동","기준=통근35+방어30+3040 25+유동성10","대화기록_1조프로젝트_데이터검증_20260829.md","","","","63","40.0","47.4","방어력(실측)","70.2","최종추천가능","True"
"v4.0_20260902","법정동×면적구간","양천구","목동","11470102.0","59㎡급(55~65)","12억 초과","96","144250.0","14.42","2415.82669606614","57000","263000","20260103","20260810","충분(10건+)","65.3","34.6","55.7","51.9","60.5","65.3","50.0","65.3","45.1","55.7","5","5","검증완료_v2기준","-10.3","72.0","20252.0","20253.0","20261.0","21.0","3151.0","False","검증완료","32.4","20261","66.5","84.6","53.2","65.6","36.4","68.5","70.3","68.3","68.5","68.5","67.4","71.0","58.0","69.2","69.8","16.0","20.0","15.0","24.0","12.0","11.0","True","최종추천가능","","2026년 서울 아파트 실거래(취소제외), 면적구간별 중앙값","v2 행정동 통근시간을 KIKmix 가중치로 법정동 환산; GBD 6개·YBD 여의동·CBD 3개 핵심 행정동","기준=통근35+방어30+3040 25+유동성10","대화기록_1조프로젝트_데이터검증_20260829.md","","","","35","67.6","84.6","방어력(실측)","68.5","최종추천가능","True"
"v4.0_20260902","법정동×면적구간","서초구","서초동","11650108.0","59㎡급(55~65)","12억 초과","59","265000.0","26.5","4424.04006677796","49000","355000","20260106","20260629","충분(10건+)","30.0","48.7","52.2","43.6","41.1","52.2","39.3","48.7","50.4","52.2","4","4","검증완료_v2기준","-32.0","0.0","20242.0","20261.0","20261.0","21.0","3095.0","False","검증완료","37.22","20261","86.8","50.8","64.5","57.5","84.6","89.7","60.2","66.6","67.5","67.5","72.2","65.0","66.7","68.5","58.2","17.0","15.0","20.0","12.0","16.0","23.0","True","최종추천가능","","2026년 서울 아파트 실거래(취소제외), 면적구간별 중앙값","v2 행정동 통근시간을 KIKmix 가중치로 법정동 환산; GBD 6개·YBD 여의동·CBD 3개 핵심 행정동","기준=통근35+방어30+3040 25+유동성10","대화기록_1조프로젝트_데이터검증_20260829.md","","","","98","7.6","50.8","방어력(실측)","67.5","최종추천가능","True"
"v4.0_20260902","법정동×면적구간","마포구","아현동","11440101.0","59㎡급(55~65)","12억 초과","45","212000.0","21.2","3535.10088377522","73000","235000","20260128","20260731","충분(10건+)","63.2","29.9","34.4","42.5","48.8","63.2","46.6","63.2","32.2","34.4","2","2","검증완료_v2기준","-22.7","0.0","20253.0","20261.0","20261.0","19.0","1131.0","False","검증완료","28.79","20261","89.5","65.3","44.7","53.0","65.4","75.3","94.9","67.0","67.4","67.4","72.0","67.2","59.0","62.4","69.3","18.0","16.0","16.0","22.0","21.0","12.0","True","최종추천가능","","2026년 서울 아파트 실거래(취소제외), 면적구간별 중앙값","v2 행정동 통근시간을 KIKmix 가중치로 법정동 환산; GBD 6개·YBD 여의동·CBD 3개 핵심 행정동","기준=통근35+방어30+3040 25+유동성10","대화기록_1조프로젝트_데이터검증_20260829.md","","","","89","15.7","65.3","방어력(실측)","67.4","최종추천가능","True"
"v4.0_20260902","법정동×면적구간","성북구","보문동6가","11290128.0","59㎡급(55~65)","12억 초과","12","121000.0","12.1","2022.03419787626","105000","130000","20260117","20260626","충분(10건+)","57.6","57.4","36.0","50.3","46.8","57.6","57.5","57.6","46.7","57.4","1","1","검증완료_v2기준","-11.5","54.7","20253.0","20254.0","20261.0","15.0","291.0","False","검증완료","28.01","20261","70.3","82.7","42.8","31.6","70.4","53.5","67.3","62.4","63.3","63.3","63.4","65.9","63.3","57.4","62.2","19.0","24.0","18.0","13.0","23.0","18.0","True","최종추천가능","","2026년 서울 아파트 실거래(취소제외), 면적구간별 중앙값","v2 행정동 통근시간을 KIKmix 가중치로 법정동 환산; GBD 6개·YBD 여의동·CBD 3개 핵심 행정동","기준=통근35+방어30+3040 25+유동성10","대화기록_1조프로젝트_데이터검증_20260829.md","","","","1","100.0","82.7","방어력(실측)","63.3","최종추천가능","True"
"v4.0_20260902","법정동×면적구간","서대문구","대현동","11410112.0","59㎡급(55~65)","12억 초과","14","124500.0","12.45","2085.42713567839","65500","130000","20260323","20260723","충분(10건+)","66.2","37.4","33.2","45.6","49.7","66.2","51.8","66.2","35.3","37.4","2","2","검증완료_v2기준","-14.0","0.0","20254.0","20261.0","20261.0","18.0","229.0","False","검증완료","21.93","20261","82.0","78.8","28.5","34.0","63.3","64.8","89.0","62.8","62.9","62.9","65.9","65.2","56.3","56.8","65.3","20.0","21.0","19.0","27.0","24.0","17.0","True","최종추천가능","","2026년 서울 아파트 실거래(취소제외), 면적구간별 중앙값","v2 행정동 통근시간을 KIKmix 가중치로 법정동 환산; GBD 6개·YBD 여의동·CBD 3개 핵심 행정동","기준=통근35+방어30+3040 25+유동성10","대화기록_1조프로젝트_데이터검증_20260829.md","","","","7","94.3","78.8","방어력(실측)","62.9","최종추천가능","True"
"v4.0_20260902","법정동×면적구간","송파구","송파동","11710104.0","59㎡급(55~65)","12억 초과","44","154600.0","15.46","2580.53747287598","68000","220000","20260105","20260705","충분(10건+)","42.8","63.9","65.5","57.4","54.1","65.5","53.3","63.9","64.7","65.5","2","2","검증완료_v2기준","-16.1","0.0","20253.0","20261.0","20261.0","19.0","828.0","False","검증완료","37.52","20261","53.0","75.5","65.2","52.6","52.2","61.8","33.1","62.7","62.8","62.8","59.9","64.4","62.5","65.8","55.8","21.0","28.0","21.0","15.0","18.0","24.0","True","최종추천가능","","2026년 서울 아파트 실거래(취소제외), 면적구간별 중앙값","v2 행정동 통근시간을 KIKmix 가중치로 법정동 환산; GBD 6개·YBD 여의동·CBD 3개 핵심 행정동","기준=통근35+방어30+3040 25+유동성10","대화기록_1조프로젝트_데이터검증_20260829.md","","","","47","56.2","75.5","방어력(실측)","62.8","최종추천가능","True"
"v4.0_20260902","법정동×면적구간","강남구","도곡동","11680118.0","59㎡급(55~65)","12억 초과","22","273500.0","27.35","4559.92792379985","85000","300000","20260112","20260817","충분(10건+)","26.6","54.4","56.4","45.8","41.5","56.4","40.5","54.4","55.4","56.4","2","2","검증완료_v2기준","-39.1","0.0","20254.0","20261.0","20261.0","21.0","1812.0","False","검증완료","37.69","20261","81.4","39.7","65.6","41.3","83.6","87.4","50.7","59.9","60.9","60.9","65.9","57.6","61.7","63.0","50.2","22.0","22.0","25.0","19.0","20.0","29.0","True","최종추천가능","","2026년 서울 아파트 실거래(취소제외), 면적구간별 중앙값","v2 행정동 통근시간을 KIKmix 가중치로 법정동 환산; GBD 6개·YBD 여의동·CBD 3개 핵심 행정동","기준=통근35+방어30+3040 25+유동성10","대화기록_1조프로젝트_데이터검증_20260829.md","","","","101","4.8","39.7","방어력(실측)","60.9","최종추천가능","True"
"v4.0_20260902","법정동×면적구간","강남구","역삼동","11680101.0","59㎡급(55~65)","12억 초과","70","267000.0","26.7","4460.62899406412","63000","310000","20260109","20260814","충분(10건+)","20.2","53.0","56.7","43.3","38.4","56.7","36.6","53.0","54.8","56.7","2","2","검증완료_v2기준","-57.2","0.0","20251.0","20261.0","20261.0","21.0","1423.0","False","검증완료","44.83","20261","87.6","11.5","82.4","60.3","91.1","95.2","51.8","59.4","60.7","60.7","68.6","53.4","62.0","63.4","48.2","23.0","18.0","29.0","18.0","19.0","31.0","True","최종추천가능","","2026년 서울 아파트 실거래(취소제외), 면적구간별 중앙값","v2 행정동 통근시간을 KIKmix 가중치로 법정동 환산; GBD 6개·YBD 여의동·CBD 3개 핵심 행정동","기준=통근35+방어30+3040 25+유동성10","대화기록_1조프로젝트_데이터검증_20260829.md","","","","100","5.7","11.5","방어력(실측)","60.7","최종추천가능","True"
"v4.0_20260902","법정동×면적구간","동대문구","용두동","11230102.0","59㎡급(55~65)","12억 초과","46","141500.0","14.15","2359.90660440294","68000","167000","20260102","20260806","충분(10건+)","58.0","63.4","37.5","53.0","47.8","58.0","60.7","63.4","50.4","63.4","2","2","검증완료_v2기준","-22.3","87.1","20253.0","20254.0","20261.0","21.0","986.0","False","검증완료","30.78","20261","63.8","65.9","49.4","53.3","68.0","47.1","60.2","59.3","59.8","59.8","60.3","60.7","61.2","53.9","58.5","24.0","27.0","22.0","20.0","30.0","22.0","True","최종추천가능","","2026년 서울 아파트 실거래(취소제외), 면적구간별 중앙값","v2 행정동 통근시간을 KIKmix 가중치로 법정동 환산; GBD 6개·YBD 여의동·CBD 3개 핵심 행정동","기준=통근35+방어30+3040 25+유동성10","대화기록_1조프로젝트_데이터검증_20260829.md","","","","26","76.2","65.9","방어력(실측)","59.8","최종추천가능","True"
"v4.0_20260902","법정동×면적구간","마포구","신수동","11440111.0","59㎡급(55~65)","12억 초과","19","129200.0","12.92","2161.9812583668","99000","212000","20260106","20260729","충분(10건+)","64.7","27.3","38.6","43.5","51.6","64.7","46.0","64.7","32.9","38.6","2","2","검증완료_v2기준","-35.9","51.9","20214.0","20243.0","20261.0","17.0","524.0","False","검증완료","29.2","20261","87.0","44.7","45.6","38.9","58.4","76.4","93.5","59.0","59.2","59.2","65.4","57.0","49.1","55.4","61.4","25.0","23.0","26.0","30.0","26.0","19.0","True","최종추천가능","","2026년 서울 아파트 실거래(취소제외), 면적구간별 중앙값","v2 행정동 통근시간을 KIKmix 가중치로 법정동 환산; GBD 6개·YBD 여의동·CBD 3개 핵심 행정동","기준=통근35+방어30+3040 25+유동성10","대화기록_1조프로젝트_데이터검증_20260829.md","","","","11","90.5","44.7","방어력(실측)","59.2","최종추천가능","True"
"v4.0_20260902","법정동×면적구간","송파구","가락동","11710107.0","59㎡급(55~65)","12억 초과","92","183000.0","18.3","3054.07209612817","50700","269500","20260103","20260723","충분(10건+)","48.7","68.1","69.2","62.0","58.9","69.2","58.4","68.1","68.6","69.2","3","3","검증완료_v2기준","-15.4","74.2","20221.0","20234.0","20261.0","21.0","3034.0","False","검증완료","33.26","20261","41.7","76.6","55.2","64.9","40.3","51.7","25.6","57.8","57.9","57.9","53.7","60.7","57.4","61.4","52.2","26.0","29.0","23.0","25.0","22.0","25.0","True","최종추천가능","","2026년 서울 아파트 실거래(취소제외), 면적구간별 중앙값","v2 행정동 통근시간을 KIKmix 가중치로 법정동 환산; GBD 6개·YBD 여의동·CBD 3개 핵심 행정동","기준=통근35+방어30+3040 25+유동성10","대화기록_1조프로젝트_데이터검증_20260829.md","","","","79","25.7","76.6","방어력(실측)","57.9","최종추천가능","True"
"v4.0_20260902","법정동×면적구간","용산구","한남동","11170131.0","59㎡급(55~65)","12억 초과","14","124350.0","12.44","2018.81262689971","65000","387500","20260131","20260619","충분(10건+)","37.8","43.3","36.9","39.3","37.3","37.8","40.6","43.3","40.1","43.3","1","1","검증완료_v2기준","-55.3","7.8","20241.0","20253.0","20261.0","20.0","439.0","False","검증완료","36.62","20261","97.3","14.5","63.1","34.0","93.9","87.3","79.8","57.1","57.6","57.6","67.6","51.0","56.4","54.1","51.5","27.0","19.0","31.0","26.0","29.0","26.0","True","최종추천가능","","2026년 서울 아파트 실거래(취소제외), 면적구간별 중앙값","v2 행정동 통근시간을 KIKmix 가중치로 법정동 환산; GBD 6개·YBD 여의동·CBD 3개 핵심 행정동","기준=통근35+방어30+3040 25+유동성10","대화기록_1조프로젝트_데이터검증_20260829.md","","","","6","95.2","14.5","방어력(실측)","57.6","최종추천가능","True"
"v4.0_20260902","법정동×면적구간","성동구","성수동1가","11200114.0","59㎡급(55~65)","12억 초과","25","180000.0","18.0","3005.76104199716","120000","274000","20260110","20260731","충분(10건+)","38.7","55.8","42.0","45.5","40.3","42.0","47.2","55.8","48.9","55.8","2","2","검증완료_v2기준","-42.3","50.4","20222.0","20232.0","20261.0","20.0","934.0","False","검증완료","32.03","20261","82.2","34.7","52.3","43.3","86.5","73.9","63.2","56.2","56.6","56.6","62.8","53.3","58.1","53.7","49.9","28.0","25.0","30.0","23.0","31.0","30.0","True","최종추천가능","","2026년 서울 아파트 실거래(취소제외), 면적구간별 중앙값","v2 행정동 통근시간을 KIKmix 가중치로 법정동 환산; GBD 6개·YBD 여의동·CBD 3개 핵심 행정동","기준=통근35+방어30+3040 25+유동성10","대화기록_1조프로젝트_데이터검증_20260829.md","","","","75","29.0","34.7","방어력(실측)","56.6","최종추천가능","True"
"v4.0_20260902","법정동×면적구간","마포구","상암동","11440127.0","59㎡급(55~65)","12억 초과","20","123750.0","12.38","2065.25367156208","90000","146000","20260104","20260711","충분(10건+)","76.1","44.1","57.3","59.2","66.7","76.1","60.1","76.1","50.7","57.3","1","1","검증완료_v2기준","-25.8","81.4","20213.0","20231.0","20261.0","19.0","713.0","False","검증완료","37.03","20261","48.6","60.4","64.1","39.7","21.0","48.3","59.7","55.4","55.1","55.1","53.2","55.5","45.5","55.0","59.0","29.0","30.0","27.0","33.0","27.0","21.0","True","최종추천가능","","2026년 서울 아파트 실거래(취소제외), 면적구간별 중앙값","v2 행정동 통근시간을 KIKmix 가중치로 법정동 환산; GBD 6개·YBD 여의동·CBD 3개 핵심 행정동","기준=통근35+방어30+3040 25+유동성10","대화기록_1조프로젝트_데이터검증_20260829.md","","","","4","96.7","60.4","방어력(실측)","55.1","최종추천가능","True"
"v4.0_20260902","법정동×면적구간","강동구","고덕동","11740102.0","59㎡급(55~65)","12억 초과","71","184000.0","18.4","3094.42167767835","136000","210000","20260107","20260729","충분(10건+)","62.2","81.8","70.2","71.4","66.2","70.2","72.0","81.8","76.0","81.8","2","2","검증완료_v2기준","-2.1","0.0","20254.0","20261.0","20261.0","21.0","2037.0","False","검증완료","30.4","20261","18.5","97.4","48.5","60.5","22.2","24.4","11.5","53.4","53.9","53.9","44.5","60.3","55.2","55.9","51.4","30.0","33.0","24.0","28.0","25.0","27.0","True","최종추천가능","","2026년 서울 아파트 실거래(취소제외), 면적구간별 중앙값","v2 행정동 통근시간을 KIKmix 가중치로 법정동 환산; GBD 6개·YBD 여의동·CBD 3개 핵심 행정동","기준=통근35+방어30+3040 25+유동성10","대화기록_1조프로젝트_데이터검증_20260829.md","","","","80","24.8","97.4","방어력(실측)","53.9","최종추천가능","True"
"v4.0_20260902","법정동×면적구간","동작구","상도동","11590102.0","59㎡급(55~65)","12억 초과","61","139500.0","13.95","2331.68416126229","40000","192000","20260101","20260808","충분(10건+)","49.2","34.4","53.3","45.7","51.3","53.3","41.8","49.2","43.9","53.3","4","4","검증완료_v2기준","-48.6","75.0","20212.0","20223.0","20261.0","21.0","2857.0","False","검증완료","29.77","20261","81.8","24.9","47.0","58.0","59.2","84.7","72.7","53.7","53.6","53.6","61.1","49.7","45.7","54.7","50.5","31.0","26.0","32.0","32.0","28.0","28.0","True","최종추천가능","","2026년 서울 아파트 실거래(취소제외), 면적구간별 중앙값","v2 행정동 통근시간을 KIKmix 가중치로 법정동 환산; GBD 6개·YBD 여의동·CBD 3개 핵심 행정동","기준=통근35+방어30+3040 25+유동성10","대화기록_1조프로젝트_데이터검증_20260829.md","","","","23","78.1","24.9","방어력(실측)","53.6","최종추천가능","True"
"v4.0_20260902","법정동×면적구간","강동구","길동","11740105.0","59㎡급(55~65)","12억 초과","59","125000.0","12.5","2034.6526784295","37500","173800","20260103","20260728","충분(10건+)","55.8","74.0","63.3","64.4","59.6","63.3","64.9","74.0","68.6","74.0","1","1","검증완료_v2기준","-20.6","0.0","20253.0","20261.0","20261.0","21.0","1678.0","False","검증완료","30.58","20261","35.8","68.5","48.9","57.5","38.7","38.7","25.6","51.3","51.1","51.1","47.1","53.7","52.1","52.1","47.5","32.0","31.0","28.0","29.0","32.0","32.0","True","최종추천가능","","2026년 서울 아파트 실거래(취소제외), 면적구간별 중앙값","v2 행정동 통근시간을 KIKmix 가중치로 법정동 환산; GBD 6개·YBD 여의동·CBD 3개 핵심 행정동","기준=통근35+방어30+3040 25+유동성10","대화기록_1조프로젝트_데이터검증_20260829.md","","","","8","93.3","68.5","방어력(실측)","51.1","최종추천가능","True"
"v4.0_20260902","법정동×면적구간","동대문구","청량리동","11230107.0","59㎡급(55~65)","12억 초과","28","135699.5","13.57","2263.4230077386","67000","149000","20260121","20260624","충분(10건+)","59.4","69.0","45.4","57.9","52.4","59.4","64.2","69.0","57.2","69.0","1","1","검증완료_v2기준","-31.9","69.5","20213.0","20234.0","20261.0","18.0","392.0","False","검증완료","23.21","20261","51.6","50.9","31.6","45.2","56.5","40.1","47.3","45.6","45.8","45.8","46.8","46.7","47.5","41.7","44.2","33.0","32.0","33.0","31.0","34.0","33.0","True","최종추천가능","","2026년 서울 아파트 실거래(취소제외), 면적구간별 중앙값","v2 행정동 통근시간을 KIKmix 가중치로 법정동 환산; GBD 6개·YBD 여의동·CBD 3개 핵심 행정동","기준=통근35+방어30+3040 25+유동성10","대화기록_1조프로젝트_데이터검증_20260829.md","","","","19","82.9","50.9","방어력(실측)","45.8","최종추천가능","True"
"v4.0_20260902","법정동×면적구간","강동구","둔촌동","11740106.0","59㎡급(55~65)","12억 초과","66","131750.0","13.18","2223.85997352653","31000","250000","20260103","20260807","충분(10건+)","54.8","70.3","67.8","64.3","61.3","67.8","62.6","70.3","69.0","70.3","2","2","검증완료_v2기준","-38.6","28.7","20244.0","20252.0","20261.0","20.0","1175.0","False","검증완료","29.5","20261","36.0","40.5","46.4","59.3","34.4","43.4","24.8","42.0","42.3","42.3","41.3","42.2","41.7","44.9","38.4","34.0","34.0","34.0","34.0","33.0","34.0","True","최종추천가능","","2026년 서울 아파트 실거래(취소제외), 면적구간별 중앙값","v2 행정동 통근시간을 KIKmix 가중치로 법정동 환산; GBD 6개·YBD 여의동·CBD 3개 핵심 행정동","기준=통근35+방어30+3040 25+유동성10","대화기록_1조프로젝트_데이터검증_20260829.md","","","","15","86.7","40.5","방어력(실측)","42.3","최종추천가능","True"
"v4.0_20260902","법정동×면적구간","송파구","오금동","11710112.0","59㎡급(55~65)","12억 초과","23","132000.0","13.2","2200.0","62700","163000","20260108","20260711","충분(10건+)","53.0","68.1","68.8","63.3","60.9","68.8","60.6","68.1","68.4","68.8","1","1","검증완료_v2기준","-45.6","97.0","20222.0","20224.0","20261.0","20.0","875.0","False","검증완료","28.5","20261","38.5","29.6","44.0","42.0","35.4","47.4","26.0","37.3","37.6","37.6","38.2","36.4","36.5","40.7","33.2","35.0","35.0","35.0","35.0","35.0","35.0","True","최종추천가능","","2026년 서울 아파트 실거래(취소제외), 면적구간별 중앙값","v2 행정동 통근시간을 KIKmix 가중치로 법정동 환산; GBD 6개·YBD 여의동·CBD 3개 핵심 행정동","기준=통근35+방어30+3040 25+유동성10","대화기록_1조프로젝트_데이터검증_20260829.md","","","","16","85.7","29.6","방어력(실측)","37.6","최종추천가능","True"
"v4.0_20260902","법정동×면적구간","은평구","갈현동","11380104.0","84㎡급(80~90)","7억 이하","15","60200.0","6.02","708.685517858404","54000","84000","20260110","20260725","충분(10건+)","76.4","60.6","46.1","61.1","61.3","76.4","68.6","76.4","53.4","60.6","2","2","검증완료_v2기준","-5.2","0.0","20252.0","20261.0","20261.0","21.0","409.0","False","검증완료","28.41","20261","43.9","92.5","43.8","35.1","34.5","31.4","54.6","56.9","57.6","57.6","52.7","62.4","54.3","53.2","61.3","1.0","2.0","1.0","1.0","1.0","1.0","True","최종추천가능","","2026년 서울 아파트 실거래(취소제외), 면적구간별 중앙값","v2 행정동 통근시간을 KIKmix 가중치로 법정동 환산; GBD 6개·YBD 여의동·CBD 3개 핵심 행정동","기준=통근35+방어30+3040 25+유동성10","대화기록_1조프로젝트_데이터검증_20260829.md","7.0","0.98","14.0","10","50.0","92.5","방어력(실측)","57.6","최종추천가능","True"
"v4.0_20260902","법정동×면적구간","구로구","오류동","11530108.0","84㎡급(80~90)","7억 이하","90","66700.0","6.67","786.27580339273","35000","102000","20260115","20260820","충분(10건+)","73.2","52.0","65.5","63.6","69.4","73.2","62.6","73.2","58.7","65.5","2","2","검증완료_v2기준","-27.9","72.9","20213.0","20223.0","20261.0","21.0","1060.0","False","검증완료","34.26","20261","37.8","57.2","57.6","64.5","14.3","43.3","44.4","51.6","51.2","51.2","48.3","52.2","43.0","53.2","53.6","2.0","3.0","2.0","4.0","2.0","2.0","True","최종추천가능","","2026년 서울 아파트 실거래(취소제외), 면적구간별 중앙값","v2 행정동 통근시간을 KIKmix 가중치로 법정동 환산; GBD 6개·YBD 여의동·CBD 3개 핵심 행정동","기준=통근35+방어30+3040 25+유동성10","대화기록_1조프로젝트_데이터검증_20260829.md","7.0","0.33","4.7","16","16.7","57.2","방어력(실측)","51.2","최종추천가능","True"
"v4.0_20260902","법정동×면적구간","광진구","중곡동","11215101.0","84㎡급(80~90)","7억 이하","10","66900.0","6.69","788.114231577518","61000","78800","20260319","20260818","충분(10건+)","45.8","65.6","49.3","53.6","47.5","49.3","55.7","65.6","57.5","65.6","4","4","검증완료_v2기준","-35.1","0.0","20254.0","20261.0","20261.0","15.0","240.0","False","검증완료","30.39","20261","62.4","46.0","48.4","28.8","68.6","57.1","46.8","50.0","50.6","50.6","53.0","49.7","52.8","48.8","45.2","3.0","1.0","5.0","2.0","4.0","6.0","True","최종추천가능","","2026년 서울 아파트 실거래(취소제외), 면적구간별 중앙값","v2 행정동 통근시간을 KIKmix 가중치로 법정동 환산; GBD 6개·YBD 여의동·CBD 3개 핵심 행정동","기준=통근35+방어30+3040 25+유동성10","대화기록_1조프로젝트_데이터검증_20260829.md","7.0","0.31","4.4","17","11.1","46.0","방어력(실측)","50.6","최종추천가능","True"
"v4.0_20260902","법정동×면적구간","은평구","신사동","11380109.0","84㎡급(80~90)","7억 이하","110","60000.0","6.0","712.843055720566","42000","110500","20260110","20260813","충분(10건+)","78.8","53.8","55.8","62.8","67.3","78.8","66.4","78.8","54.8","55.8","2","2","검증완료_v2기준","-31.0","30.1","20221.0","20232.0","20261.0","21.0","716.0","False","검증완료","28.85","20261","39.6","52.3","44.8","67.9","19.5","35.8","51.9","47.3","47.5","47.5","46.0","48.6","40.5","46.2","51.8","4.0","4.0","6.0","8.0","5.0","3.0","True","최종추천가능","","2026년 서울 아파트 실거래(취소제외), 면적구간별 중앙값","v2 행정동 통근시간을 KIKmix 가중치로 법정동 환산; GBD 6개·YBD 여의동·CBD 3개 핵심 행정동","기준=통근35+방어30+3040 25+유동성10","대화기록_1조프로젝트_데이터검증_20260829.md","7.0","1.0","14.3","7","61.1","52.3","방어력(실측)","47.5","최종추천가능","True"
"v4.0_20260902","법정동×면적구간","금천구","시흥동","11545103.0","84㎡급(80~90)","7억 이하","155","58300.0","5.83","686.124514534542","36500","100000","20260102","20260817","충분(10건+)","68.5","55.2","74.4","66.0","71.4","74.4","61.9","68.5","64.8","74.4","5","5","검증완료_v2기준","-23.1","60.7","20214.0","20232.0","20261.0","21.0","1661.0","False","검증완료","25.52","20261","31.8","64.6","37.0","73.6","9.3","44.8","32.9","47.3","47.1","47.1","43.6","50.1","39.2","51.7","47.5","5.0","5.0","3.0","9.0","3.0","4.0","True","최종추천가능","","2026년 서울 아파트 실거래(취소제외), 면적구간별 중앙값","v2 행정동 통근시간을 KIKmix 가중치로 법정동 환산; GBD 6개·YBD 여의동·CBD 3개 핵심 행정동","기준=통근35+방어30+3040 25+유동성10","대화기록_1조프로젝트_데이터검증_20260829.md","7.0","1.17","16.7","6","72.2","64.6","방어력(실측)","47.1","최종추천가능","True"
"v4.0_20260902","법정동×면적구간","중랑구","망우동","11260105.0","84㎡급(80~90)","7억 이하","66","67600.0","6.76","795.902682609213","46000","104000","20260103","20260816","충분(10건+)","58.4","85.8","63.7","69.3","61.0","63.7","72.1","85.8","74.8","85.8","2","2","검증완료_v2기준","-17.0","0.0","20253.0","20261.0","20261.0","21.0","501.0","False","검증완료","25.0","20261","23.8","74.1","35.8","59.3","35.1","24.4","14.0","45.0","45.4","45.4","39.8","49.9","49.4","45.6","42.0","6.0","6.0","4.0","3.0","6.0","9.0","True","최종추천가능","","2026년 서울 아파트 실거래(취소제외), 면적구간별 중앙값","v2 행정동 통근시간을 KIKmix 가중치로 법정동 환산; GBD 6개·YBD 여의동·CBD 3개 핵심 행정동","기준=통근35+방어30+3040 25+유동성10","대화기록_1조프로젝트_데이터검증_20260829.md","7.0","0.24","3.4","18","5.6","74.1","방어력(실측)","45.4","최종추천가능","True"
"v4.0_20260902","법정동×면적구간","도봉구","쌍문동","11320105.0","84㎡급(80~90)","7억 이하","128","54750.0","5.48","647.664358427881","29000","82800","20260112","20260819","충분(10건+)","79.6","75.8","57.8","71.1","68.7","79.6","77.7","79.6","66.8","75.8","4","4","검증완료_v2기준","-24.1","19.2","20221.0","20234.0","20261.0","21.0","1448.0","False","검증완료","26.31","20261","19.3","63.1","38.8","70.4","15.9","13.1","29.1","42.6","42.4","42.4","37.1","45.8","41.2","40.3","45.9","7.0","9.0","7.0","6.0","7.0","5.0","True","최종추천가능","","2026년 서울 아파트 실거래(취소제외), 면적구간별 중앙값","v2 행정동 통근시간을 KIKmix 가중치로 법정동 환산; GBD 6개·YBD 여의동·CBD 3개 핵심 행정동","기준=통근35+방어30+3040 25+유동성10","대화기록_1조프로젝트_데이터검증_20260829.md","7.0","1.52","21.7","3","88.9","63.1","방어력(실측)","42.4","최종추천가능","True"
"v4.0_20260902","법정동×면적구간","강북구","번동","11305102.0","84㎡급(80~90)","7억 이하","68","60000.0","6.0","707.255459210141","46400","79500","20260108","20260808","충분(10건+)","76.9","74.5","55.0","68.8","66.0","76.9","75.7","76.9","64.8","74.5","3","3","검증완료_v2기준","-27.9","48.4","20233.0","20241.0","20261.0","19.0","833.0","False","검증완료","27.55","20261","24.9","57.2","41.8","59.8","22.8","17.1","32.9","42.4","42.3","42.3","38.2","44.7","41.6","39.6","45.1","8.0","8.0","8.0","5.0","8.0","7.0","True","최종추천가능","","2026년 서울 아파트 실거래(취소제외), 면적구간별 중앙값","v2 행정동 통근시간을 KIKmix 가중치로 법정동 환산; GBD 6개·YBD 여의동·CBD 3개 핵심 행정동","기준=통근35+방어30+3040 25+유동성10","대화기록_1조프로젝트_데이터검증_20260829.md","7.0","1.0","14.3","7","61.1","57.2","방어력(실측)","42.3","최종추천가능","True"
"v4.0_20260902","법정동×면적구간","은평구","구산동","11380105.0","84㎡급(80~90)","7억 이하","49","60500.0","6.05","714.97790068307","41900","74000","20260127","20260810","충분(10건+)","80.0","61.5","53.0","64.8","66.5","80.0","70.8","80.0","57.2","61.5","1","1","검증완료_v2기준","-39.4","80.4","20213.0","20232.0","20261.0","20.0","373.0","False","검증완료","27.65","20261","34.7","39.3","42.0","54.4","21.5","27.0","47.2","39.6","39.9","39.9","39.0","40.0","35.3","37.2","44.2","9.0","7.0","11.0","10.0","10.0","8.0","True","최종추천가능","","2026년 서울 아파트 실거래(취소제외), 면적구간별 중앙값","v2 행정동 통근시간을 KIKmix 가중치로 법정동 환산; GBD 6개·YBD 여의동·CBD 3개 핵심 행정동","기준=통근35+방어30+3040 25+유동성10","대화기록_1조프로젝트_데이터검증_20260829.md","7.0","0.95","13.6","11","44.4","39.3","방어력(실측)","39.9","최종추천가능","True"
"v4.0_20260902","법정동×면적구간","노원구","상계동","11350105.0","84㎡급(80~90)","7억 이하","311","68500.0","6.85","806.736544576611","35000","137500","20260102","20260819","충분(10건+)","72.4","84.5","62.6","73.1","67.5","72.4","78.4","84.5","73.5","84.5","9","9","검증완료_v2기준","-29.5","41.4","20214.0","20244.0","20261.0","21.0","7176.0","False","검증완료","25.07","20261","14.3","54.7","35.9","85.3","19.1","11.7","16.3","39.1","38.9","38.9","33.8","41.9","40.6","38.0","39.6","10.0","10.0","9.0","7.0","9.0","11.0","True","최종추천가능","","2026년 서울 아파트 실거래(취소제외), 면적구간별 중앙값","v2 행정동 통근시간을 KIKmix 가중치로 법정동 환산; GBD 6개·YBD 여의동·CBD 3개 핵심 행정동","기준=통근35+방어30+3040 25+유동성10","대화기록_1조프로젝트_데이터검증_20260829.md","7.0","0.15","2.1","19","0.0","54.7","방어력(실측)","38.9","최종추천가능","True"
"v4.0_20260902","법정동×면적구간","도봉구","방학동","11320106.0","84㎡급(80~90)","7억 이하","175","54900.0","5.49","646.034361026124","40000","95000","20260106","20260821","충분(10건+)","84.6","83.4","64.1","77.3","74.3","84.6","84.0","84.6","73.7","83.4","3","3","검증완료_v2기준","-24.7","32.3","20222.0","20241.0","20261.0","21.0","1541.0","False","검증완료","23.98","20261","4.0","62.1","33.4","75.6","2.0","0.6","15.9","36.0","35.9","35.9","28.7","40.3","35.2","34.8","40.1","11.0","12.0","10.0","11.0","11.0","10.0","True","최종추천가능","","2026년 서울 아파트 실거래(취소제외), 면적구간별 중앙값","v2 행정동 통근시간을 KIKmix 가중치로 법정동 환산; GBD 6개·YBD 여의동·CBD 3개 핵심 행정동","기준=통근35+방어30+3040 25+유동성10","대화기록_1조프로젝트_데이터검증_20260829.md","7.0","1.51","21.6","4","83.3","62.1","방어력(실측)","35.9","최종추천가능","True"
"v4.0_20260902","법정동×면적구간","강북구","수유동","11305103.0","84㎡급(80~90)","7억 이하","37","65000.0","6.5","765.155974102413","38500","76000","20260120","20260801","충분(10건+)","81.4","74.8","55.5","70.5","68.4","81.4","78.1","81.4","65.1","74.8","5","5","검증완료_v2기준","-42.2","38.7","20224.0","20251.0","20261.0","21.0","685.0","False","검증완료","26.54","20261","20.7","34.9","39.4","49.7","16.7","12.4","32.3","32.6","32.5","32.5","30.2","33.0","31.1","29.6","36.6","13.0","11.0","13.0","13.0","13.0","12.0","True","최종추천가능","","2026년 서울 아파트 실거래(취소제외), 면적구간별 중앙값","v2 행정동 통근시간을 KIKmix 가중치로 법정동 환산; GBD 6개·YBD 여의동·CBD 3개 핵심 행정동","기준=통근35+방어30+3040 25+유동성10","대화기록_1조프로젝트_데이터검증_20260829.md","7.0","0.5","7.1","13","33.3","34.9","방어력(실측)","32.5","최종추천가능","True"
"v4.0_20260902","법정동×면적구간","도봉구","도봉동","11320108.0","84㎡급(80~90)","7억 이하","159","60000.0","6.0","706.380974805745","38921","87910","20260102","20260820","충분(10건+)","76.6","88.6","66.6","77.3","71.6","76.6","82.6","88.6","77.6","88.6","2","2","검증완료_v2기준","-32.5","31.9","20221.0","20231.0","20261.0","21.0","1067.0","False","검증완료","24.45","20261","4.1","50.0","34.5","74.0","8.7","3.3","8.5","32.3","32.5","32.5","26.4","35.5","34.1","32.2","34.0","12.0","13.0","12.0","12.0","12.0","13.0","True","최종추천가능","","2026년 서울 아파트 실거래(취소제외), 면적구간별 중앙값","v2 행정동 통근시간을 KIKmix 가중치로 법정동 환산; GBD 6개·YBD 여의동·CBD 3개 핵심 행정동","기준=통근35+방어30+3040 25+유동성10","대화기록_1조프로젝트_데이터검증_20260829.md","7.0","1.0","14.3","7","61.1","50.0","방어력(실측)","32.5","최종추천가능","True"
"v4.0_20260902","법정동×면적구간","구로구","구로동","11530102.0","84㎡급(80~90)","7~9억","259","78000.0","7.8","919.947972094123","30000","144500","20260102","20260824","충분(10건+)","61.4","42.9","57.0","53.8","59.2","61.4","52.2","61.4","50.0","57.0","5","5","검증완료_v2기준","-3.0","0.0","20254.0","20261.0","20261.0","21.0","4191.0","False","검증완료","29.78","20261","61.9","96.0","47.0","82.2","39.6","64.1","61.1","70.4","70.4","70.4","67.8","74.6","62.6","71.2","70.2","1.0","1.0","1.0","1.0","1.0","1.0","True","최종추천가능","","2026년 서울 아파트 실거래(취소제외), 면적구간별 중앙값","v2 행정동 통근시간을 KIKmix 가중치로 법정동 환산; GBD 6개·YBD 여의동·CBD 3개 핵심 행정동","기준=통근35+방어30+3040 25+유동성10","대화기록_1조프로젝트_데이터검증_20260829.md","9.0","1.2","13.3","13","70.2","96.0","방어력(실측)","70.4","최종추천가능","True"
"v4.0_20260902","법정동×면적구간","관악구","남현동","11620103.0","84㎡급(80~90)","7~9억","32","84500.0","8.45","995.692533542452","54000","107000","20260114","20260806","충분(10건+)","37.7","48.2","54.2","46.7","46.0","54.2","43.0","48.2","51.2","54.2","1","1","검증완료_v2기준","-26.6","0.0","20253.0","20261.0","20261.0","18.0","233.0","False","검증완료","32.87","20261","79.2","59.2","54.3","47.4","72.5","82.5","58.7","64.1","63.8","63.8","67.0","63.0","61.5","64.9","56.6","2.0","2.0","3.0","2.0","2.0","5.0","True","최종추천가능","","2026년 서울 아파트 실거래(취소제외), 면적구간별 중앙값","v2 행정동 통근시간을 KIKmix 가중치로 법정동 환산; GBD 6개·YBD 여의동·CBD 3개 핵심 행정동","기준=통근35+방어30+3040 25+유동성10","대화기록_1조프로젝트_데이터검증_20260829.md","9.0","0.55","6.1","27","36.9","59.2","방어력(실측)","63.8","최종추천가능","True"
"v4.0_20260902","법정동×면적구간","강서구","공항동","11500108.0","84㎡급(80~90)","7~9억","13","80000.0","8.0","945.067926757236","43000","90000","20260117","20260722","충분(10건+)","73.1","48.1","64.9","62.0","69.0","73.1","60.6","73.1","56.5","64.9","2","2","검증완료_v2기준","-0.5","0.0","20254.0","20261.0","20261.0","9.0","128.0","False","검증완료","31.58","20261","41.6","99.8","51.2","32.9","15.3","47.3","48.7","61.0","60.6","60.6","54.3","65.9","51.4","62.6","63.1","3.0","6.0","2.0","10.0","3.0","2.0","True","최종추천가능","","2026년 서울 아파트 실거래(취소제외), 면적구간별 중앙값","v2 행정동 통근시간을 KIKmix 가중치로 법정동 환산; GBD 6개·YBD 여의동·CBD 3개 핵심 행정동","기준=통근35+방어30+3040 25+유동성10","대화기록_1조프로젝트_데이터검증_20260829.md","9.0","1.0","11.1","21","51.2","99.8","방어력(실측)","60.6","최종추천가능","True"
"v4.0_20260902","법정동×면적구간","관악구","신림동","11620102.0","84㎡급(80~90)","7~9억","222","72000.0","7.2","847.457638859209","44700","170000","20260107","20260824","충분(10건+)","53.6","46.5","64.5","54.9","59.0","64.5","50.0","53.6","55.5","64.5","11","11","검증완료_v2기준","-28.4","46.9","20214.0","20231.0","20261.0","21.0","2368.0","False","검증완료","32.43","20261","59.2","56.4","53.2","79.6","40.0","68.3","50.6","58.9","58.9","58.9","59.5","58.9","52.2","62.1","55.9","4.0","3.0","7.0","8.0","4.0","6.0","True","최종추천가능","","2026년 서울 아파트 실거래(취소제외), 면적구간별 중앙값","v2 행정동 통근시간을 KIKmix 가중치로 법정동 환산; GBD 6개·YBD 여의동·CBD 3개 핵심 행정동","기준=통근35+방어30+3040 25+유동성10","대화기록_1조프로젝트_데이터검증_20260829.md","9.0","1.8","20.0","3","95.2","56.4","방어력(실측)","58.9","최종추천가능","True"
"v4.0_20260902","법정동×면적구간","금천구","가산동","11545101.0","84㎡급(80~90)","7~9억","26","72500.0","7.25","853.945818610129","45300","83500","20260115","20260731","충분(10건+)","64.7","51.3","67.8","61.3","66.2","67.8","58.0","64.7","59.6","67.8","1","1","검증완료_v2기준","-20.0","26.0","20223.0","20253.0","20261.0","21.0","456.0","False","검증완료","41.18","20261","43.5","69.5","73.8","44.0","22.1","52.5","42.9","59.5","58.9","58.9","54.8","60.0","51.4","62.1","58.7","5.0","5.0","6.0","9.0","5.0","4.0","True","최종추천가능","","2026년 서울 아파트 실거래(취소제외), 면적구간별 중앙값","v2 행정동 통근시간을 KIKmix 가중치로 법정동 환산; GBD 6개·YBD 여의동·CBD 3개 핵심 행정동","기준=통근35+방어30+3040 25+유동성10","대화기록_1조프로젝트_데이터검증_20260829.md","9.0","1.75","19.4","4","92.9","69.5","방어력(실측)","58.9","최종추천가능","True"
"v4.0_20260902","법정동×면적구간","서대문구","홍은동","11410118.0","84㎡급(80~90)","7~9억","134","74650.0","7.46","880.514272234017","43300","145000","20260102","20260820","충분(10건+)","72.4","52.4","46.4","57.1","59.4","72.4","62.4","72.4","49.4","52.4","2","2","검증완료_v2기준","-16.1","0.0","20253.0","20261.0","20261.0","21.0","1311.0","False","검증완료","26.76","20261","53.7","75.5","39.9","71.2","39.1","43.6","62.2","58.4","58.5","58.5","57.1","61.4","53.4","55.0","61.5","6.0","4.0","5.0","6.0","8.0","3.0","True","최종추천가능","","2026년 서울 아파트 실거래(취소제외), 면적구간별 중앙값","v2 행정동 통근시간을 KIKmix 가중치로 법정동 환산; GBD 6개·YBD 여의동·CBD 3개 핵심 행정동","기준=통근35+방어30+3040 25+유동성10","대화기록_1조프로젝트_데이터검증_20260829.md","9.0","1.54","17.1","9","81.0","75.5","방어력(실측)","58.5","최종추천가능","True"
"v4.0_20260902","법정동×면적구간","중랑구","중화동","11260103.0","84㎡급(80~90)","7~9억","47","79500.0","7.95","939.383197447714","47000","108000","20260103","20260814","충분(10건+)","55.1","73.4","56.4","61.6","55.7","56.4","64.2","73.4","64.9","73.4","2","2","검증완료_v2기준","-8.3","0.0","20254.0","20261.0","20261.0","20.0","506.0","False","검증완료","27.32","20261","42.6","87.7","41.2","53.7","48.2","40.0","32.7","56.4","56.9","56.9","52.4","61.5","58.9","56.0","53.4","7.0","7.0","4.0","3.0","6.0","9.0","True","최종추천가능","","2026년 서울 아파트 실거래(취소제외), 면적구간별 중앙값","v2 행정동 통근시간을 KIKmix 가중치로 법정동 환산; GBD 6개·YBD 여의동·CBD 3개 핵심 행정동","기준=통근35+방어30+3040 25+유동성10","대화기록_1조프로젝트_데이터검증_20260829.md","9.0","1.05","11.7","19","57.1","87.7","방어력(실측)","56.9","최종추천가능","True"
"v4.0_20260902","법정동×면적구간","중랑구","면목동","11260101.0","84㎡급(80~90)","7~9억","238","78250.0","7.82","924.896156421158","48800","154000","20260102","20260819","충분(10건+)","52.4","70.9","59.5","60.9","55.9","59.5","61.7","70.9","65.2","70.9","6","6","검증완료_v2기준","-24.6","50.8","20213.0","20224.0","20261.0","21.0","1829.0","False","검증완료","28.37","20261","44.3","62.3","43.7","80.8","47.7","45.1","32.2","53.0","53.2","53.2","51.4","55.0","54.4","53.5","49.0","8.0","9.0","9.0","4.0","9.0","15.0","True","최종추천가능","","2026년 서울 아파트 실거래(취소제외), 면적구간별 중앙값","v2 행정동 통근시간을 KIKmix 가중치로 법정동 환산; GBD 6개·YBD 여의동·CBD 3개 핵심 행정동","기준=통근35+방어30+3040 25+유동성10","대화기록_1조프로젝트_데이터검증_20260829.md","9.0","1.18","13.1","15","66.7","62.3","방어력(실측)","53.2","최종추천가능","True"
"v4.0_20260902","법정동×면적구간","구로구","온수동","11530110.0","84㎡급(80~90)","7~9억","20","79350.0","7.94","933.749338079539","48000","85800","20260113","20260801","충분(10건+)","72.0","53.7","68.4","64.7","70.2","72.0","62.8","72.0","61.0","68.4","1","1","검증완료_v2기준","-12.0","21.1","20243.0","20251.0","20261.0","11.0","141.0","False","검증완료","29.92","20261","35.0","81.9","47.3","39.7","12.3","42.8","40.0","52.9","52.6","52.6","47.3","56.7","44.7","55.3","54.4","9.0","18.0","8.0","17.0","7.0","7.0","True","최종추천가능","","2026년 서울 아파트 실거래(취소제외), 면적구간별 중앙값","v2 행정동 통근시간을 KIKmix 가중치로 법정동 환산; GBD 6개·YBD 여의동·CBD 3개 핵심 행정동","기준=통근35+방어30+3040 25+유동성10","대화기록_1조프로젝트_데이터검증_20260829.md","9.0","1.06","11.8","18","59.5","81.9","방어력(실측)","52.6","최종추천가능","True"
"v4.0_20260902","법정동×면적구간","중랑구","상봉동","11260102.0","84㎡급(80~90)","7~9억","105","83900.0","8.39","992.356492256075","48700","145278","20260109","20260812","충분(10건+)","53.6","71.9","52.2","59.3","53.0","53.6","62.8","71.9","62.1","71.9","2","2","검증완료_v2기준","-33.6","20.3","20253.0","20254.0","20261.0","21.0","1253.0","False","검증완료","33.19","20261","48.4","48.3","55.0","67.1","55.1","42.9","38.1","51.4","51.9","51.9","51.6","51.6","54.2","50.0","48.3","10.0","8.0","13.0","5.0","14.0","17.0","True","최종추천가능","","2026년 서울 아파트 실거래(취소제외), 면적구간별 중앙값","v2 행정동 통근시간을 KIKmix 가중치로 법정동 환산; GBD 6개·YBD 여의동·CBD 3개 핵심 행정동","기준=통근35+방어30+3040 25+유동성10","대화기록_1조프로젝트_데이터검증_20260829.md","9.0","0.61","6.8","26","40.5","48.3","방어력(실측)","51.9","최종추천가능","True"
"v4.0_20260902","법정동×면적구간","강동구","길동","11740105.0","84㎡급(80~90)","7~9억","82","80000.0","8.0","951.990937797618","50000","210000","20260108","20260801","충분(10건+)","55.8","74.0","63.3","64.4","59.6","63.3","64.9","74.0","68.6","74.0","1","1","검증완료_v2기준","-20.6","0.0","20253.0","20261.0","20261.0","21.0","1678.0","False","검증완료","30.58","20261","35.8","68.5","48.9","62.9","38.7","38.7","25.6","51.9","51.6","51.6","47.7","54.2","52.6","52.6","48.0","11.0","17.0","10.0","7.0","11.0","18.0","True","최종추천가능","","2026년 서울 아파트 실거래(취소제외), 면적구간별 중앙값","v2 행정동 통근시간을 KIKmix 가중치로 법정동 환산; GBD 6개·YBD 여의동·CBD 3개 핵심 행정동","기준=통근35+방어30+3040 25+유동성10","대화기록_1조프로젝트_데이터검증_20260829.md","9.0","1.0","11.1","21","51.2","68.5","방어력(실측)","51.6","최종추천가능","True"
"v4.0_20260902","법정동×면적구간","구로구","개봉동","11530107.0","84㎡급(80~90)","7~9억","197","85000.0","8.5","1005.08454534705","33000","110000","20260106","20260821","충분(10건+)","74.3","50.6","63.9","62.9","69.1","74.3","62.4","74.3","57.3","63.9","3","3","검증완료_v2기준","-23.9","34.8","20252.0","20253.0","20261.0","21.0","2307.0","False","검증완료","26.66","20261","39.4","63.4","39.7","77.6","15.0","43.6","47.2","50.6","50.5","50.5","48.1","52.9","42.0","52.0","53.2","13.0","14.0","12.0","21.0","12.0","10.0","True","최종추천가능","","2026년 서울 아파트 실거래(취소제외), 면적구간별 중앙값","v2 행정동 통근시간을 KIKmix 가중치로 법정동 환산; GBD 6개·YBD 여의동·CBD 3개 핵심 행정동","기준=통근35+방어30+3040 25+유동성10","대화기록_1조프로젝트_데이터검증_20260829.md","9.0","0.5","5.6","30","28.6","63.4","방어력(실측)","50.5","최종추천가능","True"
"v4.0_20260902","법정동×면적구간","양천구","신월동","11470103.0","84㎡급(80~90)","7~9억","258","76000.0","7.6","896.336967382929","40000","145000","20260101","20260806","충분(10건+)","76.9","46.5","66.1","63.2","71.5","76.9","61.7","76.9","56.3","66.1","7","7","검증완료_v2기준","-24.1","0.0","20254.0","20261.0","20261.0","21.0","2705.0","False","검증완료","26.39","20261","38.8","63.1","39.0","82.2","9.1","45.1","49.0","50.5","50.5","50.5","48.0","52.9","40.1","52.7","54.0","12.0","15.0","11.0","26.0","10.0","8.0","True","최종추천가능","","2026년 서울 아파트 실거래(취소제외), 면적구간별 중앙값","v2 행정동 통근시간을 KIKmix 가중치로 법정동 환산; GBD 6개·YBD 여의동·CBD 3개 핵심 행정동","기준=통근35+방어30+3040 25+유동성10","대화기록_1조프로젝트_데이터검증_20260829.md","9.0","1.4","15.6","10","78.6","63.1","방어력(실측)","50.5","최종추천가능","True"
"v4.0_20260902","법정동×면적구간","중랑구","묵동","11260104.0","84㎡급(80~90)","7~9억","74","74500.0","7.45","881.347775488497","40000","122500","20260110","20260811","충분(10건+)","55.2","72.3","57.5","61.7","56.4","57.5","63.8","72.3","64.9","72.3","2","2","검증완료_v2기준","-27.8","57.0","20214.0","20231.0","20261.0","21.0","982.0","False","검증완료","29.63","20261","42.4","57.3","46.7","61.2","46.6","40.9","32.7","49.4","49.8","49.8","48.1","51.1","51.3","49.3","46.4","14.0","13.0","15.0","11.0","16.0","21.0","True","최종추천가능","","2026년 서울 아파트 실거래(취소제외), 면적구간별 중앙값","v2 행정동 통근시간을 KIKmix 가중치로 법정동 환산; GBD 6개·YBD 여의동·CBD 3개 핵심 행정동","기준=통근35+방어30+3040 25+유동성10","대화기록_1조프로젝트_데이터검증_20260829.md","9.0","1.55","17.2","8","83.3","57.3","방어력(실측)","49.8","최종추천가능","True"
"v4.0_20260902","법정동×면적구간","동대문구","휘경동","11230109.0","84㎡급(80~90)","7~9억","82","88000.0","8.8","1037.38834688666","42000","161000","20260110","20260815","충분(10건+)","57.6","69.2","46.0","57.6","51.8","57.6","63.4","69.2","57.6","69.2","2","2","검증완료_v2기준","-30.7","49.7","20222.0","20231.0","20261.0","20.0","1058.0","False","검증완료","24.4","20261","52.4","52.8","34.4","62.9","57.9","41.6","46.5","48.6","49.1","49.1","49.9","50.0","51.0","45.3","47.0","15.0","11.0","17.0","12.0","22.0","20.0","True","최종추천가능","","2026년 서울 아파트 실거래(취소제외), 면적구간별 중앙값","v2 행정동 통근시간을 KIKmix 가중치로 법정동 환산; GBD 6개·YBD 여의동·CBD 3개 핵심 행정동","기준=통근35+방어30+3040 25+유동성10","대화기록_1조프로젝트_데이터검증_20260829.md","9.0","0.2","2.2","39","9.5","52.8","방어력(실측)","49.1","최종추천가능","True"
"v4.0_20260902","법정동×면적구간","강북구","미아동","11305101.0","84㎡급(80~90)","7~9억","382","81000.0","8.1","955.639452571968","38000","135000","20260101","20260822","충분(10건+)","73.1","69.3","51.1","64.5","62.1","73.1","71.2","73.1","60.2","69.3","5","5","검증완료_v2기준","-24.3","41.7","20214.0","20231.0","20261.0","21.0","2883.0","False","검증완료","24.37","20261","35.5","62.8","34.3","88.8","32.3","26.2","41.6","48.6","48.7","48.7","46.1","51.5","47.6","45.5","50.9","16.0","20.0","14.0","13.0","21.0","11.0","True","최종추천가능","","2026년 서울 아파트 실거래(취소제외), 면적구간별 중앙값","v2 행정동 통근시간을 KIKmix 가중치로 법정동 환산; GBD 6개·YBD 여의동·CBD 3개 핵심 행정동","기준=통근35+방어30+3040 25+유동성10","대화기록_1조프로젝트_데이터검증_20260829.md","9.0","0.9","10.0","24","45.2","62.8","방어력(실측)","48.7","최종추천가능","True"
"v4.0_20260902","법정동×면적구간","성북구","상월곡동","11290137.0","84㎡급(80~90)","7~9억","12","85900.0","8.59","1010.94503942568","73500","94000","20260116","20260801","충분(10건+)","66.6","61.3","47.7","58.5","57.2","66.6","64.0","66.6","54.5","61.3","1","1","검증완료_v2기준","-25.6","10.0","20213.0","20234.0","20261.0","16.0","280.0","False","검증완료","25.68","20261","50.2","60.7","37.4","31.6","44.7","40.6","52.5","47.8","48.3","48.3","47.9","50.0","46.4","44.9","49.1","17.0","16.0","16.0","16.0","23.0","14.0","True","최종추천가능","","2026년 서울 아파트 실거래(취소제외), 면적구간별 중앙값","v2 행정동 통근시간을 KIKmix 가중치로 법정동 환산; GBD 6개·YBD 여의동·CBD 3개 핵심 행정동","기준=통근35+방어30+3040 25+유동성10","대화기록_1조프로젝트_데이터검증_20260829.md","9.0","0.41","4.6","34","21.4","60.7","방어력(실측)","48.3","최종추천가능","True"
"v4.0_20260902","법정동×면적구간","금천구","독산동","11545102.0","84㎡급(80~90)","7~9억","160","73250.0","7.32","863.159108934187","33000","135000","20260108","20260801","충분(10건+)","62.3","51.2","67.5","60.3","64.9","67.5","56.7","62.3","59.4","67.5","4","4","검증완료_v2기준","-38.9","20.3","20223.0","20251.0","20261.0","21.0","1654.0","False","검증완료","31.57","20261","45.7","40.0","51.2","74.1","25.5","55.0","43.2","48.5","48.2","48.2","48.5","47.4","41.1","51.5","47.3","18.0","12.0","21.0","23.0","13.0","19.0","True","최종추천가능","","2026년 서울 아파트 실거래(취소제외), 면적구간별 중앙값","v2 행정동 통근시간을 KIKmix 가중치로 법정동 환산; GBD 6개·YBD 여의동·CBD 3개 핵심 행정동","기준=통근35+방어30+3040 25+유동성10","대화기록_1조프로젝트_데이터검증_20260829.md","9.0","1.68","18.7","6","88.1","40.0","방어력(실측)","48.2","최종추천가능","True"
"v4.0_20260902","법정동×면적구간","강서구","방화동","11500109.0","84㎡급(80~90)","7~9억","133","76800.0","7.68","914.41111923921","49000","117000","20260104","20260815","충분(10건+)","74.9","49.1","68.4","64.1","71.7","74.9","62.0","74.9","58.8","68.4","4","4","검증완료_v2기준","-33.1","80.3","20213.0","20223.0","20261.0","21.0","1869.0","False","검증완료","30.83","20261","36.4","49.1","49.5","71.0","8.7","44.5","44.3","47.7","46.9","46.9","45.0","47.6","37.2","49.8","49.7","19.0","21.0","20.0","27.0","15.0","13.0","True","최종추천가능","","2026년 서울 아파트 실거래(취소제외), 면적구간별 중앙값","v2 행정동 통근시간을 KIKmix 가중치로 법정동 환산; GBD 6개·YBD 여의동·CBD 3개 핵심 행정동","기준=통근35+방어30+3040 25+유동성10","대화기록_1조프로젝트_데이터검증_20260829.md","9.0","1.32","14.7","11","76.2","49.1","방어력(실측)","46.9","최종추천가능","True"
"v4.0_20260902","법정동×면적구간","노원구","공릉동","11350103.0","84㎡급(80~90)","7~9억","207","79000.0","7.9","933.25457767277","46300","144500","20260102","20260817","충분(10건+)","64.2","72.2","56.7","64.4","60.4","64.2","68.2","72.2","64.4","72.2","2","2","검증완료_v2기준","-26.6","49.5","20222.0","20224.0","20261.0","21.0","2838.0","False","검증완료","24.67","20261","35.9","59.2","35.0","78.5","36.5","32.2","33.6","46.6","46.9","46.9","44.6","49.3","47.1","45.6","46.1","20.0","23.0","18.0","14.0","20.0","23.0","True","최종추천가능","","2026년 서울 아파트 실거래(취소제외), 면적구간별 중앙값","v2 행정동 통근시간을 KIKmix 가중치로 법정동 환산; GBD 6개·YBD 여의동·CBD 3개 핵심 행정동","기준=통근35+방어30+3040 25+유동성10","대화기록_1조프로젝트_데이터검증_20260829.md","9.0","1.1","12.2","16","63.1","59.2","방어력(실측)","46.9","최종추천가능","True"
"v4.0_20260902","법정동×면적구간","은평구","역촌동","11380108.0","84㎡급(80~90)","7~9억","22","70500.0","7.05","830.48651195665","41600","123000","20260207","20260814","충분(10건+)","77.9","55.1","53.5","62.2","65.7","77.9","66.5","77.9","54.3","55.1","1","1","검증완료_v2기준","-28.4","22.2","20244.0","20253.0","20261.0","18.0","294.0","False","검증완료","28.5","20261","41.2","56.4","44.0","41.3","23.5","35.5","52.9","46.2","46.5","46.5","44.8","47.8","40.3","44.5","50.6","21.0","22.0","19.0","25.0","24.0","12.0","True","최종추천가능","","2026년 서울 아파트 실거래(취소제외), 면적구간별 중앙값","v2 행정동 통근시간을 KIKmix 가중치로 법정동 환산; GBD 6개·YBD 여의동·CBD 3개 핵심 행정동","기준=통근35+방어30+3040 25+유동성10","대화기록_1조프로젝트_데이터검증_20260829.md","9.0","1.95","21.7","2","97.6","56.4","방어력(실측)","46.5","최종추천가능","True"
"v4.0_20260902","법정동×면적구간","강동구","성내동","11740108.0","84㎡급(80~90)","7~9억","86","90000.0","9.0","1071.92188400358","48310","171600","20260103","20260813","충분(10건+)","51.3","69.4","58.3","59.7","54.8","58.3","60.4","69.4","63.9","69.4","3","3","검증완료_v2기준","-42.9","57.0","20212.0","20224.0","20261.0","21.0","1248.0","False","검증완료","31.23","20261","47.3","33.8","50.4","63.7","50.5","47.7","34.6","45.0","45.7","45.7","46.9","44.2","46.8","45.8","41.2","22.0","19.0","27.0","15.0","19.0","27.0","True","최종추천가능","","2026년 서울 아파트 실거래(취소제외), 면적구간별 중앙값","v2 행정동 통근시간을 KIKmix 가중치로 법정동 환산; GBD 6개·YBD 여의동·CBD 3개 핵심 행정동","기준=통근35+방어30+3040 25+유동성10","대화기록_1조프로젝트_데이터검증_20260829.md","9.0","0.0","0.0","41","2.4","33.8","방어력(실측)","45.7","최종추천가능","True"
"v4.0_20260902","법정동×면적구간","구로구","고척동","11530106.0","84㎡급(80~90)","7~9억","171","73000.0","7.3","860.13903617297","48500","126087","20260105","20260814","충분(10건+)","76.9","47.6","67.9","64.1","72.4","76.9","62.2","76.9","57.8","67.9","2","2","검증완료_v2기준","-32.2","56.8","20214.0","20223.0","20261.0","21.0","1287.0","False","검증완료","25.89","20261","36.4","50.5","37.9","75.3","6.8","44.0","46.2","45.5","44.9","44.9","43.4","46.2","34.5","47.6","48.3","23.0","24.0","23.0","29.0","17.0","16.0","True","최종추천가능","","2026년 서울 아파트 실거래(취소제외), 면적구간별 중앙값","v2 행정동 통근시간을 KIKmix 가중치로 법정동 환산; GBD 6개·YBD 여의동·CBD 3개 핵심 행정동","기준=통근35+방어30+3040 25+유동성10","대화기록_1조프로젝트_데이터검증_20260829.md","9.0","1.7","18.9","5","90.5","50.5","방어력(실측)","44.9","최종추천가능","True"
"v4.0_20260902","법정동×면적구간","구로구","천왕동","11530111.0","84㎡급(80~90)","7~9억","43","77500.0","7.75","912.086618806638","67000","96000","20260102","20260808","충분(10건+)","72.2","55.9","67.8","65.3","70.0","72.2","64.0","72.2","61.8","67.8","1","1","검증완료_v2기준","-25.9","58.2","20213.0","20232.0","20261.0","14.0","150.0","False","검증완료","25.14","20261","33.6","60.3","36.1","52.2","12.8","40.4","38.5","44.4","44.1","44.1","41.3","46.6","36.8","46.5","45.8","24.0","26.0","22.0","28.0","18.0","24.0","True","최종추천가능","","2026년 서울 아파트 실거래(취소제외), 면적구간별 중앙값","v2 행정동 통근시간을 KIKmix 가중치로 법정동 환산; GBD 6개·YBD 여의동·CBD 3개 핵심 행정동","기준=통근35+방어30+3040 25+유동성10","대화기록_1조프로젝트_데이터검증_20260829.md","9.0","1.25","13.9","12","73.8","60.3","방어력(실측)","44.1","최종추천가능","True"
"v4.0_20260902","법정동×면적구간","도봉구","창동","11320107.0","84㎡급(80~90)","7~9억","222","86650.0","8.66","1022.47924054971","49300","123700","20260102","20260813","충분(10건+)","77.0","75.4","56.3","69.6","66.6","77.0","76.2","77.0","65.8","75.4","5","5","검증완료_v2기준","-27.7","29.3","20221.0","20224.0","20261.0","21.0","3131.0","False","검증완료","27.18","20261","23.1","57.5","40.9","79.6","21.2","16.2","30.9","43.6","43.5","43.5","39.2","46.1","42.9","41.1","46.2","25.0","28.0","24.0","20.0","28.0","22.0","True","최종추천가능","","2026년 서울 아파트 실거래(취소제외), 면적구간별 중앙값","v2 행정동 통근시간을 KIKmix 가중치로 법정동 환산; GBD 6개·YBD 여의동·CBD 3개 핵심 행정동","기준=통근35+방어30+3040 25+유동성10","대화기록_1조프로젝트_데이터검증_20260829.md","9.0","0.34","3.8","37","14.3","57.5","방어력(실측)","43.5","최종추천가능","True"
"v4.0_20260902","법정동×면적구간","중랑구","신내동","11260106.0","84㎡급(80~90)","7~9억","180","70250.0","7.02","829.941212431759","34600","92300","20260103","20260821","충분(10건+)","65.0","79.0","61.2","68.4","63.1","65.0","72.0","79.0","70.1","79.0","2","2","검증완료_v2기준","-29.0","43.7","20214.0","20231.0","20261.0","21.0","2051.0","False","검증완료","26.26","20261","26.0","55.5","38.7","76.1","30.0","24.5","22.9","43.1","43.0","43.0","39.4","45.4","44.4","42.5","42.0","26.0","27.0","26.0","18.0","26.0","25.0","True","최종추천가능","","2026년 서울 아파트 실거래(취소제외), 면적구간별 중앙값","v2 행정동 통근시간을 KIKmix 가중치로 법정동 환산; GBD 6개·YBD 여의동·CBD 3개 핵심 행정동","기준=통근35+방어30+3040 25+유동성10","대화기록_1조프로젝트_데이터검증_20260829.md","9.0","1.98","22.0","1","100.0","55.5","방어력(실측)","43.0","최종추천가능","True"
"v4.0_20260902","법정동×면적구간","노원구","하계동","11350104.0","84㎡급(80~90)","7~9억","126","89000.0","8.9","1049.8997286776","60000","125000","20260110","20260808","충분(10건+)","64.2","79.8","63.0","69.0","63.6","64.2","72.0","79.8","71.4","79.8","2","2","검증완료_v2기준","-23.4","36.9","20221.0","20232.0","20261.0","21.0","1738.0","False","검증완료","22.76","20261","24.4","64.2","30.5","70.1","28.6","24.5","20.3","42.3","42.4","42.4","38.2","46.1","43.9","42.5","41.0","27.0","29.0","25.0","19.0","27.0","29.0","True","최종추천가능","","2026년 서울 아파트 실거래(취소제외), 면적구간별 중앙값","v2 행정동 통근시간을 KIKmix 가중치로 법정동 환산; GBD 6개·YBD 여의동·CBD 3개 핵심 행정동","기준=통근35+방어30+3040 25+유동성10","대화기록_1조프로젝트_데이터검증_20260829.md","9.0","0.1","1.1","40","7.1","64.2","방어력(실측)","42.4","최종추천가능","True"
"v4.0_20260902","법정동×면적구간","영등포구","대림동","11560133.0","84㎡급(80~90)","7~9억","170","86350.0","8.64","1027.68993623533","57500","165000","20260105","20260810","충분(10건+)","55.8","35.6","58.0","49.8","56.9","58.0","45.7","55.8","46.8","58.0","4","4","검증완료_v2기준","-64.6","81.3","20213.0","20223.0","20261.0","21.0","1356.0","False","검증완료","23.93","20261","71.7","0.0","33.2","75.2","45.4","77.1","67.1","41.3","40.9","40.9","50.0","35.7","31.7","42.8","39.3","28.0","10.0","30.0","30.0","25.0","30.0","True","최종추천가능","","2026년 서울 아파트 실거래(취소제외), 면적구간별 중앙값","v2 행정동 통근시간을 KIKmix 가중치로 법정동 환산; GBD 6개·YBD 여의동·CBD 3개 핵심 행정동","기준=통근35+방어30+3040 25+유동성10","대화기록_1조프로젝트_데이터검증_20260829.md","9.0","0.36","4.0","35","19.0","0.0","방어력(실측)","40.9","최종추천가능","True"
"v4.0_20260902","법정동×면적구간","성북구","정릉동","11290133.0","84㎡급(80~90)","7~9억","212","74000.0","7.4","870.844393125678","30000","108000","20260103","20260815","충분(10건+)","69.4","69.3","46.7","61.8","58.1","69.4","69.4","69.4","58.0","69.3","4","4","검증완료_v2기준","-45.0","15.2","20224.0","20232.0","20261.0","21.0","2097.0","False","검증완료","24.56","20261","42.1","30.5","34.7","78.9","42.4","29.8","45.8","39.8","40.4","40.4","42.0","39.7","40.6","36.1","41.7","29.0","25.0","29.0","24.0","30.0","26.0","True","최종추천가능","","2026년 서울 아파트 실거래(취소제외), 면적구간별 중앙값","v2 행정동 통근시간을 KIKmix 가중치로 법정동 환산; GBD 6개·YBD 여의동·CBD 3개 핵심 행정동","기준=통근35+방어30+3040 25+유동성10","대화기록_1조프로젝트_데이터검증_20260829.md","9.0","1.6","17.8","7","85.7","30.5","방어력(실측)","40.4","최종추천가능","True"
"v4.0_20260902","법정동×면적구간","노원구","중계동","11350106.0","84㎡급(80~90)","7~9억","242","87000.0","8.7","1024.30081403631","41800","143000","20260102","20260810","충분(10건+)","73.4","85.0","65.9","74.8","69.7","73.4","79.2","85.0","75.4","85.0","4","4","검증완료_v2기준","-25.5","38.5","20214.0","20224.0","20261.0","21.0","3951.0","False","검증완료","27.16","20261","10.3","60.9","40.8","81.1","13.6","10.1","12.7","40.3","40.2","40.2","33.6","43.7","41.3","40.1","41.0","30.0","30.0","28.0","22.0","29.0","28.0","True","최종추천가능","","2026년 서울 아파트 실거래(취소제외), 면적구간별 중앙값","v2 행정동 통근시간을 KIKmix 가중치로 법정동 환산; GBD 6개·YBD 여의동·CBD 3개 핵심 행정동","기준=통근35+방어30+3040 25+유동성10","대화기록_1조프로젝트_데이터검증_20260829.md","9.0","0.3","3.3","38","11.9","60.9","방어력(실측)","40.2","최종추천가능","True"
"v4.0_20260902","법정동×면적구간","강서구","염창동","11500101.0","84㎡급(80~90)","9~12억","215","108000.0","10.8","1272.53446447508","60000","175000","20260102","20260819","충분(10건+)","61.8","31.8","53.5","49.0","57.6","61.8","46.8","61.8","42.6","53.5","1","1","검증완료_v2기준","-25.2","86.6","20214.0","20224.0","20261.0","21.0","1893.0","False","검증완료","44.58","20261","73.5","61.4","81.8","79.1","43.5","74.8","75.0","72.1","72.5","72.5","73.3","70.9","62.0","73.0","73.0","1.0","1.0","2.0","3.0","1.0","1.0","True","최종추천가능","","2026년 서울 아파트 실거래(취소제외), 면적구간별 중앙값","v2 행정동 통근시간을 KIKmix 가중치로 법정동 환산; GBD 6개·YBD 여의동·CBD 3개 핵심 행정동","기준=통근35+방어30+3040 25+유동성10","대화기록_1조프로젝트_데이터검증_20260829.md","12.0","1.2","10.0","35","36.4","61.4","방어력(실측)","72.5","최종추천가능","True"
"v4.0_20260902","법정동×면적구간","영등포구","문래동6가","11560124.0","84㎡급(80~90)","9~12억","10","108000.0","10.8","1272.94339871144","99000","149000","20260204","20260624","충분(10건+)","61.5","31.5","46.9","46.6","54.2","61.5","46.5","61.5","39.2","46.9","1","1","검증완료_v2기준","-26.2","64.2","20222.0","20244.0","20261.0","18.0","398.0","False","검증완료","48.74","20261","79.4","59.8","91.6","28.8","52.0","75.4","81.6","71.0","71.5","71.5","72.9","68.9","61.9","70.1","72.3","2.0","2.0","3.0","5.0","2.0","2.0","True","최종추천가능","","2026년 서울 아파트 실거래(취소제외), 면적구간별 중앙값","v2 행정동 통근시간을 KIKmix 가중치로 법정동 환산; GBD 6개·YBD 여의동·CBD 3개 핵심 행정동","기준=통근35+방어30+3040 25+유동성10","대화기록_1조프로젝트_데이터검증_20260829.md","12.0","1.2","10.0","35","36.4","59.8","방어력(실측)","71.5","최종추천가능","True"
"v4.0_20260902","법정동×면적구간","서대문구","연희동","11410117.0","84㎡급(80~90)","9~12억","42","96250.0","9.62","1134.62218554757","40000","148262","20260127","20260805","충분(10건+)","72.3","43.3","46.3","54.0","59.3","72.3","57.8","72.3","44.8","46.3","1","1","검증완료_v2기준","-0.4","0.0","20254.0","20261.0","20261.0","19.0","477.0","False","검증완료","28.94","20261","61.4","100.0","45.0","51.8","39.4","52.9","70.9","67.5","67.9","67.9","64.9","72.6","60.2","64.9","71.2","3.0","6.0","1.0","6.0","6.0","3.0","True","최종추천가능","","2026년 서울 아파트 실거래(취소제외), 면적구간별 중앙값","v2 행정동 통근시간을 KIKmix 가중치로 법정동 환산; GBD 6개·YBD 여의동·CBD 3개 핵심 행정동","기준=통근35+방어30+3040 25+유동성10","대화기록_1조프로젝트_데이터검증_20260829.md","12.0","2.38","19.8","11","81.8","100.0","방어력(실측)","67.9","최종추천가능","True"
"v4.0_20260902","법정동×면적구간","마포구","망원동","11440123.0","84㎡급(80~90)","9~12억","43","92000.0","9.2","1099.16085569082","72500","177000","20260109","20260808","충분(10건+)","68.3","39.6","50.2","52.7","59.3","68.3","53.9","68.3","44.9","50.2","2","2","검증완료_v2기준","-11.2","0.0","20254.0","20261.0","20261.0","20.0","569.0","False","검증완료","33.02","20261","64.5","83.2","54.6","52.2","39.4","60.6","70.7","66.6","66.4","66.4","65.0","68.8","57.6","65.0","68.6","4.0","5.0","4.0","11.0","4.0","4.0","True","최종추천가능","","2026년 서울 아파트 실거래(취소제외), 면적구간별 중앙값","v2 행정동 통근시간을 KIKmix 가중치로 법정동 환산; GBD 6개·YBD 여의동·CBD 3개 핵심 행정동","기준=통근35+방어30+3040 25+유동성10","대화기록_1조프로젝트_데이터검증_20260829.md","12.0","2.8","23.3","2","97.3","83.2","방어력(실측)","66.4","최종추천가능","True"
"v4.0_20260902","법정동×면적구간","관악구","봉천동","11620101.0","84㎡급(80~90)","9~12억","333","116500.0","11.65","1371.23352165725","44700","166500","20260103","20260810","충분(10건+)","43.5","45.6","61.3","50.1","52.4","61.3","44.6","45.6","53.5","61.3","9","9","검증완료_v2기준","-26.8","95.4","20213.0","20224.0","20261.0","21.0","4454.0","False","검증완료","31.7","20261","70.8","58.9","51.5","86.5","56.5","79.3","54.4","63.9","64.0","64.0","66.1","63.7","59.0","67.0","58.2","6.0","4.0","8.0","7.0","3.0","15.0","True","최종추천가능","","2026년 서울 아파트 실거래(취소제외), 면적구간별 중앙값","v2 행정동 통근시간을 KIKmix 가중치로 법정동 환산; GBD 6개·YBD 여의동·CBD 3개 핵심 행정동","기준=통근35+방어30+3040 25+유동성10","대화기록_1조프로젝트_데이터검증_20260829.md","12.0","0.35","2.9","48","14.5","58.9","방어력(실측)","64.0","최종추천가능","True"
"v4.0_20260902","법정동×면적구간","성북구","보문동3가","11290132.0","84㎡급(80~90)","9~12억","19","112000.0","11.2","1319.13690756619","70000","123000","20260113","20260730","충분(10건+)","57.6","57.4","36.0","50.3","46.8","57.6","57.5","57.6","46.7","57.4","1","1","검증완료_v2기준","-12.9","50.1","20213.0","20251.0","20261.0","11.0","101.0","False","검증완료","29.18","20261","70.3","80.5","45.6","38.9","70.4","53.5","67.3","63.2","64.0","64.0","64.3","66.3","64.1","58.2","63.0","5.0","7.0","6.0","2.0","10.0","6.0","True","최종추천가능","","2026년 서울 아파트 실거래(취소제외), 면적구간별 중앙값","v2 행정동 통근시간을 KIKmix 가중치로 법정동 환산; GBD 6개·YBD 여의동·CBD 3개 핵심 행정동","기준=통근35+방어30+3040 25+유동성10","대화기록_1조프로젝트_데이터검증_20260829.md","12.0","0.8","6.7","40","29.1","80.5","방어력(실측)","64.0","최종추천가능","True"
"v4.0_20260902","법정동×면적구간","중구","황학동","11140165.0","84㎡급(80~90)","9~12억","50","118250.0","11.82","1392.32201208043","95000","139000","20260102","20260723","충분(10건+)","49.2","55.8","30.7","45.2","40.0","49.2","52.5","55.8","43.2","55.8","1","1","검증완료_v2기준","-33.8","85.1","20213.0","20224.0","20261.0","20.0","531.0","False","검증완료","35.23","20261","82.8","48.0","59.8","54.7","87.4","63.4","73.9","63.2","63.8","63.8","68.4","61.5","65.4","57.0","60.7","7.0","3.0","9.0","1.0","13.0","11.0","True","최종추천가능","","2026년 서울 아파트 실거래(취소제외), 면적구간별 중앙값","v2 행정동 통근시간을 KIKmix 가중치로 법정동 환산; GBD 6개·YBD 여의동·CBD 3개 핵심 행정동","기준=통근35+방어30+3040 25+유동성10","대화기록_1조프로젝트_데이터검증_20260829.md","12.0","0.18","1.5","53","5.5","48.0","방어력(실측)","63.8","최종추천가능","True"
"v4.0_20260902","법정동×면적구간","강서구","화곡동","11500103.0","84㎡급(80~90)","9~12억","165","107000.0","10.7","1259.71273840358","30000","163000","20260106","20260810","충분(10건+)","73.8","44.4","61.8","60.0","67.8","73.8","59.1","73.8","53.1","61.8","8","8","검증완료_v2기준","-9.0","0.0","20254.0","20261.0","20261.0","21.0","2739.0","False","검증완료","33.51","20261","46.6","86.6","55.8","74.7","18.3","50.3","55.2","63.6","63.7","63.7","59.2","67.2","53.8","65.0","66.7","8.0","12.0","5.0","16.0","5.0","5.0","True","최종추천가능","","2026년 서울 아파트 실거래(취소제외), 면적구간별 중앙값","v2 행정동 통근시간을 KIKmix 가중치로 법정동 환산; GBD 6개·YBD 여의동·CBD 3개 핵심 행정동","기준=통근35+방어30+3040 25+유동성10","대화기록_1조프로젝트_데이터검증_20260829.md","12.0","1.3","10.8","32","42.7","86.6","방어력(실측)","63.7","최종추천가능","True"
"v4.0_20260902","법정동×면적구간","종로구","명륜2가","11110171.0","84㎡급(80~90)","9~12억","18","117000.0","11.7","1378.09187279152","103500","129500","20260117","20260709","충분(10건+)","59.8","57.5","33.4","50.2","46.6","59.8","58.6","59.8","45.4","57.5","1","1","검증완료_v2기준","-10.2","100.0","20241.0","20252.0","20261.0","9.0","50.0","False","검증완료","23.39","20261","70.5","84.7","32.0","38.0","70.9","51.2","69.7","61.2","61.9","61.9","62.4","65.2","62.0","55.1","61.6","9.0","9.0","7.0","4.0","15.0","7.0","True","최종추천가능","","2026년 서울 아파트 실거래(취소제외), 면적구간별 중앙값","v2 행정동 통근시간을 KIKmix 가중치로 법정동 환산; GBD 6개·YBD 여의동·CBD 3개 핵심 행정동","기준=통근35+방어30+3040 25+유동성10","대화기록_1조프로젝트_데이터검증_20260829.md","12.0","0.3","2.5","49","11.8","84.7","방어력(실측)","61.9","최종추천가능","True"
"v4.0_20260902","법정동×면적구간","강서구","등촌동","11500102.0","84㎡급(80~90)","9~12억","189","104000.0","10.4","1277.07156308851","43500","168000","20260103","20260820","충분(10건+)","67.4","38.1","61.5","55.7","64.5","67.4","52.8","67.4","49.8","61.5","4","4","검증완료_v2기준","-31.0","65.9","20221.0","20224.0","20261.0","21.0","2159.0","False","검증완료","37.78","20261","57.2","52.3","65.8","76.9","26.5","62.9","61.4","59.9","59.8","59.8","59.9","58.9","49.1","61.8","61.3","10.0","10.0","16.0","18.0","7.0","8.0","True","최종추천가능","","2026년 서울 아파트 실거래(취소제외), 면적구간별 중앙값","v2 행정동 통근시간을 KIKmix 가중치로 법정동 환산; GBD 6개·YBD 여의동·CBD 3개 핵심 행정동","기준=통근35+방어30+3040 25+유동성10","대화기록_1조프로젝트_데이터검증_20260829.md","12.0","1.6","13.3","28","50.0","52.3","방어력(실측)","59.8","최종추천가능","True"
"v4.0_20260902","법정동×면적구간","서대문구","홍제동","11410111.0","84㎡급(80~90)","9~12억","212","99000.0","9.9","1170.03808945231","45000","187500","20260102","20260822","충분(10건+)","62.8","49.6","37.2","49.9","50.0","62.8","56.2","62.8","43.4","49.6","3","3","검증완료_v2기준","-29.9","86.6","20213.0","20224.0","20261.0","21.0","1944.0","False","검증완료","27.18","20261","71.4","54.0","40.9","78.9","62.4","56.1","73.5","59.0","59.3","59.3","62.6","59.1","56.2","54.0","60.0","11.0","8.0","15.0","12.0","16.0","12.0","True","최종추천가능","","2026년 서울 아파트 실거래(취소제외), 면적구간별 중앙값","v2 행정동 통근시간을 KIKmix 가중치로 법정동 환산; GBD 6개·YBD 여의동·CBD 3개 핵심 행정동","기준=통근35+방어30+3040 25+유동성10","대화기록_1조프로젝트_데이터검증_20260829.md","12.0","2.1","17.5","21","63.6","54.0","방어력(실측)","59.3","최종추천가능","True"
"v4.0_20260902","법정동×면적구간","동대문구","장안동","11230106.0","84㎡급(80~90)","9~12억","200","96500.0","9.65","1137.82412273006","48000","139000","20260106","20260823","충분(10건+)","56.6","63.6","51.2","57.2","54.0","56.6","60.1","63.6","57.4","63.6","2","2","검증완료_v2기준","-23.8","39.8","20252.0","20254.0","20261.0","21.0","1913.0","False","검증완료","32.52","20261","53.5","63.6","53.5","77.9","52.6","48.2","46.9","58.8","59.0","59.0","58.0","60.0","58.7","57.1","56.7","12.0","14.0","13.0","8.0","12.0","19.0","True","최종추천가능","","2026년 서울 아파트 실거래(취소제외), 면적구간별 중앙값","v2 행정동 통근시간을 KIKmix 가중치로 법정동 환산; GBD 6개·YBD 여의동·CBD 3개 핵심 행정동","기준=통근35+방어30+3040 25+유동성10","대화기록_1조프로젝트_데이터검증_20260829.md","12.0","2.35","19.6","12","79.1","63.6","방어력(실측)","59.0","최종추천가능","True"
"v4.0_20260902","법정동×면적구간","동대문구","답십리동","11230105.0","84㎡급(80~90)","9~12억","153","108000.0","10.8","1272.08480565371","54000","180000","20260103","20260823","충분(10건+)","54.2","60.4","46.9","53.8","50.6","54.2","57.3","60.4","53.6","60.4","2","2","검증완료_v2기준","-22.1","0.0","20253.0","20261.0","20261.0","21.0","2872.0","False","검증완료","27.06","20261","61.7","66.2","40.6","73.4","61.1","53.9","54.1","58.6","58.9","58.9","59.6","60.5","58.7","56.2","56.3","13.0","11.0","11.0","10.0","14.0","20.0","True","최종추천가능","","2026년 서울 아파트 실거래(취소제외), 면적구간별 중앙값","v2 행정동 통근시간을 KIKmix 가중치로 법정동 환산; GBD 6개·YBD 여의동·CBD 3개 핵심 행정동","기준=통근35+방어30+3040 25+유동성10","대화기록_1조프로젝트_데이터검증_20260829.md","12.0","1.2","10.0","35","36.4","66.2","방어력(실측)","58.9","최종추천가능","True"
"v4.0_20260902","법정동×면적구간","양천구","신정동","11470101.0","84㎡급(80~90)","9~12억","237","119500.0","11.95","1406.54425612053","51000","245000","20260105","20260815","충분(10건+)","70.9","41.2","58.2","56.8","64.5","70.9","56.1","70.9","49.7","58.2","6","6","검증완료_v2기준","-20.9","0.0","20234.0","20261.0","20261.0","21.0","4422.0","False","검증완료","28.65","20261","54.5","68.1","44.4","80.7","26.3","56.3","61.6","58.5","58.7","58.7","57.8","60.5","48.8","59.3","61.2","14.0","15.0","12.0","19.0","9.0","9.0","True","최종추천가능","","2026년 서울 아파트 실거래(취소제외), 면적구간별 중앙값","v2 행정동 통근시간을 KIKmix 가중치로 법정동 환산; GBD 6개·YBD 여의동·CBD 3개 핵심 행정동","기준=통근35+방어30+3040 25+유동성10","대화기록_1조프로젝트_데이터검증_20260829.md","12.0","0.05","0.4","55","1.8","68.1","방어력(실측)","58.7","최종추천가능","True"
"v4.0_20260902","법정동×면적구간","성북구","동소문동7가","11290110.0","84㎡급(80~90)","9~12억","14","97250.0","9.72","1144.79105356092","85700","118000","20260110","20260808","충분(10건+)","62.4","61.3","36.6","53.4","49.5","62.4","61.8","62.4","49.0","61.3","1","1","검증완료_v2기준","-16.6","35.5","20212.0","20254.0","20261.0","9.0","79.0","False","검증완료","27.71","20261","62.7","74.8","42.1","34.0","63.7","44.8","63.0","57.7","58.3","58.3","58.1","60.6","58.7","52.0","58.4","15.0","13.0","10.0","9.0","17.0","14.0","True","최종추천가능","","2026년 서울 아파트 실거래(취소제외), 면적구간별 중앙값","v2 행정동 통근시간을 KIKmix 가중치로 법정동 환산; GBD 6개·YBD 여의동·CBD 3개 핵심 행정동","기준=통근35+방어30+3040 25+유동성10","대화기록_1조프로젝트_데이터검증_20260829.md","12.0","2.28","19.0","17","70.9","74.8","방어력(실측)","58.3","최종추천가능","True"
"v4.0_20260902","법정동×면적구간","강서구","마곡동","11500105.0","84㎡급(80~90)","9~12억","154","115500.0","11.55","1360.90491339696","59000","198500","20260103","20260803","충분(10건+)","74.3","46.6","66.3","62.4","70.3","74.3","60.4","74.3","56.5","66.3","5","5","검증완료_v2기준","-34.8","84.4","20222.0","20234.0","20261.0","20.0","1349.0","False","검증완료","48.32","20261","40.6","46.4","90.6","73.5","12.0","47.6","48.7","58.7","58.1","58.1","55.0","56.2","48.1","60.6","61.0","16.0","19.0","19.0","23.0","8.0","10.0","True","최종추천가능","","2026년 서울 아파트 실거래(취소제외), 면적구간별 중앙값","v2 행정동 통근시간을 KIKmix 가중치로 법정동 환산; GBD 6개·YBD 여의동·CBD 3개 핵심 행정동","기준=통근35+방어30+3040 25+유동성10","대화기록_1조프로젝트_데이터검증_20260829.md","12.0","0.45","3.8","45","19.1","46.4","방어력(실측)","58.1","최종추천가능","True"
"v4.0_20260902","법정동×면적구간","성북구","돈암동","11290103.0","84㎡급(80~90)","9~12억","167","92000.0","9.2","1083.37258596326","51000","134000","20260106","20260812","충분(10건+)","64.4","61.4","40.5","55.4","52.4","64.4","62.9","64.4","51.0","61.4","6","6","검증완료_v2기준","-25.8","75.6","20214.0","20231.0","20261.0","21.0","1865.0","False","검증완료","27.53","20261","57.8","60.4","41.7","74.9","56.4","42.7","59.2","55.6","56.3","56.3","56.8","57.3","55.8","51.0","56.8","17.0","17.0","18.0","13.0","18.0","17.0","True","최종추천가능","","2026년 서울 아파트 실거래(취소제외), 면적구간별 중앙값","v2 행정동 통근시간을 KIKmix 가중치로 법정동 환산; GBD 6개·YBD 여의동·CBD 3개 핵심 행정동","기준=통근35+방어30+3040 25+유동성10","대화기록_1조프로젝트_데이터검증_20260829.md","12.0","2.8","23.3","2","97.3","60.4","방어력(실측)","56.3","최종추천가능","True"
"v4.0_20260902","법정동×면적구간","강서구","내발산동","11500106.0","84㎡급(80~90)","9~12억","147","115000.0","11.5","1353.57815442561","55000","173500","20260106","20260803","충분(10건+)","77.1","47.2","62.9","62.4","70.0","77.1","62.2","77.1","55.1","62.9","2","2","검증완료_v2기준","-15.7","9.4","20252.0","20253.0","20261.0","20.0","1309.0","False","검증완료","29.77","20261","40.7","76.2","47.0","72.7","12.8","44.2","51.4","56.3","56.1","56.1","52.3","59.4","46.4","57.4","59.9","18.0","21.0","14.0","28.0","11.0","13.0","True","최종추천가능","","2026년 서울 아파트 실거래(취소제외), 면적구간별 중앙값","v2 행정동 통근시간을 KIKmix 가중치로 법정동 환산; GBD 6개·YBD 여의동·CBD 3개 핵심 행정동","기준=통근35+방어30+3040 25+유동성10","대화기록_1조프로젝트_데이터검증_20260829.md","12.0","0.5","4.2","44","21.8","76.2","방어력(실측)","56.1","최종추천가능","True"
"v4.0_20260902","법정동×면적구간","성북구","삼선동2가","11290112.0","84㎡급(80~90)","9~12억","26","101000.0","10.1","1189.56573593243","74500","167790","20260107","20260814","충분(10건+)","58.0","58.9","36.5","51.1","47.2","58.0","58.4","58.9","47.7","58.9","1","1","검증완료_v2기준","-29.5","71.6","20213.0","20233.0","20261.0","15.0","260.0","False","검증완료","26.89","20261","68.3","54.7","40.2","44.0","69.3","51.6","65.4","53.8","54.8","54.8","57.5","54.8","55.1","48.9","53.7","19.0","16.0","20.0","14.0","23.0","22.0","True","최종추천가능","","2026년 서울 아파트 실거래(취소제외), 면적구간별 중앙값","v2 행정동 통근시간을 KIKmix 가중치로 법정동 환산; GBD 6개·YBD 여의동·CBD 3개 핵심 행정동","기준=통근35+방어30+3040 25+유동성10","대화기록_1조프로젝트_데이터검증_20260829.md","12.0","1.9","15.8","24","58.2","54.7","방어력(실측)","54.8","최종추천가능","True"
"v4.0_20260902","법정동×면적구간","동대문구","이문동","11230110.0","84㎡급(80~90)","9~12억","88","95500.0","9.55","1125.30838072625","64000","183500","20260102","20260817","충분(10건+)","63.6","68.2","48.4","60.1","56.0","63.6","65.9","68.2","58.3","68.2","2","2","검증완료_v2기준","-11.6","2.5","20251.0","20254.0","20261.0","21.0","1293.0","False","검증완료","20.65","20261","46.4","82.6","25.5","64.1","47.6","36.7","45.2","53.3","53.8","53.8","51.2","58.5","54.2","50.4","53.4","20.0","23.0","17.0","15.0","19.0","23.0","True","최종추천가능","","2026년 서울 아파트 실거래(취소제외), 면적구간별 중앙값","v2 행정동 통근시간을 KIKmix 가중치로 법정동 환산; GBD 6개·YBD 여의동·CBD 3개 핵심 행정동","기준=통근35+방어30+3040 25+유동성10","대화기록_1조프로젝트_데이터검증_20260829.md","12.0","2.45","20.4","9","85.5","82.6","방어력(실측)","53.8","최종추천가능","True"
"v4.0_20260902","법정동×면적구간","은평구","응암동","11380107.0","84㎡급(80~90)","9~12억","233","94000.0","9.4","1111.24246364819","42500","161000","20260102","20260822","충분(10건+)","77.8","54.0","51.9","61.2","64.8","77.8","65.9","77.8","53.0","54.0","3","3","검증완료_v2기준","-25.0","67.5","20214.0","20234.0","20261.0","21.0","2658.0","False","검증완료","28.26","20261","43.5","61.7","43.4","80.5","25.6","36.7","55.4","52.6","52.6","52.6","50.8","54.5","46.4","50.3","56.8","21.0","25.0","21.0","27.0","20.0","18.0","True","최종추천가능","","2026년 서울 아파트 실거래(취소제외), 면적구간별 중앙값","v2 행정동 통근시간을 KIKmix 가중치로 법정동 환산; GBD 6개·YBD 여의동·CBD 3개 핵심 행정동","기준=통근35+방어30+3040 25+유동성10","대화기록_1조프로젝트_데이터검증_20260829.md","12.0","2.6","21.7","5","92.7","61.7","방어력(실측)","52.6","최종추천가능","True"
"v4.0_20260902","법정동×면적구간","마포구","성산동","11440125.0","84㎡급(80~90)","9~12억","29","114000.0","11.4","1346.10161886432","79000","129000","20260107","20260814","충분(10건+)","68.6","42.4","47.8","53.0","58.2","68.6","55.5","68.6","45.2","47.8","2","2","검증완료_v2기준","-42.8","0.0","20254.0","20261.0","20261.0","20.0","889.0","False","검증완료","35.53","20261","63.9","34.0","60.5","45.8","42.1","57.5","70.2","52.4","52.3","52.3","55.4","49.4","44.6","50.0","54.5","22.0","18.0","26.0","31.0","22.0","21.0","True","최종추천가능","","2026년 서울 아파트 실거래(취소제외), 면적구간별 중앙값","v2 행정동 통근시간을 KIKmix 가중치로 법정동 환산; GBD 6개·YBD 여의동·CBD 3개 핵심 행정동","기준=통근35+방어30+3040 25+유동성10","대화기록_1조프로젝트_데이터검증_20260829.md","12.0","0.6","5.0","42","25.5","34.0","방어력(실측)","52.3","최종추천가능","True"
"v4.0_20260902","법정동×면적구간","서대문구","북가좌동","11410119.0","84㎡급(80~90)","9~12억","121","96700.0","9.67","1144.31400450611","56500","159500","20260101","20260819","충분(10건+)","82.0","49.4","54.9","62.1","68.4","82.0","65.7","82.0","52.2","54.9","2","2","검증완료_v2기준","-22.9","0.0","20253.0","20261.0","20261.0","21.0","874.0","False","검증완료","27.83","20261","41.4","65.0","42.4","69.5","16.6","37.1","56.9","52.0","51.5","51.5","49.1","53.9","42.9","50.0","57.0","23.0","28.0","22.0","35.0","21.0","16.0","True","최종추천가능","","2026년 서울 아파트 실거래(취소제외), 면적구간별 중앙값","v2 행정동 통근시간을 KIKmix 가중치로 법정동 환산; GBD 6개·YBD 여의동·CBD 3개 핵심 행정동","기준=통근35+방어30+3040 25+유동성10","대화기록_1조프로젝트_데이터검증_20260829.md","12.0","2.33","19.4","14","76.4","65.0","방어력(실측)","51.5","최종추천가능","True"
"v4.0_20260902","법정동×면적구간","종로구","창신동","11110174.0","84㎡급(80~90)","9~12억","20","100500.0","10.05","1186.44977383765","51500","118300","20260120","20260717","충분(10건+)","56.0","61.9","34.6","50.8","45.3","56.0","58.9","61.9","48.2","61.9","3","3","검증완료_v2기준","-33.2","62.4","20214.0","20244.0","20261.0","15.0","312.0","False","검증완료","22.87","20261","69.1","48.9","30.8","39.7","74.2","50.6","64.4","50.2","50.5","50.5","54.5","50.4","52.3","44.0","48.9","24.0","20.0","25.0","17.0","28.0","28.0","True","최종추천가능","","2026년 서울 아파트 실거래(취소제외), 면적구간별 중앙값","v2 행정동 통근시간을 KIKmix 가중치로 법정동 환산; GBD 6개·YBD 여의동·CBD 3개 핵심 행정동","기준=통근35+방어30+3040 25+유동성10","대화기록_1조프로젝트_데이터검증_20260829.md","12.0","1.95","16.2","23","60.0","48.9","방어력(실측)","50.5","최종추천가능","True"
"v4.0_20260902","법정동×면적구간","성북구","종암동","11290135.0","84㎡급(80~90)","9~12억","99","105000.0","10.5","1239.23049687242","54000","137000","20260103","20260806","충분(10건+)","65.8","61.8","47.9","58.5","56.8","65.8","63.8","65.8","54.8","61.8","1","1","검증완료_v2기준","-28.9","54.8","20221.0","20232.0","20261.0","20.0","1037.0","False","검증완료","25.32","20261","50.2","55.6","36.5","66.1","45.4","40.9","51.8","49.8","50.0","50.0","50.1","51.2","48.3","46.7","50.5","25.0","26.0","23.0","21.0","24.0","26.0","True","최종추천가능","","2026년 서울 아파트 실거래(취소제외), 면적구간별 중앙값","v2 행정동 통근시간을 KIKmix 가중치로 법정동 환산; GBD 6개·YBD 여의동·CBD 3개 핵심 행정동","기준=통근35+방어30+3040 25+유동성10","대화기록_1조프로젝트_데이터검증_20260829.md","12.0","1.5","12.5","30","47.3","55.6","방어력(실측)","50.0","최종추천가능","True"
"v4.0_20260902","법정동×면적구간","은평구","불광동","11380103.0","84㎡급(80~90)","9~12억","122","98000.0","9.8","1155.59610137233","55000","130000","20260101","20260824","충분(10건+)","72.2","61.0","45.7","59.6","59.0","72.2","66.6","72.2","53.3","61.0","2","2","검증완료_v2기준","-31.4","70.6","20214.0","20224.0","20261.0","21.0","1111.0","False","검증완료","28.08","20261","47.5","51.7","43.0","69.6","40.2","35.4","54.7","49.5","49.8","49.8","49.7","50.5","47.3","45.6","52.4","26.0","27.0","24.0","24.0","26.0","25.0","True","최종추천가능","","2026년 서울 아파트 실거래(취소제외), 면적구간별 중앙값","v2 행정동 통근시간을 KIKmix 가중치로 법정동 환산; GBD 6개·YBD 여의동·CBD 3개 핵심 행정동","기준=통근35+방어30+3040 25+유동성10","대화기록_1조프로젝트_데이터검증_20260829.md","12.0","2.2","18.3","19","67.3","51.7","방어력(실측)","49.8","최종추천가능","True"
"v4.0_20260902","법정동×면적구간","동대문구","제기동","11230103.0","84㎡급(80~90)","9~12억","40","104000.0","10.4","1224.39008028218","60000","125000","20260109","20260726","충분(10건+)","62.1","61.1","40.1","54.4","51.1","62.1","61.6","62.1","50.6","61.1","1","1","검증완료_v2기준","-34.5","27.5","20244.0","20252.0","20261.0","19.0","435.0","False","검증완료","23.92","20261","60.2","46.9","33.2","51.0","59.7","45.3","59.9","48.2","48.5","48.5","51.2","48.6","48.4","43.3","48.4","28.0","24.0","27.0","20.0","30.0","29.0","True","최종추천가능","","2026년 서울 아파트 실거래(취소제외), 면적구간별 중앙값","v2 행정동 통근시간을 KIKmix 가중치로 법정동 환산; GBD 6개·YBD 여의동·CBD 3개 핵심 행정동","기준=통근35+방어30+3040 25+유동성10","대화기록_1조프로젝트_데이터검증_20260829.md","12.0","1.6","13.3","28","50.0","46.9","방어력(실측)","48.5","최종추천가능","True"
"v4.0_20260902","법정동×면적구간","은평구","진관동","11380114.0","84㎡급(80~90)","9~12억","136","91300.0","9.13","1076.77765871267","60000","125000","20260105","20260821","충분(10건+)","79.9","69.6","52.2","67.2","66.1","79.9","74.8","79.9","60.9","69.6","1","1","검증완료_v2기준","-36.3","53.2","20221.0","20224.0","20261.0","21.0","1357.0","False","검증완료","40.46","20261","28.8","44.1","72.1","71.4","22.6","19.1","40.3","48.1","48.5","48.5","44.8","47.8","46.3","45.1","52.5","27.0","33.0","28.0","29.0","27.0","24.0","True","최종추천가능","","2026년 서울 아파트 실거래(취소제외), 면적구간별 중앙값","v2 행정동 통근시간을 KIKmix 가중치로 법정동 환산; GBD 6개·YBD 여의동·CBD 3개 핵심 행정동","기준=통근35+방어30+3040 25+유동성10","대화기록_1조프로젝트_데이터검증_20260829.md","12.0","2.87","23.9","1","100.0","44.1","방어력(실측)","48.5","최종추천가능","True"
"v4.0_20260902","법정동×면적구간","은평구","녹번동","11380102.0","84㎡급(80~90)","9~12억","102","116250.0","11.62","1367.80797740911","51000","153000","20260102","20260817","충분(10건+)","66.8","55.2","41.4","54.5","54.1","66.8","61.0","66.8","48.3","55.2","1","1","검증완료_v2기준","-45.1","81.0","20213.0","20222.0","20261.0","21.0","830.0","False","검증완료","29.27","20261","60.1","30.4","45.8","66.6","52.3","46.5","64.3","47.8","48.3","48.3","52.0","46.0","45.5","43.5","49.7","29.0","22.0","32.0","30.0","29.0","27.0","True","최종추천가능","","2026년 서울 아파트 실거래(취소제외), 면적구간별 중앙값","v2 행정동 통근시간을 KIKmix 가중치로 법정동 환산; GBD 6개·YBD 여의동·CBD 3개 핵심 행정동","기준=통근35+방어30+3040 25+유동성10","대화기록_1조프로젝트_데이터검증_20260829.md","12.0","0.38","3.2","47","16.4","30.4","방어력(실측)","48.3","최종추천가능","True"
"v4.0_20260902","법정동×면적구간","강동구","천호동","11740109.0","84㎡급(80~90)","9~12억","116","103500.0","10.35","1218.07696834177","55000","195000","20260102","20260823","충분(10건+)","53.6","75.4","59.2","62.8","56.4","59.2","64.5","75.4","67.3","75.4","3","3","검증완료_v2기준","-38.8","65.9","20222.0","20223.0","20261.0","21.0","1629.0","False","검증완료","31.75","20261","39.8","40.2","51.6","68.7","46.5","39.5","28.1","45.6","45.8","45.8","45.1","45.2","48.1","45.7","41.7","30.0","31.0","35.0","22.0","25.0","35.0","True","최종추천가능","","2026년 서울 아파트 실거래(취소제외), 면적구간별 중앙값","v2 행정동 통근시간을 KIKmix 가중치로 법정동 환산; GBD 6개·YBD 여의동·CBD 3개 핵심 행정동","기준=통근35+방어30+3040 25+유동성10","대화기록_1조프로젝트_데이터검증_20260829.md","12.0","1.65","13.7","27","52.7","40.2","방어력(실측)","45.8","최종추천가능","True"
"v4.0_20260902","법정동×면적구간","동대문구","청량리동","11230107.0","84㎡급(80~90)","9~12억","22","97500.0","9.75","1159.98317023267","59000","155000","20260123","20260808","충분(10건+)","59.4","69.0","45.4","57.9","52.4","59.4","64.2","69.0","57.2","69.0","1","1","검증완료_v2기준","-31.9","69.5","20213.0","20234.0","20261.0","18.0","392.0","False","검증완료","23.21","20261","51.6","50.9","31.6","41.3","56.5","40.1","47.3","45.3","45.4","45.4","46.4","46.3","47.1","41.3","43.9","31.0","29.0","30.0","25.0","33.0","33.0","True","최종추천가능","","2026년 서울 아파트 실거래(취소제외), 면적구간별 중앙값","v2 행정동 통근시간을 KIKmix 가중치로 법정동 환산; GBD 6개·YBD 여의동·CBD 3개 핵심 행정동","기준=통근35+방어30+3040 25+유동성10","대화기록_1조프로젝트_데이터검증_20260829.md","12.0","2.25","18.8","18","69.1","50.9","방어력(실측)","45.4","최종추천가능","True"
"v4.0_20260902","법정동×면적구간","성북구","하월곡동","11290136.0","84㎡급(80~90)","9~12억","107","97000.0","9.7","1145.93547320047","54000","120000","20260105","20260812","충분(10건+)","69.4","65.5","47.7","60.9","58.5","69.4","67.4","69.4","56.6","65.5","3","3","검증완료_v2기준","-35.7","63.1","20214.0","20223.0","20261.0","21.0","1342.0","False","검증완료","25.9","20261","44.5","45.0","37.9","67.4","41.3","33.6","48.5","44.9","45.3","45.3","45.6","45.7","44.2","41.5","46.7","32.0","30.0","33.0","33.0","32.0","30.0","True","최종추천가능","","2026년 서울 아파트 실거래(취소제외), 면적구간별 중앙값","v2 행정동 통근시간을 KIKmix 가중치로 법정동 환산; GBD 6개·YBD 여의동·CBD 3개 핵심 행정동","기준=통근35+방어30+3040 25+유동성10","대화기록_1조프로젝트_데이터검증_20260829.md","12.0","2.3","19.2","15","73.6","45.0","방어력(실측)","45.3","최종추천가능","True"
"v4.0_20260902","법정동×면적구간","성북구","석관동","11290139.0","84㎡급(80~90)","9~12억","59","96000.0","9.6","1130.74204946996","53000","149000","20260103","20260805","충분(10건+)","65.6","66.9","50.7","61.1","58.2","65.6","66.2","66.9","58.8","66.9","1","1","검증완료_v2기준","-32.8","30.2","20214.0","20244.0","20261.0","21.0","801.0","False","검증완료","25.27","20261","43.9","49.5","36.4","57.5","42.2","36.0","44.3","44.5","45.1","45.1","44.9","46.0","44.5","42.3","45.2","33.0","32.0","31.0","32.0","31.0","31.0","True","최종추천가능","","2026년 서울 아파트 실거래(취소제외), 면적구간별 중앙값","v2 행정동 통근시간을 KIKmix 가중치로 법정동 환산; GBD 6개·YBD 여의동·CBD 3개 핵심 행정동","기준=통근35+방어30+3040 25+유동성10","대화기록_1조프로젝트_데이터검증_20260829.md","12.0","2.4","20.0","10","83.6","49.5","방어력(실측)","45.1","최종추천가능","True"
"v4.0_20260902","법정동×면적구간","동대문구","회기동","11230108.0","84㎡급(80~90)","9~12억","15","97000.0","9.7","1141.71374764595","86500","105000","20260116","20260607","충분(10건+)","62.1","72.6","45.0","59.9","53.6","62.1","67.4","72.6","58.8","72.6","1","1","검증완료_v2기준","-30.5","55.4","20212.0","20243.0","20261.0","18.0","237.0","False","검증완료","24.33","20261","46.8","53.1","34.2","35.1","53.6","33.8","44.3","43.5","44.4","44.4","44.4","45.6","46.7","39.8","43.5","34.0","34.0","34.0","26.0","35.0","34.0","True","최종추천가능","","2026년 서울 아파트 실거래(취소제외), 면적구간별 중앙값","v2 행정동 통근시간을 KIKmix 가중치로 법정동 환산; GBD 6개·YBD 여의동·CBD 3개 핵심 행정동","기준=통근35+방어30+3040 25+유동성10","대화기록_1조프로젝트_데이터검증_20260829.md","12.0","2.3","19.2","15","73.6","53.1","방어력(실측)","44.4","최종추천가능","True"
"v4.0_20260902","법정동×면적구간","노원구","월계동","11350102.0","84㎡급(80~90)","9~12억","229","102000.0","10.2","1200.42367894551","49000","186245","20260101","20260809","충분(10건+)","70.0","76.1","55.1","67.1","62.6","70.0","73.0","76.1","65.6","76.1","3","3","검증완료_v2기준","-26.3","58.5","20222.0","20224.0","20261.0","21.0","3077.0","False","검증완료","21.93","20261","29.2","59.7","28.5","80.2","31.2","22.4","31.4","43.0","43.3","43.3","40.3","46.4","44.0","40.9","44.0","35.0","35.0","29.0","34.0","34.0","32.0","True","최종추천가능","","2026년 서울 아파트 실거래(취소제외), 면적구간별 중앙값","v2 행정동 통근시간을 KIKmix 가중치로 법정동 환산; GBD 6개·YBD 여의동·CBD 3개 핵심 행정동","기준=통근35+방어30+3040 25+유동성10","대화기록_1조프로젝트_데이터검증_20260829.md","12.0","1.8","15.0","25","56.4","59.7","방어력(실측)","43.3","최종추천가능","True"
"v4.0_20260902","법정동×면적구간","송파구","마천동","11710114.0","84㎡급(80~90)","9~12억","31","111000.0","11.1","1342.69524513427","69300","147000","20260113","20260728","충분(10건+)","62.0","79.2","74.3","71.8","68.1","74.3","70.6","79.2","76.8","79.2","2","2","검증완료_v2기준","-40.3","71.1","20213.0","20214.0","20261.0","16.0","253.0","False","검증완료","24.77","20261","17.6","37.9","35.2","46.8","17.4","27.4","10.2","30.7","31.0","31.0","28.1","32.2","30.9","34.4","28.4","36.0","36.0","36.0","36.0","36.0","36.0","True","최종추천가능","","2026년 서울 아파트 실거래(취소제외), 면적구간별 중앙값","v2 행정동 통근시간을 KIKmix 가중치로 법정동 환산; GBD 6개·YBD 여의동·CBD 3개 핵심 행정동","기준=통근35+방어30+3040 25+유동성10","대화기록_1조프로젝트_데이터검증_20260829.md","12.0","0.9","7.5","39","30.9","37.9","방어력(실측)","31.0","최종추천가능","True"
"v4.0_20260902","법정동×면적구간","영등포구","당산동5가","11560115.0","84㎡급(80~90)","12억 초과","24","196000.0","19.6","2312.17168453215","135000","252000","20260102","20260731","충분(10건+)","53.7","24.5","42.7","40.3","48.2","53.7","39.1","53.7","33.6","42.7","1","1","검증완료_v2기준","-2.4","0.0","20254.0","20261.0","20261.0","18.0","576.0","False","검증완료","46.79","20261","94.9","96.9","87.0","42.7","66.9","90.2","92.2","88.1","88.3","88.3","88.5","88.9","78.5","86.7","87.4","1.0","1.0","1.0","4.0","1.0","1.0","True","최종추천가능","","2026년 서울 아파트 실거래(취소제외), 면적구간별 중앙값","v2 행정동 통근시간을 KIKmix 가중치로 법정동 환산; GBD 6개·YBD 여의동·CBD 3개 핵심 행정동","기준=통근35+방어30+3040 25+유동성10","대화기록_1조프로젝트_데이터검증_20260829.md","","","","93","34.9","96.9","방어력(실측)","88.3","최종추천가능","True"
"v4.0_20260902","법정동×면적구간","강남구","논현동","11680108.0","84㎡급(80~90)","12억 초과","22","233500.0","23.35","2756.05569808861","98500","317000","20260105","20260824","충분(10건+)","21.6","46.8","48.2","38.8","34.9","48.2","34.2","46.8","47.5","48.2","2","2","검증완료_v2기준","-12.9","28.1","20243.0","20254.0","20261.0","20.0","641.0","False","검증완료","41.9","20261","98.5","80.5","75.5","41.3","100.0","100.0","65.8","80.5","81.6","81.6","84.6","81.0","82.2","82.2","70.2","2.0","2.0","4.0","1.0","3.0","13.0","True","최종추천가능","","2026년 서울 아파트 실거래(취소제외), 면적구간별 중앙값","v2 행정동 통근시간을 KIKmix 가중치로 법정동 환산; GBD 6개·YBD 여의동·CBD 3개 핵심 행정동","기준=통근35+방어30+3040 25+유동성10","대화기록_1조프로젝트_데이터검증_20260829.md","","","","120","16.2","80.5","방어력(실측)","81.6","최종추천가능","True"
"v4.0_20260902","법정동×면적구간","마포구","도화동","11440104.0","84㎡급(80~90)","12억 초과","28","163000.0","16.3","1924.87281912141","77000","219000","20260107","20260812","충분(10건+)","60.4","26.2","37.7","41.5","49.1","60.4","43.3","60.4","32.0","37.7","3","3","검증완료_v2기준","-8.5","98.4","20253.0","20254.0","20261.0","19.0","910.0","False","검증완료","39.87","20261","92.1","87.4","70.8","45.2","64.7","81.8","95.3","80.2","80.7","80.7","82.2","81.3","71.1","77.1","81.8","3.0","4.0","3.0","11.0","8.0","2.0","True","최종추천가능","","2026년 서울 아파트 실거래(취소제외), 면적구간별 중앙값","v2 행정동 통근시간을 KIKmix 가중치로 법정동 환산; GBD 6개·YBD 여의동·CBD 3개 핵심 행정동","기준=통근35+방어30+3040 25+유동성10","대화기록_1조프로젝트_데이터검증_20260829.md","","","","58","59.5","87.4","방어력(실측)","80.7","최종추천가능","True"
"v4.0_20260902","법정동×면적구간","송파구","잠실동","11710101.0","84㎡급(80~90)","12억 초과","253","329000.0","32.9","3879.71698113208","126000","457500","20260103","20260731","충분(10건+)","33.1","56.6","57.8","49.2","45.4","57.8","44.8","56.6","57.2","57.8","4","4","검증완료_v2기준","-0.6","0.0","20254.0","20261.0","20261.0","21.0","2840.0","False","검증완료","38.26","20261","73.2","99.7","67.0","81.8","73.8","78.7","47.3","80.0","80.5","80.5","78.1","83.4","80.7","82.4","71.4","4.0","11.0","2.0","2.0","2.0","10.0","True","최종추천가능","","2026년 서울 아파트 실거래(취소제외), 면적구간별 중앙값","v2 행정동 통근시간을 KIKmix 가중치로 법정동 환산; GBD 6개·YBD 여의동·CBD 3개 핵심 행정동","기준=통근35+방어30+3040 25+유동성10","대화기록_1조프로젝트_데이터검증_20260829.md","","","","137","4.2","99.7","방어력(실측)","80.5","최종추천가능","True"
"v4.0_20260902","법정동×면적구간","서초구","잠원동","11650106.0","84㎡급(80~90)","12억 초과","82","344500.0","34.45","4066.58412796757","143000","600000","20260106","20260801","충분(10건+)","32.0","44.0","45.1","40.4","38.6","45.1","38.0","44.0","44.6","45.1","2","2","검증완료_v2기준","-12.6","0.0","20253.0","20261.0","20261.0","21.0","1866.0","False","검증완료","36.81","20261","94.7","81.0","63.6","62.9","90.8","92.3","71.4","79.0","79.6","79.6","82.6","79.8","78.3","78.8","71.5","5.0","3.0","7.0","5.0","6.0","9.0","True","최종추천가능","","2026년 서울 아파트 실거래(취소제외), 면적구간별 중앙값","v2 행정동 통근시간을 KIKmix 가중치로 법정동 환산; GBD 6개·YBD 여의동·CBD 3개 핵심 행정동","기준=통근35+방어30+3040 25+유동성10","대화기록_1조프로젝트_데이터검증_20260829.md","","","","138","3.5","81.0","방어력(실측)","79.6","최종추천가능","True"
"v4.0_20260902","법정동×면적구간","서초구","반포동","11650107.0","84㎡급(80~90)","12억 초과","77","500000.0","50.0","5883.46041607832","93000","715000","20260113","20260813","충분(10건+)","38.7","42.7","50.0","43.8","44.3","50.0","40.7","42.7","46.3","50.0","4","4","검증완료_v2기준","-9.1","0.0","20251.0","20261.0","20261.0","21.0","2183.0","False","검증완료","38.86","20261","86.4","86.4","68.4","61.9","76.5","87.1","68.0","79.2","79.4","79.4","80.4","80.4","76.0","79.7","73.0","6.0","7.0","6.0","8.0","5.0","7.0","True","최종추천가능","","2026년 서울 아파트 실거래(취소제외), 면적구간별 중앙값","v2 행정동 통근시간을 KIKmix 가중치로 법정동 환산; GBD 6개·YBD 여의동·CBD 3개 핵심 행정동","기준=통근35+방어30+3040 25+유동성10","대화기록_1조프로젝트_데이터검증_20260829.md","","","","142","0.7","86.4","방어력(실측)","79.4","최종추천가능","True"
"v4.0_20260902","법정동×면적구간","강남구","청담동","11680104.0","84㎡급(80~90)","12억 초과","32","271000.0","27.1","3224.95174086473","180000","670000","20260102","20260711","충분(10건+)","24.4","50.3","51.6","42.1","38.0","51.6","37.3","50.3","51.0","51.6","1","1","검증완료_v2기준","-4.7","0.0","20253.0","20261.0","20261.0","20.0","696.0","False","검증완료","34.33","20261","90.5","93.3","57.7","47.4","92.2","93.7","59.2","78.1","78.8","78.8","80.2","80.8","79.4","79.9","67.9","7.0","8.0","5.0","3.0","4.0","18.0","True","최종추천가능","","2026년 서울 아파트 실거래(취소제외), 면적구간별 중앙값","v2 행정동 통근시간을 KIKmix 가중치로 법정동 환산; GBD 6개·YBD 여의동·CBD 3개 핵심 행정동","기준=통근35+방어30+3040 25+유동성10","대화기록_1조프로젝트_데이터검증_20260829.md","","","","131","8.5","93.3","방어력(실측)","78.8","최종추천가능","True"
"v4.0_20260902","법정동×면적구간","성동구","옥수동","11200113.0","84㎡급(80~90)","12억 초과","51","237000.0","23.7","2794.48178280863","154000","275000","20260114","20260809","충분(10건+)","40.3","47.8","37.2","41.8","38.8","40.3","44.0","47.8","42.5","47.8","1","1","검증완료_v2기준","-8.1","0.0","20253.0","20261.0","20261.0","21.0","1496.0","False","검증완료","33.86","20261","91.3","88.0","56.6","55.0","90.4","80.3","75.3","76.8","78.0","78.0","80.1","79.4","77.7","74.2","72.4","8.0","9.0","8.0","6.0","12.0","8.0","True","최종추천가능","","2026년 서울 아파트 실거래(취소제외), 면적구간별 중앙값","v2 행정동 통근시간을 KIKmix 가중치로 법정동 환산; GBD 6개·YBD 여의동·CBD 3개 핵심 행정동","기준=통근35+방어30+3040 25+유동성10","대화기록_1조프로젝트_데이터검증_20260829.md","","","","123","14.1","88.0","방어력(실측)","78.0","최종추천가능","True"
"v4.0_20260902","법정동×면적구간","강남구","압구정동","11680110.0","84㎡급(80~90)","12억 초과","15","550000.0","55.0","6688.55648789979","460000","660000","20260207","20260711","충분(10건+)","29.1","44.8","40.8","38.2","35.0","40.8","36.9","44.8","42.8","44.8","2","2","검증완료_v2기준","-8.4","0.0","20254.0","20261.0","20261.0","21.0","845.0","False","검증완료","31.96","20261","100.0","87.5","52.1","35.1","99.8","94.5","74.7","76.5","77.8","77.8","81.4","78.9","77.7","75.9","68.9","9.0","5.0","9.0","7.0","9.0","16.0","True","최종추천가능","","2026년 서울 아파트 실거래(취소제외), 면적구간별 중앙값","v2 행정동 통근시간을 KIKmix 가중치로 법정동 환산; GBD 6개·YBD 여의동·CBD 3개 핵심 행정동","기준=통근35+방어30+3040 25+유동성10","대화기록_1조프로젝트_데이터검증_20260829.md","","","","143","0.0","87.5","방어력(실측)","77.8","최종추천가능","True"
"v4.0_20260902","법정동×면적구간","동작구","대방동","11590108.0","84㎡급(80~90)","12억 초과","73","145000.0","14.5","1718.45574387947","59000","182500","20260102","20260803","충분(10건+)","48.8","25.0","48.0","40.6","48.4","48.8","36.9","48.8","36.5","48.0","1","1","검증완료_v2기준","-10.2","96.7","20253.0","20254.0","20261.0","21.0","919.0","False","검증완료","31.6","20261","94.2","84.7","51.3","61.0","66.4","94.6","86.7","77.1","77.3","77.3","80.4","78.5","67.6","77.4","74.7","10.0","6.0","10.0","12.0","7.0","4.0","True","최종추천가능","","2026년 서울 아파트 실거래(취소제외), 면적구간별 중앙값","v2 행정동 통근시간을 KIKmix 가중치로 법정동 환산; GBD 6개·YBD 여의동·CBD 3개 핵심 행정동","기준=통근35+방어30+3040 25+유동성10","대화기록_1조프로젝트_데이터검증_20260829.md","","","","36","75.4","84.7","방어력(실측)","77.3","최종추천가능","True"
"v4.0_20260902","법정동×면적구간","영등포구","당산동2가","11560112.0","84㎡급(80~90)","12억 초과","25","155000.0","15.5","1872.65917602996","128000","162000","20260102","20260725","충분(10건+)","58.7","27.2","43.0","43.0","50.8","58.7","43.0","58.7","35.1","43.0","1","1","검증완료_v2기준","-28.7","0.0","20254.0","20261.0","20261.0","18.0","219.0","False","검증완료","51.48","20261","88.4","55.9","98.1","43.3","60.3","82.5","89.4","76.1","76.6","76.6","79.3","72.8","66.7","74.5","76.9","11.0","10.0","16.0","14.0","11.0","3.0","True","최종추천가능","","2026년 서울 아파트 실거래(취소제외), 면적구간별 중앙값","v2 행정동 통근시간을 KIKmix 가중치로 법정동 환산; GBD 6개·YBD 여의동·CBD 3개 핵심 행정동","기준=통근35+방어30+3040 25+유동성10","대화기록_1조프로젝트_데이터검증_20260829.md","","","","45","68.7","55.9","방어력(실측)","76.6","최종추천가능","True"
"v4.0_20260902","법정동×면적구간","강남구","대치동","11680106.0","84㎡급(80~90)","12억 초과","59","370000.0","37.0","4384.61356149124","132000","440000","20260106","20260804","충분(10건+)","28.5","58.2","59.6","48.8","44.0","59.6","43.4","58.2","58.9","59.6","4","4","검증완료_v2기준","-7.7","0.0","20253.0","20261.0","20261.0","21.0","1648.0","False","검증완료","34.58","20261","74.1","88.6","58.3","57.5","77.3","81.6","44.1","72.2","72.8","72.8","72.2","75.1","74.0","75.5","62.3","13.0","19.0","12.0","9.0","10.0","25.0","True","최종추천가능","","2026년 서울 아파트 실거래(취소제외), 면적구간별 중앙값","v2 행정동 통근시간을 KIKmix 가중치로 법정동 환산; GBD 6개·YBD 여의동·CBD 3개 핵심 행정동","기준=통근35+방어30+3040 25+유동성10","대화기록_1조프로젝트_데이터검증_20260829.md","","","","140","2.1","88.6","방어력(실측)","72.8","최종추천가능","True"
"v4.0_20260902","법정동×면적구간","성동구","행당동","11200107.0","84㎡급(80~90)","12억 초과","60","187750.0","18.77","2213.06650971159","83500","270000","20260116","20260804","충분(10건+)","45.9","56.1","37.5","46.5","41.7","45.9","51.0","56.1","46.8","56.1","3","3","검증완료_v2기준","-0.4","0.0","20254.0","20261.0","20261.0","21.0","1770.0","False","검증완료","25.29","20261","79.7","100.0","36.4","57.7","83.0","66.4","67.1","72.3","72.8","72.8","72.9","77.0","73.9","68.1","68.4","12.0","17.0","11.0","10.0","18.0","17.0","True","최종추천가능","","2026년 서울 아파트 실거래(취소제외), 면적구간별 중앙값","v2 행정동 통근시간을 KIKmix 가중치로 법정동 환산; GBD 6개·YBD 여의동·CBD 3개 핵심 행정동","기준=통근35+방어30+3040 25+유동성10","대화기록_1조프로젝트_데이터검증_20260829.md","","","","85","40.5","100.0","방어력(실측)","72.8","최종추천가능","True"
"v4.0_20260902","법정동×면적구간","마포구","대흥동","11440108.0","84㎡급(80~90)","12억 초과","21","214000.0","21.4","2524.4779992922","192000","261500","20260105","20260716","충분(10건+)","62.9","26.6","39.7","43.1","51.3","62.9","44.7","62.9","33.1","39.7","3","3","검증완료_v2기준","-9.2","0.0","20253.0","20261.0","20261.0","21.0","618.0","False","검증완료","29.23","20261","88.2","86.3","45.7","40.5","59.2","78.9","93.1","72.0","72.2","72.2","74.6","74.2","62.1","69.0","73.9","14.0","13.0","13.0","20.0","16.0","5.0","True","최종추천가능","","2026년 서울 아파트 실거래(취소제외), 면적구간별 중앙값","v2 행정동 통근시간을 KIKmix 가중치로 법정동 환산; GBD 6개·YBD 여의동·CBD 3개 핵심 행정동","기준=통근35+방어30+3040 25+유동성10","대화기록_1조프로젝트_데이터검증_20260829.md","","","","110","23.2","86.3","방어력(실측)","72.2","최종추천가능","True"
"v4.0_20260902","법정동×면적구간","마포구","염리동","11440109.0","84㎡급(80~90)","12억 초과","19","245000.0","24.5","2886.90406051894","73000","285000","20260114","20260804","충분(10건+)","62.1","29.4","37.3","42.9","49.7","62.1","45.8","62.1","33.4","37.3","3","3","검증완료_v2기준","-11.9","0.0","20254.0","20261.0","20261.0","21.0","779.0","False","검증완료","30.87","20261","88.4","82.1","49.6","38.9","63.2","76.8","92.7","71.6","71.9","71.9","74.4","73.2","63.0","67.8","73.4","15.0","14.0","15.0","16.0","19.0","6.0","True","최종추천가능","","2026년 서울 아파트 실거래(취소제외), 면적구간별 중앙값","v2 행정동 통근시간을 KIKmix 가중치로 법정동 환산; GBD 6개·YBD 여의동·CBD 3개 핵심 행정동","기준=통근35+방어30+3040 25+유동성10","대화기록_1조프로젝트_데이터검증_20260829.md","","","","125","12.7","82.1","방어력(실측)","71.9","최종추천가능","True"
"v4.0_20260902","법정동×면적구간","동작구","흑석동","11590105.0","84㎡급(80~90)","12억 초과","57","229000.0","22.9","2695.67162246472","132000","264000","20260115","20260728","충분(10건+)","46.5","32.4","54.4","44.4","50.4","54.4","39.4","46.5","43.4","54.4","1","1","검증완료_v2기준","-6.4","0.0","20254.0","20261.0","20261.0","20.0","1174.0","False","검증완료","23.17","20261","84.8","90.7","31.5","56.9","61.3","89.5","73.6","70.6","70.5","70.5","72.5","73.7","62.2","72.1","66.5","16.0","18.0","14.0","18.0","13.0","20.0","True","최종추천가능","","2026년 서울 아파트 실거래(취소제외), 면적구간별 중앙값","v2 행정동 통근시간을 KIKmix 가중치로 법정동 환산; GBD 6개·YBD 여의동·CBD 3개 핵심 행정동","기준=통근35+방어30+3040 25+유동성10","대화기록_1조프로젝트_데이터검증_20260829.md","","","","117","18.3","90.7","방어력(실측)","70.5","최종추천가능","True"
"v4.0_20260902","법정동×면적구간","영등포구","영등포동7가","11560108.0","84㎡급(80~90)","12억 초과","17","180000.0","18.0","2125.39851222104","63000","218000","20260110","20260808","충분(10건+)","58.9","23.1","43.7","41.9","51.3","58.9","41.0","58.9","33.4","43.7","1","1","검증완료_v2기준","-34.2","0.0","20254.0","20261.0","20261.0","19.0","501.0","False","검증완료","44.63","20261","91.0","47.4","82.0","37.1","59.2","86.4","92.6","70.1","70.3","70.3","75.1","66.4","59.2","68.7","70.8","17.0","12.0","23.0","26.0","17.0","11.0","True","최종추천가능","","2026년 서울 아파트 실거래(취소제외), 면적구간별 중앙값","v2 행정동 통근시간을 KIKmix 가중치로 법정동 환산; GBD 6개·YBD 여의동·CBD 3개 핵심 행정동","기준=통근35+방어30+3040 25+유동성10","대화기록_1조프로젝트_데이터검증_20260829.md","","","","77","45.4","47.4","방어력(실측)","70.3","최종추천가능","True"
"v4.0_20260902","법정동×면적구간","양천구","목동","11470102.0","84㎡급(80~90)","12억 초과","158","141750.0","14.18","1676.76684015073","41000","275000","20260102","20260819","충분(10건+)","65.3","34.6","55.7","51.9","60.5","65.3","50.0","65.3","45.1","55.7","5","5","검증완료_v2기준","-10.3","72.0","20252.0","20253.0","20261.0","21.0","3151.0","False","검증완료","32.4","20261","66.5","84.6","53.2","73.9","36.4","68.5","70.3","69.1","69.3","69.3","68.2","71.8","58.8","70.0","70.7","18.0","21.0","17.0","29.0","14.0","12.0","True","최종추천가능","","2026년 서울 아파트 실거래(취소제외), 면적구간별 중앙값","v2 행정동 통근시간을 KIKmix 가중치로 법정동 환산; GBD 6개·YBD 여의동·CBD 3개 핵심 행정동","기준=통근35+방어30+3040 25+유동성10","대화기록_1조프로젝트_데이터검증_20260829.md","","","","29","79.6","84.6","방어력(실측)","69.3","최종추천가능","True"
"v4.0_20260902","법정동×면적구간","용산구","문배동","11170122.0","84㎡급(80~90)","12억 초과","21","144000.0","14.4","1694.91525423729","106500","182000","20260102","20260814","충분(10건+)","56.6","29.8","37.0","41.1","46.8","56.6","43.2","56.6","33.4","37.0","1","1","검증완료_v2기준","-13.5","0.0","20254.0","20261.0","20261.0","13.0","173.0","False","검증완료","24.28","20261","92.9","79.6","34.1","40.5","70.4","82.0","92.6","69.2","69.0","69.0","73.2","70.6","61.1","65.2","68.9","19.0","15.0","18.0","23.0","20.0","15.0","True","최종추천가능","","2026년 서울 아파트 실거래(취소제외), 면적구간별 중앙값","v2 행정동 통근시간을 KIKmix 가중치로 법정동 환산; GBD 6개·YBD 여의동·CBD 3개 핵심 행정동","기준=통근35+방어30+3040 25+유동성10","대화기록_1조프로젝트_데이터검증_20260829.md","","","","33","77.1","79.6","방어력(실측)","69.0","최종추천가능","True"
"v4.0_20260902","법정동×면적구간","서초구","서초동","11650108.0","84㎡급(80~90)","12억 초과","101","228000.0","22.8","2806.93038564243","70000","400000","20260102","20260813","충분(10건+)","30.0","48.7","52.2","43.6","41.1","52.2","39.3","48.7","50.4","52.2","4","4","검증완료_v2기준","-32.0","0.0","20242.0","20261.0","20261.0","21.0","3095.0","False","검증완료","37.22","20261","86.8","50.8","64.5","66.4","84.6","89.7","60.2","67.5","68.4","68.4","73.1","65.9","67.6","69.4","59.1","20.0","16.0","24.0","13.0","15.0","29.0","True","최종추천가능","","2026년 서울 아파트 실거래(취소제외), 면적구간별 중앙값","v2 행정동 통근시간을 KIKmix 가중치로 법정동 환산; GBD 6개·YBD 여의동·CBD 3개 핵심 행정동","기준=통근35+방어30+3040 25+유동성10","대화기록_1조프로젝트_데이터검증_20260829.md","","","","116","19.0","50.8","방어력(실측)","68.4","최종추천가능","True"
"v4.0_20260902","법정동×면적구간","마포구","아현동","11440101.0","84㎡급(80~90)","12억 초과","43","240000.0","24.0","2836.98003475301","108000","265000","20260106","20260810","충분(10건+)","63.2","29.9","34.4","42.5","48.8","63.2","46.6","63.2","32.2","34.4","2","2","검증완료_v2기준","-22.7","0.0","20253.0","20261.0","20261.0","19.0","1131.0","False","검증완료","28.79","20261","89.5","65.3","44.7","52.2","65.4","75.3","94.9","67.0","67.3","67.3","72.0","67.1","58.9","62.3","69.2","21.0","20.0","21.0","28.0","27.0","14.0","True","최종추천가능","","2026년 서울 아파트 실거래(취소제외), 면적구간별 중앙값","v2 행정동 통근시간을 KIKmix 가중치로 법정동 환산; GBD 6개·YBD 여의동·CBD 3개 핵심 행정동","기준=통근35+방어30+3040 25+유동성10","대화기록_1조프로젝트_데이터검증_20260829.md","","","","124","13.4","65.3","방어력(실측)","67.3","최종추천가능","True"
"v4.0_20260902","법정동×면적구간","영등포구","도림동","11560118.0","84㎡급(80~90)","12억 초과","20","151500.0","15.15","1782.89829830301","83000","160500","20260105","20260620","충분(10건+)","62.9","34.4","52.1","49.8","57.5","62.9","48.6","62.9","43.2","52.1","1","1","검증완료_v2기준","-13.2","19.3","20253.0","20254.0","20261.0","15.0","229.0","False","검증완료","30.23","20261","71.6","80.1","48.1","39.7","43.8","71.1","73.9","65.1","65.1","65.1","65.4","67.1","55.4","64.9","65.9","22.0","27.0","20.0","36.0","21.0","21.0","True","최종추천가능","","2026년 서울 아파트 실거래(취소제외), 면적구간별 중앙값","v2 행정동 통근시간을 KIKmix 가중치로 법정동 환산; GBD 6개·YBD 여의동·CBD 3개 핵심 행정동","기준=통근35+방어30+3040 25+유동성10","대화기록_1조프로젝트_데이터검증_20260829.md","","","","41","71.8","80.1","방어력(실측)","65.1","최종추천가능","True"
"v4.0_20260902","법정동×면적구간","성북구","보문동6가","11290128.0","84㎡급(80~90)","12억 초과","16","124500.0","12.45","1464.87822096717","61500","144800","20260113","20260625","충분(10건+)","57.6","57.4","36.0","50.3","46.8","57.6","57.5","57.6","46.7","57.4","1","1","검증완료_v2기준","-11.5","54.7","20253.0","20254.0","20261.0","15.0","291.0","False","검증완료","28.01","20261","70.3","82.7","42.8","36.2","70.4","53.5","67.3","62.9","63.7","63.7","63.9","66.4","63.8","57.9","62.7","23.0","28.0","22.0","15.0","31.0","23.0","True","최종추천가능","","2026년 서울 아파트 실거래(취소제외), 면적구간별 중앙값","v2 행정동 통근시간을 KIKmix 가중치로 법정동 환산; GBD 6개·YBD 여의동·CBD 3개 핵심 행정동","기준=통근35+방어30+3040 25+유동성10","대화기록_1조프로젝트_데이터검증_20260829.md","","","","5","96.8","82.7","방어력(실측)","63.7","최종추천가능","True"
"v4.0_20260902","법정동×면적구간","서대문구","대현동","11410112.0","84㎡급(80~90)","12억 초과","14","143000.0","14.3","1715.03957783641","125000","149000","20260130","20260811","충분(10건+)","66.2","37.4","33.2","45.6","49.7","66.2","51.8","66.2","35.3","37.4","2","2","검증완료_v2기준","-14.0","0.0","20254.0","20261.0","20261.0","18.0","229.0","False","검증완료","21.93","20261","82.0","78.8","28.5","34.0","63.3","64.8","89.0","62.8","62.9","62.9","65.9","65.2","56.3","56.8","65.3","24.0","26.0","26.0","34.0","34.0","22.0","True","최종추천가능","","2026년 서울 아파트 실거래(취소제외), 면적구간별 중앙값","v2 행정동 통근시간을 KIKmix 가중치로 법정동 환산; GBD 6개·YBD 여의동·CBD 3개 핵심 행정동","기준=통근35+방어30+3040 25+유동성10","대화기록_1조프로젝트_데이터검증_20260829.md","","","","32","78.2","78.8","방어력(실측)","62.9","최종추천가능","True"
"v4.0_20260902","법정동×면적구간","은평구","수색동","11380101.0","84㎡급(80~90)","12억 초과","83","132000.0","13.2","1553.48946687066","74000","169000","20260106","20260812","충분(10건+)","80.1","49.5","58.2","62.6","69.2","80.1","64.8","80.1","53.8","58.2","1","1","검증완료_v2기준","-3.3","0.0","20254.0","20261.0","20261.0","20.0","626.0","False","검증완료","33.26","20261","40.2","95.5","55.2","63.1","14.9","38.9","53.7","63.1","62.8","62.8","56.6","67.6","54.0","62.4","67.6","25.0","37.0","19.0","37.0","24.0","19.0","True","최종추천가능","","2026년 서울 아파트 실거래(취소제외), 면적구간별 중앙값","v2 행정동 통근시간을 KIKmix 가중치로 법정동 환산; GBD 6개·YBD 여의동·CBD 3개 핵심 행정동","기준=통근35+방어30+3040 25+유동성10","대화기록_1조프로젝트_데이터검증_20260829.md","","","","20","86.6","95.5","방어력(실측)","62.8","최종추천가능","True"
"v4.0_20260902","법정동×면적구간","강남구","도곡동","11680118.0","84㎡급(80~90)","12억 초과","42","268500.0","26.85","3162.56088664532","114500","377500","20260109","20260713","충분(10건+)","26.6","54.4","56.4","45.8","41.5","56.4","40.5","54.4","55.4","56.4","2","2","검증완료_v2기준","-39.1","0.0","20254.0","20261.0","20261.0","21.0","1812.0","False","검증완료","37.69","20261","81.4","39.7","65.6","51.8","83.6","87.4","50.7","60.9","62.0","62.0","66.9","58.6","62.7","64.1","51.2","26.0","24.0","32.0","17.0","23.0","38.0","True","최종추천가능","","2026년 서울 아파트 실거래(취소제외), 면적구간별 중앙값","v2 행정동 통근시간을 KIKmix 가중치로 법정동 환산; GBD 6개·YBD 여의동·CBD 3개 핵심 행정동","기준=통근35+방어30+3040 25+유동성10","대화기록_1조프로젝트_데이터검증_20260829.md","","","","130","9.2","39.7","방어력(실측)","62.0","최종추천가능","True"
"v4.0_20260902","법정동×면적구간","송파구","송파동","11710104.0","84㎡급(80~90)","12억 초과","21","207000.0","20.7","2352.80745624005","147000","261000","20260103","20260725","충분(10건+)","42.8","63.9","65.5","57.4","54.1","65.5","53.3","63.9","64.7","65.5","2","2","검증완료_v2기준","-16.1","0.0","20253.0","20261.0","20261.0","19.0","828.0","False","검증완료","37.52","20261","53.0","75.5","65.2","40.5","52.2","61.8","33.1","61.4","61.6","61.6","58.7","63.2","61.3","64.6","54.6","27.0","35.0","27.0","22.0","22.0","30.0","True","최종추천가능","","2026년 서울 아파트 실거래(취소제외), 면적구간별 중앙값","v2 행정동 통근시간을 KIKmix 가중치로 법정동 환산; GBD 6개·YBD 여의동·CBD 3개 핵심 행정동","기준=통근35+방어30+3040 25+유동성10","대화기록_1조프로젝트_데이터검증_20260829.md","","","","106","25.7","75.5","방어력(실측)","61.6","최종추천가능","True"
"v4.0_20260902","법정동×면적구간","동대문구","전농동","11230104.0","84㎡급(80~90)","12억 초과","127","169000.0","16.9","1988.70322428807","80000","214000","20260101","20260812","충분(10건+)","59.4","64.9","46.9","57.1","53.2","59.4","62.2","64.9","55.9","64.9","2","2","검증완료_v2기준","-8.2","17.2","20252.0","20253.0","20261.0","21.0","1353.0","False","검증완료","25.67","20261","53.7","87.9","37.3","70.3","54.6","44.1","49.8","60.7","61.5","61.5","58.9","65.8","61.8","58.2","60.2","28.0","34.0","25.0","21.0","30.0","27.0","True","최종추천가능","","2026년 서울 아파트 실거래(취소제외), 면적구간별 중앙값","v2 행정동 통근시간을 KIKmix 가중치로 법정동 환산; GBD 6개·YBD 여의동·CBD 3개 핵심 행정동","기준=통근35+방어30+3040 25+유동성10","대화기록_1조프로젝트_데이터검증_20260829.md","","","","69","52.1","87.9","방어력(실측)","61.5","최종추천가능","True"
"v4.0_20260902","법정동×면적구간","동대문구","용두동","11230102.0","84㎡급(80~90)","12억 초과","75","149900.0","14.99","1764.35969868173","65000","200000","20260105","20260808","충분(10건+)","58.0","63.4","37.5","53.0","47.8","58.0","60.7","63.4","50.4","63.4","2","2","검증완료_v2기준","-22.3","87.1","20253.0","20254.0","20261.0","21.0","986.0","False","검증완료","30.78","20261","63.8","65.9","49.4","61.5","68.0","47.1","60.2","60.1","60.6","60.6","61.1","61.5","62.1","54.8","59.3","29.0","32.0","29.0","19.0","38.0","28.0","True","최종추천가능","","2026년 서울 아파트 실거래(취소제외), 면적구간별 중앙값","v2 행정동 통근시간을 KIKmix 가중치로 법정동 환산; GBD 6개·YBD 여의동·CBD 3개 핵심 행정동","기준=통근35+방어30+3040 25+유동성10","대화기록_1조프로젝트_데이터검증_20260829.md","","","","39","73.2","65.9","방어력(실측)","60.6","최종추천가능","True"
"v4.0_20260902","법정동×면적구간","마포구","신수동","11440111.0","84㎡급(80~90)","12억 초과","35","166000.0","16.6","1955.10499637944","124000","259000","20260108","20260804","충분(10건+)","64.7","27.3","38.6","43.5","51.6","64.7","46.0","64.7","32.9","38.6","2","2","검증완료_v2기준","-35.9","51.9","20214.0","20243.0","20261.0","17.0","524.0","False","검증완료","29.2","20261","87.0","44.7","45.6","48.8","58.4","76.4","93.5","60.0","60.1","60.1","66.4","58.0","50.1","56.4","62.4","30.0","25.0","33.0","38.0","37.0","24.0","True","최종추천가능","","2026년 서울 아파트 실거래(취소제외), 면적구간별 중앙값","v2 행정동 통근시간을 KIKmix 가중치로 법정동 환산; GBD 6개·YBD 여의동·CBD 3개 핵심 행정동","기준=통근35+방어30+3040 25+유동성10","대화기록_1조프로젝트_데이터검증_20260829.md","","","","66","54.2","44.7","방어력(실측)","60.1","최종추천가능","True"
"v4.0_20260902","법정동×면적구간","강남구","역삼동","11680101.0","84㎡급(80~90)","12억 초과","35","234000.0","23.4","2754.56150676869","108000","378000","20260103","20260801","충분(10건+)","20.2","53.0","56.7","43.3","38.4","56.7","36.6","53.0","54.8","56.7","2","2","검증완료_v2기준","-57.2","0.0","20251.0","20261.0","20261.0","21.0","1423.0","False","검증완료","44.83","20261","87.6","11.5","82.4","48.8","91.1","95.2","51.8","58.3","59.6","59.6","67.5","52.2","60.8","62.3","47.1","31.0","23.0","38.0","24.0","26.0","41.0","True","최종추천가능","","2026년 서울 아파트 실거래(취소제외), 면적구간별 중앙값","v2 행정동 통근시간을 KIKmix 가중치로 법정동 환산; GBD 6개·YBD 여의동·CBD 3개 핵심 행정동","기준=통근35+방어30+3040 25+유동성10","대화기록_1조프로젝트_데이터검증_20260829.md","","","","121","15.5","11.5","방어력(실측)","59.6","최종추천가능","True"
"v4.0_20260902","법정동×면적구간","송파구","방이동","11710111.0","84㎡급(80~90)","12억 초과","59","223000.0","22.3","2625.07357268982","84200","320000","20260109","20260805","충분(10건+)","43.9","65.9","61.5","57.1","52.7","61.5","54.9","65.9","63.7","65.9","3","3","검증완료_v2기준","-26.2","41.3","20251.0","20254.0","20261.0","21.0","946.0","False","검증완료","37.85","20261","53.7","59.8","66.0","57.5","55.7","58.6","35.0","58.5","59.0","59.0","57.8","59.0","59.7","60.7","52.4","32.0","36.0","31.0","25.0","28.0","34.0","True","최종추천가능","","2026년 서울 아파트 실거래(취소제외), 면적구간별 중앙값","v2 행정동 통근시간을 KIKmix 가중치로 법정동 환산; GBD 6개·YBD 여의동·CBD 3개 핵심 행정동","기준=통근35+방어30+3040 25+유동성10","대화기록_1조프로젝트_데이터검증_20260829.md","","","","113","21.1","59.8","방어력(실측)","59.0","최종추천가능","True"
"v4.0_20260902","법정동×면적구간","송파구","가락동","11710107.0","84㎡급(80~90)","12억 초과","168","218500.0","21.85","2579.9976384461","69000","315000","20260102","20260818","충분(10건+)","48.7","68.1","69.2","62.0","58.9","69.2","58.4","68.1","68.6","69.2","3","3","검증완료_v2기준","-15.4","74.2","20221.0","20234.0","20261.0","21.0","3034.0","False","검증완료","33.26","20261","41.7","76.6","55.2","75.0","40.3","51.7","25.6","58.8","58.9","58.9","54.7","61.7","58.4","62.4","53.2","33.0","39.0","28.0","31.0","25.0","31.0","True","최종추천가능","","2026년 서울 아파트 실거래(취소제외), 면적구간별 중앙값","v2 행정동 통근시간을 KIKmix 가중치로 법정동 환산; GBD 6개·YBD 여의동·CBD 3개 핵심 행정동","기준=통근35+방어30+3040 25+유동성10","대화기록_1조프로젝트_데이터검증_20260829.md","","","","111","22.5","76.6","방어력(실측)","58.9","최종추천가능","True"
"v4.0_20260902","법정동×면적구간","성동구","성수동2가","11200115.0","84㎡급(80~90)","12억 초과","24","141750.0","14.18","1736.74961523307","98500","340000","20260108","20260617","충분(10건+)","41.0","56.8","49.6","49.1","45.2","49.6","48.9","56.8","53.2","56.8","2","2","검증완료_v2기준","-30.3","13.4","20251.0","20254.0","20261.0","19.0","420.0","False","검증완료","31.63","20261","73.3","53.4","51.4","42.7","74.2","70.7","55.0","59.0","58.8","58.8","61.9","57.9","59.1","57.9","52.4","34.0","31.0","34.0","27.0","32.0","32.0","True","최종추천가능","","2026년 서울 아파트 실거래(취소제외), 면적구간별 중앙값","v2 행정동 통근시간을 KIKmix 가중치로 법정동 환산; GBD 6개·YBD 여의동·CBD 3개 핵심 행정동","기준=통근35+방어30+3040 25+유동성10","대화기록_1조프로젝트_데이터검증_20260829.md","","","","29","79.6","53.4","방어력(실측)","58.8","최종추천가능","True"
"v4.0_20260902","법정동×면적구간","용산구","한남동","11170131.0","84㎡급(80~90)","12억 초과","16","169250.0","16.92","2030.6050810678","90000","245000","20260106","20260708","충분(10건+)","37.8","43.3","36.9","39.3","37.3","37.8","40.6","43.3","40.1","43.3","1","1","검증완료_v2기준","-55.3","7.8","20241.0","20253.0","20261.0","20.0","439.0","False","검증완료","36.62","20261","97.3","14.5","63.1","36.2","93.9","87.3","79.8","57.3","57.8","57.8","67.8","51.2","56.6","54.3","51.7","35.0","22.0","40.0","33.0","39.0","37.0","True","최종추천가능","","2026년 서울 아파트 실거래(취소제외), 면적구간별 중앙값","v2 행정동 통근시간을 KIKmix 가중치로 법정동 환산; GBD 6개·YBD 여의동·CBD 3개 핵심 행정동","기준=통근35+방어30+3040 25+유동성10","대화기록_1조프로젝트_데이터검증_20260829.md","","","","70","51.1","14.5","방어력(실측)","57.8","최종추천가능","True"
"v4.0_20260902","법정동×면적구간","서초구","양재동","11650102.0","84㎡급(80~90)","12억 초과","19","155000.0","15.5","1825.89233125221","79000","225000","20260108","20260731","충분(10건+)","33.6","58.2","59.6","50.5","46.6","59.6","46.0","58.2","58.9","59.6","2","2","검증완료_v2기준","-35.3","50.9","20251.0","20254.0","20261.0","17.0","224.0","False","검증완료","36.25","20261","69.9","45.6","62.2","38.9","70.9","76.5","44.1","56.2","57.6","57.6","60.4","55.5","57.9","59.9","48.6","36.0","33.0","36.0","32.0","29.0","40.0","True","최종추천가능","","2026년 서울 아파트 실거래(취소제외), 면적구간별 중앙값","v2 행정동 통근시간을 KIKmix 가중치로 법정동 환산; GBD 6개·YBD 여의동·CBD 3개 핵심 행정동","기준=통근35+방어30+3040 25+유동성10","대화기록_1조프로젝트_데이터검증_20260829.md","","","","45","68.7","45.6","방어력(실측)","57.6","최종추천가능","True"
"v4.0_20260902","법정동×면적구간","마포구","상암동","11440127.0","84㎡급(80~90)","12억 초과","76","130750.0","13.08","1539.95694741706","93000","175000","20260115","20260821","충분(10건+)","76.1","44.1","57.3","59.2","66.7","76.1","60.1","76.1","50.7","57.3","1","1","검증완료_v2기준","-25.8","81.4","20213.0","20231.0","20261.0","19.0","713.0","False","검증완료","37.03","20261","48.6","60.4","64.1","61.7","21.0","48.3","59.7","57.6","57.3","57.3","55.4","57.7","47.7","57.2","61.2","37.0","38.0","35.0","39.0","33.0","26.0","True","최종추천가능","","2026년 서울 아파트 실거래(취소제외), 면적구간별 중앙값","v2 행정동 통근시간을 KIKmix 가중치로 법정동 환산; GBD 6개·YBD 여의동·CBD 3개 핵심 행정동","기준=통근35+방어30+3040 25+유동성10","대화기록_1조프로젝트_데이터검증_20260829.md","","","","18","87.7","60.4","방어력(실측)","57.3","최종추천가능","True"
"v4.0_20260902","법정동×면적구간","성동구","성수동1가","11200114.0","84㎡급(80~90)","12억 초과","30","199500.0","19.95","2383.6106813513","96000","630000","20260102","20260713","충분(10건+)","38.7","55.8","42.0","45.5","40.3","42.0","47.2","55.8","48.9","55.8","2","2","검증완료_v2기준","-42.3","50.4","20222.0","20232.0","20261.0","20.0","934.0","False","검증완료","32.03","20261","82.2","34.7","52.3","46.3","86.5","73.9","63.2","56.5","56.9","56.9","63.1","53.6","58.4","54.0","50.2","38.0","29.0","37.0","30.0","40.0","39.0","True","최종추천가능","","2026년 서울 아파트 실거래(취소제외), 면적구간별 중앙값","v2 행정동 통근시간을 KIKmix 가중치로 법정동 환산; GBD 6개·YBD 여의동·CBD 3개 핵심 행정동","기준=통근35+방어30+3040 25+유동성10","대화기록_1조프로젝트_데이터검증_20260829.md","","","","98","31.7","34.7","방어력(실측)","56.9","최종추천가능","True"
"v4.0_20260902","법정동×면적구간","동작구","상도동","11590102.0","84㎡급(80~90)","12억 초과","192","165750.0","16.58","1950.57323959017","16000","228000","20260103","20260822","충분(10건+)","49.2","34.4","53.3","45.7","51.3","53.3","41.8","49.2","43.9","53.3","4","4","검증완료_v2기준","-48.6","75.0","20212.0","20223.0","20261.0","21.0","2857.0","False","검증완료","29.77","20261","81.8","24.9","47.0","77.2","59.2","84.7","72.7","55.7","55.6","55.6","63.0","51.6","47.7","56.6","52.4","39.0","30.0","39.0","41.0","35.0","33.0","True","최종추천가능","","2026년 서울 아파트 실거래(취소제외), 면적구간별 중앙값","v2 행정동 통근시간을 KIKmix 가중치로 법정동 환산; GBD 6개·YBD 여의동·CBD 3개 핵심 행정동","기준=통근35+방어30+3040 25+유동성10","대화기록_1조프로젝트_데이터검증_20260829.md","","","","65","54.9","24.9","방어력(실측)","55.6","최종추천가능","True"
"v4.0_20260902","법정동×면적구간","강동구","고덕동","11740102.0","84㎡급(80~90)","12억 초과","99","196000.0","19.6","2306.42504118616","112000","254500","20260107","20260806","충분(10건+)","62.2","81.8","70.2","71.4","66.2","70.2","72.0","81.8","76.0","81.8","2","2","검증완료_v2기준","-2.1","0.0","20254.0","20261.0","20261.0","21.0","2037.0","False","검증완료","30.4","20261","18.5","97.4","48.5","66.1","22.2","24.4","11.5","53.9","54.4","54.4","45.0","60.8","55.7","56.5","52.0","40.0","41.0","30.0","35.0","36.0","35.0","True","최종추천가능","","2026년 서울 아파트 실거래(취소제외), 면적구간별 중앙값","v2 행정동 통근시간을 KIKmix 가중치로 법정동 환산; GBD 6개·YBD 여의동·CBD 3개 핵심 행정동","기준=통근35+방어30+3040 25+유동성10","대화기록_1조프로젝트_데이터검증_20260829.md","","","","93","34.9","97.4","방어력(실측)","54.4","최종추천가능","True"
"v4.0_20260902","법정동×면적구간","은평구","대조동","11380106.0","84㎡급(80~90)","12억 초과","19","138910.0","13.89","1643.42370072215","49000","158915","20260103","20260812","충분(10건+)","68.4","58.3","43.4","56.7","55.9","68.4","63.4","68.4","50.8","58.3","1","1","검증완료_v2기준","-32.9","31.9","20221.0","20241.0","20261.0","20.0","766.0","False","검증완료","30.6","20261","54.7","49.4","48.9","38.9","47.8","41.8","59.4","49.6","50.1","50.1","50.9","49.8","47.7","45.6","51.7","41.0","40.0","41.0","40.0","41.0","36.0","True","최종추천가능","","2026년 서울 아파트 실거래(취소제외), 면적구간별 중앙값","v2 행정동 통근시간을 KIKmix 가중치로 법정동 환산; GBD 6개·YBD 여의동·CBD 3개 핵심 행정동","기준=통근35+방어30+3040 25+유동성10","대화기록_1조프로젝트_데이터검증_20260829.md","","","","27","81.7","49.4","방어력(실측)","50.1","최종추천가능","True"
"v4.0_20260902","법정동×면적구간","강동구","둔촌동","11740106.0","84㎡급(80~90)","12억 초과","89","163000.0","16.3","1919.90577149588","54200","320000","20260103","20260812","충분(10건+)","54.8","70.3","67.8","64.3","61.3","67.8","62.6","70.3","69.0","70.3","2","2","검증완료_v2기준","-38.6","28.7","20244.0","20252.0","20261.0","20.0","1175.0","False","검증완료","29.5","20261","36.0","40.5","46.4","64.3","34.4","43.4","24.8","42.5","42.8","42.8","41.8","42.7","42.2","45.4","38.9","42.0","42.0","42.0","42.0","42.0","42.0","True","최종추천가능","","2026년 서울 아파트 실거래(취소제외), 면적구간별 중앙값","v2 행정동 통근시간을 KIKmix 가중치로 법정동 환산; GBD 6개·YBD 여의동·CBD 3개 핵심 행정동","기준=통근35+방어30+3040 25+유동성10","대화기록_1조프로젝트_데이터검증_20260829.md","","","","58","59.5","40.5","방어력(실측)","42.8","최종추천가능","True"
"v4.0_20260902","법정동×면적구간","송파구","오금동","11710112.0","84㎡급(80~90)","12억 초과","40","159750.0","15.98","1870.31277726042","63500","260000","20260107","20260812","충분(10건+)","53.0","68.1","68.8","63.3","60.9","68.8","60.6","68.1","68.4","68.8","1","1","검증완료_v2기준","-45.6","97.0","20222.0","20224.0","20261.0","20.0","875.0","False","검증완료","28.5","20261","38.5","29.6","44.0","51.0","35.4","47.4","26.0","38.2","38.5","38.5","39.1","37.3","37.4","41.6","34.1","43.0","43.0","43.0","43.0","43.0","43.0","True","최종추천가능","","2026년 서울 아파트 실거래(취소제외), 면적구간별 중앙값","v2 행정동 통근시간을 KIKmix 가중치로 법정동 환산; GBD 6개·YBD 여의동·CBD 3개 핵심 행정동","기준=통근35+방어30+3040 25+유동성10","대화기록_1조프로젝트_데이터검증_20260829.md","","","","53","63.4","29.6","방어력(실측)","38.5","최종추천가능","True"
"v4.0_20260902","법정동×면적구간","구로구","궁동","11530109.0","59㎡급(55~65)","7억 이하","1","24000.0","2.4","393.313667649951","24000","24000","20260721","20260721","경고(5건미만)","72.0","53.7","68.4","64.7","70.2","72.0","62.8","72.0","61.0","68.4","1","1","검증완료_v2기준","","","","","","","","","방어력_자료부족","27.2","20261","35.0","","40.9","0.0","12.3","42.8","40.0","","","","","","","","","","","","","","","False","제외_핵심자료미검증·결측","방어력:방어력_자료부족; 가격표본:경고(5건미만)","2026년 서울 아파트 실거래(취소제외), 면적구간별 중앙값","v2 행정동 통근시간을 KIKmix 가중치로 법정동 환산; GBD 6개·YBD 여의동·CBD 3개 핵심 행정동","기준=통근35+방어30+3040 25+유동성10","대화기록_1조프로젝트_데이터검증_20260829.md","7.0","4.6","65.7","2","97.8","97.8","가성비(대체)","51.8","제외_핵심자료미검증·결측","False"
"v4.0_20260902","법정동×면적구간","구로구","항동","11530112.0","59㎡급(55~65)","7억 이하","35","68000.0","6.8","1135.98396257935","64000","74500","20260107","20260811","충분(10건+)","","","","","","","","","","","1","0","v2_행정동통근자료없음","","","","","","","","","방어력_자료부족","","20261","","","","48.8","","","","","","","","","","","","","","","","","","False","제외_핵심자료미검증·결측","통근:v2_행정동통근자료없음; 방어력:방어력_자료부족; 3040비중 자료없음","2026년 서울 아파트 실거래(취소제외), 면적구간별 중앙값","v2 행정동 통근시간을 KIKmix 가중치로 법정동 환산; GBD 6개·YBD 여의동·CBD 3개 핵심 행정동","기준=통근35+방어30+3040 25+유동성10","대화기록_1조프로젝트_데이터검증_20260829.md","7.0","0.2","2.9","41","10.0","10.0","가성비(대체)","","제외_핵심자료미검증·결측","False"
"v4.0_20260902","법정동×면적구간","동작구","상도1동","11590103.0","59㎡급(55~65)","7억 이하","1","49700.0","4.97","798.00899165061","49700","49700","20260716","20260716","경고(5건미만)","46.7","35.3","54.2","45.4","50.4","54.2","41.0","46.7","44.8","54.2","1","1","검증완료_v2기준","","","","","","","","","방어력_자료부족","24.1","20261","82.4","","33.6","0.0","61.3","86.4","71.0","","","","","","","","","","","","","","","False","제외_핵심자료미검증·결측","방어력:방어력_자료부족; 가격표본:경고(5건미만)","2026년 서울 아파트 실거래(취소제외), 면적구간별 중앙값","v2 행정동 통근시간을 KIKmix 가중치로 법정동 환산; GBD 6개·YBD 여의동·CBD 3개 핵심 행정동","기준=통근35+방어30+3040 25+유동성10","대화기록_1조프로젝트_데이터검증_20260829.md","7.0","2.03","29.0","13","73.3","73.3","가성비(대체)","59.2","제외_핵심자료미검증·결측","False"
"v4.0_20260902","법정동×면적구간","마포구","서교동","11440120.0","59㎡급(55~65)","7억 이하","3","58500.0","5.85","1019.87447698745","55000","59000","20260526","20260707","경고(5건미만)","66.5","34.7","41.7","47.6","54.1","66.5","50.6","66.5","38.2","41.7","1","1","검증완료_v2기준","-39.5","0.0","20254.0","20261.0","20261.0","19.0","229.0","False","검증완료","36.33","20261","76.9","39.1","62.4","11.7","52.3","67.2","83.5","55.6","55.4","","","","","","","","","","","","","False","참고용_가격표본부족","가격표본:경고(5건미만)","2026년 서울 아파트 실거래(취소제외), 면적구간별 중앙값","v2 행정동 통근시간을 KIKmix 가중치로 법정동 환산; GBD 6개·YBD 여의동·CBD 3개 핵심 행정동","기준=통근35+방어30+3040 25+유동성10","대화기록_1조프로젝트_데이터검증_20260829.md","7.0","1.15","16.4","25","45.6","39.1","방어력(실측)","55.4","참고용_가격표본부족","False"
"v4.0_20260902","법정동×면적구간","서대문구","충정로3가","11410102.0","59㎡급(55~65)","7억 이하","2","45000.0","4.5","809.789454741767","45000","45000","20260314","20260406","경고(5건미만)","62.3","35.1","23.9","40.4","43.1","62.3","48.7","62.3","29.5","35.1","1","1","검증완료_v2기준","-31.0","0.0","20221.0","20261.0","20261.0","12.0","81.0","False","검증완료","38.1","20261","94.6","52.3","66.6","6.9","79.6","71.0","100.0","65.9","66.1","","","","","","","","","","","","","False","참고용_가격표본부족","가격표본:경고(5건미만)","2026년 서울 아파트 실거래(취소제외), 면적구간별 중앙값","v2 행정동 통근시간을 KIKmix 가중치로 법정동 환산; GBD 6개·YBD 여의동·CBD 3개 핵심 행정동","기준=통근35+방어30+3040 25+유동성10","대화기록_1조프로젝트_데이터검증_20260829.md","7.0","2.5","35.7","8","84.4","52.3","방어력(실측)","66.1","참고용_가격표본부족","False"
"v4.0_20260902","법정동×면적구간","성북구","동소문동4가","11290107.0","59㎡급(55~65)","7억 이하","8","68500.0","6.85","1169.14149172214","62000","72000","20260222","20260730","참고(5~9건)","61.7","61.9","36.8","53.5","49.2","61.7","61.8","61.9","49.3","61.9","1","1","검증완료_v2기준","","","","","","","","","방어력_자료부족","28.58","20261","62.6","","44.2","25.4","64.3","44.9","62.3","","","","","","","","","","","","","","","False","제외_핵심자료미검증·결측","방어력:방어력_자료부족; 가격표본:참고(5~9건)","2026년 서울 아파트 실거래(취소제외), 면적구간별 중앙값","v2 행정동 통근시간을 KIKmix 가중치로 법정동 환산; GBD 6개·YBD 여의동·CBD 3개 핵심 행정동","기준=통근35+방어30+3040 25+유동성10","대화기록_1조프로젝트_데이터검증_20260829.md","7.0","0.15","2.1","43","6.7","6.7","가성비(대체)","37.5","제외_핵심자료미검증·결측","False"
"v4.0_20260902","법정동×면적구간","성북구","안암동3가","11290123.0","59㎡급(55~65)","7억 이하","1","21000.0","2.1","344.65780403742","21000","21000","20260410","20260410","경고(5건미만)","64.1","58.9","40.4","54.5","52.2","64.1","61.5","64.1","49.6","58.9","1","1","검증완료_v2기준","","","","","","","","","방어력_자료부족","26.54","20261","60.1","","39.4","0.0","56.9","45.5","61.7","","","","","","","","","","","","","","","False","제외_핵심자료미검증·결측","방어력:방어력_자료부족; 가격표본:경고(5건미만)","2026년 서울 아파트 실거래(취소제외), 면적구간별 중앙값","v2 행정동 통근시간을 KIKmix 가중치로 법정동 환산; GBD 6개·YBD 여의동·CBD 3개 핵심 행정동","기준=통근35+방어30+3040 25+유동성10","대화기록_1조프로젝트_데이터검증_20260829.md","7.0","4.9","70.0","1","100.0","100.0","가성비(대체)","60.9","제외_핵심자료미검증·결측","False"
"v4.0_20260902","법정동×면적구간","성북구","안암동4가","11290124.0","59㎡급(55~65)","7억 이하","2","29250.0","2.92","479.351032448378","27000","31500","20260703","20260711","경고(5건미만)","64.1","58.9","40.4","54.5","52.2","64.1","61.5","64.1","49.6","58.9","1","1","검증완료_v2기준","","","","","","","","","방어력_자료부족","","20261","60.1","","","6.9","56.9","45.5","61.7","","","","","","","","","","","","","","","False","제외_핵심자료미검증·결측","방어력:방어력_자료부족; 3040비중 자료없음; 가격표본:경고(5건미만)","2026년 서울 아파트 실거래(취소제외), 면적구간별 중앙값","v2 행정동 통근시간을 KIKmix 가중치로 법정동 환산; GBD 6개·YBD 여의동·CBD 3개 핵심 행정동","기준=통근35+방어30+3040 25+유동성10","대화기록_1조프로젝트_데이터검증_20260829.md","7.0","4.08","58.3","3","95.6","95.6","가성비(대체)","50.4","제외_핵심자료미검증·결측","False"
"v4.0_20260902","법정동×면적구간","영등포구","영등포동5가","11560106.0","59㎡급(55~65)","7억 이하","4","61150.0","6.12","1019.84656437625","55000","65300","20260102","20260725","경고(5건미만)","58.9","23.1","43.7","41.9","51.3","58.9","41.0","58.9","33.4","43.7","1","1","검증완료_v2기준","","","","","","","","","방어력_자료부족","29.78","20261","91.0","","47.0","15.5","59.2","86.4","92.6","","","","","","","","","","","","","","","False","제외_핵심자료미검증·결측","방어력:방어력_자료부족; 가격표본:경고(5건미만)","2026년 서울 아파트 실거래(취소제외), 면적구간별 중앙값","v2 행정동 통근시간을 KIKmix 가중치로 법정동 환산; GBD 6개·YBD 여의동·CBD 3개 핵심 행정동","기준=통근35+방어30+3040 25+유동성10","대화기록_1조프로젝트_데이터검증_20260829.md","7.0","0.88","12.6","31","33.3","33.3","가성비(대체)","55.1","제외_핵심자료미검증·결측","False"
"v4.0_20260902","법정동×면적구간","종로구","구기동","11110182.0","59㎡급(55~65)","7억 이하","2","50500.0","5.05","870.198082908628","50000","51000","20260102","20260107","경고(5건미만)","73.1","62.5","44.7","60.1","58.9","73.1","67.8","73.1","53.6","62.5","1","1","검증완료_v2기준","","","","","","","","","방어력_자료부족","25.36","20261","46.3","","36.6","6.9","40.3","32.9","54.2","","","","","","","","","","","","","","","False","제외_핵심자료미검증·결측","방어력:방어력_자료부족; 가격표본:경고(5건미만)","2026년 서울 아파트 실거래(취소제외), 면적구간별 중앙값","v2 행정동 통근시간을 KIKmix 가중치로 법정동 환산; GBD 6개·YBD 여의동·CBD 3개 핵심 행정동","기준=통근35+방어30+3040 25+유동성10","대화기록_1조프로젝트_데이터검증_20260829.md","7.0","1.95","27.9","14","71.1","71.1","가성비(대체)","47.4","제외_핵심자료미검증·결측","False"
"v4.0_20260902","법정동×면적구간","종로구","동숭동","11110168.0","59㎡급(55~65)","7억 이하","1","39000.0","3.9","672.87784679089","39000","39000","20260425","20260425","경고(5건미만)","","","","","","","","","","","1","0","v2_행정동통근자료없음","","","","","","","","","방어력_자료부족","","20261","","","","0.0","","","","","","","","","","","","","","","","","","False","제외_핵심자료미검증·결측","통근:v2_행정동통근자료없음; 방어력:방어력_자료부족; 3040비중 자료없음; 가격표본:경고(5건미만)","2026년 서울 아파트 실거래(취소제외), 면적구간별 중앙값","v2 행정동 통근시간을 KIKmix 가중치로 법정동 환산; GBD 6개·YBD 여의동·CBD 3개 핵심 행정동","기준=통근35+방어30+3040 25+유동성10","대화기록_1조프로젝트_데이터검증_20260829.md","7.0","3.1","44.3","5","91.1","91.1","가성비(대체)","","제외_핵심자료미검증·결측","False"
"v4.0_20260902","법정동×면적구간","종로구","익선동","11110133.0","59㎡급(55~65)","7억 이하","1","58300.0","5.83","1019.58726827562","58300","58300","20260303","20260303","경고(5건미만)","60.3","46.3","18.0","41.5","39.2","60.3","53.3","60.3","32.2","46.3","1","1","검증완료_v2기준","","","","","","","","","방어력_자료부족","24.08","20261","91.9","","33.6","0.0","89.4","61.8","95.0","","","","","","","","","","","","","","","False","제외_핵심자료미검증·결측","방어력:방어력_자료부족; 가격표본:경고(5건미만)","2026년 서울 아파트 실거래(취소제외), 면적구간별 중앙값","v2 행정동 통근시간을 KIKmix 가중치로 법정동 환산; GBD 6개·YBD 여의동·CBD 3개 핵심 행정동","기준=통근35+방어30+3040 25+유동성10","대화기록_1조프로젝트_데이터검증_20260829.md","7.0","1.17","16.7","24","48.9","48.9","가성비(대체)","55.2","제외_핵심자료미검증·결측","False"
"v4.0_20260902","법정동×면적구간","종로구","평창동","11110183.0","59㎡급(55~65)","7억 이하","3","66300.0","6.63","1105.92160133445","64000","68000","20260424","20260710","경고(5건미만)","73.1","62.5","44.7","60.1","58.9","73.1","67.8","73.1","53.6","62.5","1","1","검증완료_v2기준","-41.5","86.1","20214.0","20243.0","20253.0","10.0","79.0","False","검증완료","26.4","20261","46.3","36.0","39.1","11.7","40.3","32.9","54.2","37.2","37.9","","","","","","","","","","","","","False","참고용_가격표본부족","가격표본:경고(5건미만)","2026년 서울 아파트 실거래(취소제외), 면적구간별 중앙값","v2 행정동 통근시간을 KIKmix 가중치로 법정동 환산; GBD 6개·YBD 여의동·CBD 3개 핵심 행정동","기준=통근35+방어30+3040 25+유동성10","대화기록_1조프로젝트_데이터검증_20260829.md","7.0","0.37","5.3","38","17.8","36.0","방어력(실측)","37.9","참고용_가격표본부족","False"
"v4.0_20260902","법정동×면적구간","중구","회현동1가","11140121.0","59㎡급(55~65)","7억 이하","1","56000.0","5.6","876.780961327697","56000","56000","20260502","20260502","경고(5건미만)","57.5","41.4","17.6","38.8","37.6","57.5","49.4","57.5","29.5","41.4","2","2","검증완료_v2기준","","","","","","","","","방어력_자료부족","25.41","20261","98.5","","36.7","0.0","93.3","69.5","100.0","","","","","","","","","","","","","","","False","제외_핵심자료미검증·결측","방어력:방어력_자료부족; 가격표본:경고(5건미만)","2026년 서울 아파트 실거래(취소제외), 면적구간별 중앙값","v2 행정동 통근시간을 KIKmix 가중치로 법정동 환산; GBD 6개·YBD 여의동·CBD 3개 핵심 행정동","기준=통근35+방어30+3040 25+유동성10","대화기록_1조프로젝트_데이터검증_20260829.md","7.0","1.4","20.0","22","53.3","53.3","가성비(대체)","59.6","제외_핵심자료미검증·결측","False"
"v4.0_20260902","법정동×면적구간","중구","흥인동","11140163.0","59㎡급(55~65)","7억 이하","1","32000.0","3.2","567.074251284778","32000","32000","20260506","20260506","경고(5건미만)","47.7","45.8","32.3","41.9","40.0","47.7","46.8","47.7","39.0","45.8","1","1","검증완료_v2기준","-33.7","13.7","20222.0","20243.0","20261.0","10.0","75.0","False","검증완료","35.41","20261","90.9","48.1","60.3","0.0","87.3","74.9","81.8","60.8","61.3","","","","","","","","","","","","","False","참고용_가격표본부족","가격표본:경고(5건미만)","2026년 서울 아파트 실거래(취소제외), 면적구간별 중앙값","v2 행정동 통근시간을 KIKmix 가중치로 법정동 환산; GBD 6개·YBD 여의동·CBD 3개 핵심 행정동","기준=통근35+방어30+3040 25+유동성10","대화기록_1조프로젝트_데이터검증_20260829.md","7.0","3.8","54.3","4","93.3","48.1","방어력(실측)","61.3","참고용_가격표본부족","False"
"v4.0_20260902","법정동×면적구간","강남구","논현동","11680108.0","59㎡급(55~65)","7~9억","5","90000.0","9.0","1511.08126259234","55000","147000","20260210","20260725","참고(5~9건)","21.6","46.8","48.2","38.8","34.9","48.2","34.2","46.8","47.5","48.2","2","2","검증완료_v2기준","-12.9","28.1","20243.0","20254.0","20261.0","20.0","641.0","False","검증완료","41.9","20261","98.5","80.5","75.5","18.6","100.0","100.0","65.8","78.3","79.4","","","","","","","","","","","","","False","참고용_가격표본부족","가격표본:참고(5~9건)","2026년 서울 아파트 실거래(취소제외), 면적구간별 중앙값","v2 행정동 통근시간을 KIKmix 가중치로 법정동 환산; GBD 6개·YBD 여의동·CBD 3개 핵심 행정동","기준=통근35+방어30+3040 25+유동성10","대화기록_1조프로젝트_데이터검증_20260829.md","9.0","0.0","0.0","40","1.2","80.5","방어력(실측)","79.4","참고용_가격표본부족","False"
"v4.0_20260902","법정동×면적구간","강서구","공항동","11500108.0","59㎡급(55~65)","7~9억","9","74500.0","7.45","1242.49499666444","63700","80000","20260107","20260815","참고(5~9건)","73.1","48.1","64.9","62.0","69.0","73.1","60.6","73.1","56.5","64.9","2","2","검증완료_v2기준","-0.5","0.0","20254.0","20261.0","20261.0","9.0","128.0","False","검증완료","31.58","20261","41.6","99.8","51.2","27.2","15.3","47.3","48.7","60.4","60.0","","","","","","","","","","","","","False","참고용_가격표본부족","가격표본:참고(5~9건)","2026년 서울 아파트 실거래(취소제외), 면적구간별 중앙값","v2 행정동 통근시간을 KIKmix 가중치로 법정동 환산; GBD 6개·YBD 여의동·CBD 3개 핵심 행정동","기준=통근35+방어30+3040 25+유동성10","대화기록_1조프로젝트_데이터검증_20260829.md","9.0","1.55","17.2","7","85.0","99.8","방어력(실측)","60.0","참고용_가격표본부족","False"
"v4.0_20260902","법정동×면적구간","광진구","군자동","11215109.0","59㎡급(55~65)","7~9억","6","88450.0","8.85","1475.15010006671","81500","96000","20260204","20260610","참고(5~9건)","41.7","60.6","46.0","49.4","43.8","46.0","51.2","60.6","53.3","60.6","1","1","검증완료_v2기준","0.0","","20261.0","20261.0","20261.0","13.0","106.0","True","현재고점_미검증","31.61","20261","72.5","","51.3","21.2","77.7","66.1","54.8","70.1","","","","","","","","","","","","","","False","제외_핵심자료미검증·결측","방어력:현재고점_미검증; 가격표본:참고(5~9건)","2026년 서울 아파트 실거래(취소제외), 면적구간별 중앙값","v2 행정동 통근시간을 KIKmix 가중치로 법정동 환산; GBD 6개·YBD 여의동·CBD 3개 핵심 행정동","기준=통근35+방어30+3040 25+유동성10","대화기록_1조프로젝트_데이터검증_20260829.md","9.0","0.15","1.7","37","10.0","10.0","가성비(대체)","43.3","제외_핵심자료미검증·결측","False"
"v4.0_20260902","법정동×면적구간","동대문구","회기동","11230108.0","59㎡급(55~65)","7~9억","8","85500.0","8.55","1471.55257936508","77000","91500","20260419","20260727","참고(5~9건)","62.1","72.6","45.0","59.9","53.6","62.1","67.4","72.6","58.8","72.6","1","1","검증완료_v2기준","-30.5","55.4","20212.0","20243.0","20261.0","18.0","237.0","False","검증완료","24.33","20261","46.8","53.1","34.2","25.4","53.6","33.8","44.3","42.6","43.4","","","","","","","","","","","","","False","참고용_가격표본부족","가격표본:참고(5~9건)","2026년 서울 아파트 실거래(취소제외), 면적구간별 중앙값","v2 행정동 통근시간을 KIKmix 가중치로 법정동 환산; GBD 6개·YBD 여의동·CBD 3개 핵심 행정동","기준=통근35+방어30+3040 25+유동성10","대화기록_1조프로젝트_데이터검증_20260829.md","9.0","0.45","5.0","32","22.5","53.1","방어력(실측)","43.4","참고용_가격표본부족","False"
"v4.0_20260902","법정동×면적구간","성북구","삼선동4가","11290114.0","59㎡급(55~65)","7~9억","5","75000.0","7.5","1251.25125125125","72800","76000","20260110","20260724","참고(5~9건)","58.0","58.9","36.5","51.1","47.2","58.0","58.4","58.9","47.7","58.9","1","1","검증완료_v2기준","","","","","","","","","방어력_자료부족","28.13","20261","68.3","","43.1","18.6","69.3","51.6","65.4","","","","","","","","","","","","","","","False","제외_핵심자료미검증·결측","방어력:방어력_자료부족; 가격표본:참고(5~9건)","2026년 서울 아파트 실거래(취소제외), 면적구간별 중앙값","v2 행정동 통근시간을 KIKmix 가중치로 법정동 환산; GBD 6개·YBD 여의동·CBD 3개 핵심 행정동","기준=통근35+방어30+3040 25+유동성10","대화기록_1조프로젝트_데이터검증_20260829.md","9.0","1.5","16.7","8","78.8","78.8","가성비(대체)","60.2","제외_핵심자료미검증·결측","False"
"v4.0_20260902","법정동×면적구간","성북구","안암동1가","11290121.0","59㎡급(55~65)","7~9억","9","83500.0","8.35","1398.70682434922","59500","98000","20260213","20260629","참고(5~9건)","64.1","58.9","40.4","54.5","52.2","64.1","61.5","64.1","49.6","58.9","1","1","검증완료_v2기준","","","","","","","","","방어력_자료부족","24.69","20261","60.1","","35.0","27.2","56.9","45.5","61.7","","","","","","","","","","","","","","","False","제외_핵심자료미검증·결측","방어력:방어력_자료부족; 가격표본:참고(5~9건)","2026년 서울 아파트 실거래(취소제외), 면적구간별 중앙값","v2 행정동 통근시간을 KIKmix 가중치로 법정동 환산; GBD 6개·YBD 여의동·CBD 3개 핵심 행정동","기준=통근35+방어30+3040 25+유동성10","대화기록_1조프로젝트_데이터검증_20260829.md","9.0","0.65","7.2","30","26.2","26.2","가성비(대체)","40.4","제외_핵심자료미검증·결측","False"
"v4.0_20260902","법정동×면적구간","송파구","삼전동","11710106.0","59㎡급(55~65)","7~9억","1","75000.0","7.5","1228.70249017038","75000","75000","20260117","20260117","경고(5건미만)","34.9","60.6","65.9","53.8","50.4","65.9","47.8","60.6","63.2","65.9","1","1","검증완료_v2기준","","","","","","","","","방어력_자료부족","37.52","20261","61.8","","65.2","0.0","61.5","72.9","35.8","","","","","","","","","","","","","","","False","제외_핵심자료미검증·결측","방어력:방어력_자료부족; 가격표본:경고(5건미만)","2026년 서울 아파트 실거래(취소제외), 면적구간별 중앙값","v2 행정동 통근시간을 KIKmix 가중치로 법정동 환산; GBD 6개·YBD 여의동·CBD 3개 핵심 행정동","기준=통근35+방어30+3040 25+유동성10","대화기록_1조프로젝트_데이터검증_20260829.md","9.0","1.5","16.7","8","78.8","78.8","가성비(대체)","61.6","제외_핵심자료미검증·결측","False"
"v4.0_20260902","법정동×면적구간","영등포구","문래동5가","11560123.0","59㎡급(55~65)","7~9억","5","79000.0","7.9","1317.54503002001","75200","87000","20260212","20260626","참고(5~9건)","61.5","31.5","46.9","46.6","54.2","61.5","46.5","61.5","39.2","46.9","1","1","검증완료_v2기준","0.0","","20261.0","20261.0","20261.0","14.0","163.0","True","현재고점_미검증","37.76","20261","79.4","","65.8","18.6","52.0","75.4","81.6","75.7","","","","","","","","","","","","","","False","제외_핵심자료미검증·결측","방어력:현재고점_미검증; 가격표본:참고(5~9건)","2026년 서울 아파트 실거래(취소제외), 면적구간별 중앙값","v2 행정동 통근시간을 KIKmix 가중치로 법정동 환산; GBD 6개·YBD 여의동·CBD 3개 핵심 행정동","기준=통근35+방어30+3040 25+유동성10","대화기록_1조프로젝트_데이터검증_20260829.md","9.0","1.1","12.2","19","52.5","52.5","가성비(대체)","61.8","제외_핵심자료미검증·결측","False"
"v4.0_20260902","법정동×면적구간","영등포구","양평동6가","11560130.0","59㎡급(55~65)","7~9억","12","86800.0","8.68","1456.99671252716","60000","102000","20260110","20260719","충분(10건+)","57.7","27.8","46.6","44.0","52.2","57.7","42.8","57.7","37.2","46.6","1","1","검증완료_v2기준","0.0","","20261.0","20261.0","20261.0","12.0","87.0","True","현재고점_미검증","41.65","20261","85.8","","74.9","31.6","57.1","82.9","85.4","81.7","","","","","","","","","","","","","","False","제외_핵심자료미검증·결측","방어력:현재고점_미검증","2026년 서울 아파트 실거래(취소제외), 면적구간별 중앙값","v2 행정동 통근시간을 KIKmix 가중치로 법정동 환산; GBD 6개·YBD 여의동·CBD 3개 핵심 행정동","기준=통근35+방어30+3040 25+유동성10","대화기록_1조프로젝트_데이터검증_20260829.md","9.0","0.32","3.6","34","16.2","16.2","가성비(대체)","56.8","추천가능_가성비대체","True"
"v4.0_20260902","법정동×면적구간","용산구","원효로2가","11170113.0","59㎡급(55~65)","7~9억","2","75750.0","7.58","1175.14737821905","75000","76500","20260313","20260426","경고(5건미만)","56.6","29.8","37.0","41.1","46.8","56.6","43.2","56.6","33.4","37.0","1","1","검증완료_v2기준","","","","","","","","","방어력_자료부족","36.75","20261","92.9","","63.4","6.9","70.4","82.0","92.6","","","","","","","","","","","","","","","False","제외_핵심자료미검증·결측","방어력:방어력_자료부족; 가격표본:경고(5건미만)","2026년 서울 아파트 실거래(취소제외), 면적구간별 중앙값","v2 행정동 통근시간을 KIKmix 가중치로 법정동 환산; GBD 6개·YBD 여의동·CBD 3개 핵심 행정동","기준=통근35+방어30+3040 25+유동성10","대화기록_1조프로젝트_데이터검증_20260829.md","9.0","1.42","15.8","12","72.5","72.5","가성비(대체)","70.8","제외_핵심자료미검증·결측","False"
"v4.0_20260902","법정동×면적구간","용산구","청파동1가","11170109.0","59㎡급(55~65)","7~9억","1","78000.0","7.8","1328.3378746594","78000","78000","20260408","20260408","경고(5건미만)","55.3","32.7","33.8","40.6","44.6","55.3","44.0","55.3","33.2","33.8","1","1","검증완료_v2기준","","","","","","","","","방어력_자료부족","","20261","94.2","","","0.0","76.0","80.4","92.9","","","","","","","","","","","","","","","False","제외_핵심자료미검증·결측","방어력:방어력_자료부족; 3040비중 자료없음; 가격표본:경고(5건미만)","2026년 서울 아파트 실거래(취소제외), 면적구간별 중앙값","v2 행정동 통근시간을 KIKmix 가중치로 법정동 환산; GBD 6개·YBD 여의동·CBD 3개 핵심 행정동","기준=통근35+방어30+3040 25+유동성10","대화기록_1조프로젝트_데이터검증_20260829.md","9.0","1.2","13.3","17","60.0","60.0","가성비(대체)","51.0","제외_핵심자료미검증·결측","False"
"v4.0_20260902","법정동×면적구간","종로구","교북동","11110180.0","59㎡급(55~65)","7~9억","1","78500.0","7.85","1308.76958986329","78500","78500","20260201","20260201","경고(5건미만)","56.4","37.8","30.2","41.5","43.3","56.4","47.1","56.4","34.0","37.8","1","1","검증완료_v2기준","","","","","","","","","방어력_자료부족","23.38","20261","92.1","","32.0","0.0","79.1","74.2","91.4","","","","","","","","","","","","","","","False","제외_핵심자료미검증·결측","방어력:방어력_자료부족; 가격표본:경고(5건미만)","2026년 서울 아파트 실거래(취소제외), 면적구간별 중앙값","v2 행정동 통근시간을 KIKmix 가중치로 법정동 환산; GBD 6개·YBD 여의동·CBD 3개 핵심 행정동","기준=통근35+방어30+3040 25+유동성10","대화기록_1조프로젝트_데이터검증_20260829.md","9.0","1.15","12.8","18","57.5","57.5","가성비(대체)","57.5","제외_핵심자료미검증·결측","False"
"v4.0_20260902","법정동×면적구간","종로구","명륜2가","11110171.0","59㎡급(55~65)","7~9억","1","89500.0","8.95","1507.74932614555","89500","89500","20260617","20260617","경고(5건미만)","59.8","57.5","33.4","50.2","46.6","59.8","58.6","59.8","45.4","57.5","1","1","검증완료_v2기준","-10.2","100.0","20241.0","20252.0","20261.0","9.0","50.0","False","검증완료","23.39","20261","70.5","84.7","32.0","0.0","70.9","51.2","69.7","57.4","58.1","","","","","","","","","","","","","False","참고용_가격표본부족","가격표본:경고(5건미만)","2026년 서울 아파트 실거래(취소제외), 면적구간별 중앙값","v2 행정동 통근시간을 KIKmix 가중치로 법정동 환산; GBD 6개·YBD 여의동·CBD 3개 핵심 행정동","기준=통근35+방어30+3040 25+유동성10","대화기록_1조프로젝트_데이터검증_20260829.md","9.0","0.05","0.6","39","5.0","84.7","방어력(실측)","58.1","참고용_가격표본부족","False"
"v4.0_20260902","법정동×면적구간","중구","만리동1가","11140173.0","59㎡급(55~65)","7~9억","1","83000.0","8.3","1464.87822096717","83000","83000","20260425","20260425","경고(5건미만)","56.4","30.9","30.5","39.3","43.4","56.4","43.6","56.4","30.7","30.9","1","1","검증완료_v2기준","","","","","","","","","방어력_자료부족","39.6","20261","97.5","","70.1","0.0","78.7","81.1","97.7","","","","","","","","","","","","","","","False","제외_핵심자료미검증·결측","방어력:방어력_자료부족; 가격표본:경고(5건미만)","2026년 서울 아파트 실거래(취소제외), 면적구간별 중앙값","v2 행정동 통근시간을 KIKmix 가중치로 법정동 환산; GBD 6개·YBD 여의동·CBD 3개 핵심 행정동","기준=통근35+방어30+3040 25+유동성10","대화기록_1조프로젝트_데이터검증_20260829.md","9.0","0.7","7.8","27","33.8","33.8","가성비(대체)","61.8","제외_핵심자료미검증·결측","False"
"v4.0_20260902","법정동×면적구간","중구","순화동","11140168.0","59㎡급(55~65)","7~9억","2","70500.0","7.05","1157.21704433665","64000","77000","20260307","20260418","경고(5건미만)","59.0","42.7","20.5","40.8","39.8","59.0","50.8","59.0","31.6","42.7","2","2","검증완료_v2기준","","","","","","","","","방어력_자료부족","52.3","20261","93.8","","100.0","6.9","87.8","66.7","96.0","","","","","","","","","","","","","","","False","제외_핵심자료미검증·결측","방어력:방어력_자료부족; 가격표본:경고(5건미만)","2026년 서울 아파트 실거래(취소제외), 면적구간별 중앙값","v2 행정동 통근시간을 KIKmix 가중치로 법정동 환산; GBD 6개·YBD 여의동·CBD 3개 핵심 행정동","기준=통근35+방어30+3040 25+유동성10","대화기록_1조프로젝트_데이터검증_20260829.md","9.0","1.95","21.7","1","100.0","100.0","가성비(대체)","88.5","제외_핵심자료미검증·결측","False"
"v4.0_20260902","법정동×면적구간","강동구","강일동","11740110.0","59㎡급(55~65)","9~12억","38","115350.0","11.54","1923.06632142048","60000","129000","20260130","20260805","충분(10건+)","72.7","86.6","77.6","79.0","75.2","77.6","79.6","86.6","82.1","86.6","1","1","검증완료_v2기준","0.0","","20261.0","20261.0","20261.0","17.0","579.0","True","현재고점_미검증","45.5","20261","0.0","","84.0","50.2","0.0","9.3","0.0","56.0","","","","","","","","","","","","","","False","제외_핵심자료미검증·결측","방어력:현재고점_미검증","2026년 서울 아파트 실거래(취소제외), 면적구간별 중앙값","v2 행정동 통근시간을 KIKmix 가중치로 법정동 환산; GBD 6개·YBD 여의동·CBD 3개 핵심 행정동","기준=통근35+방어30+3040 25+유동성10","대화기록_1조프로젝트_데이터검증_20260829.md","12.0","0.46","3.8","43","17.6","17.6","가성비(대체)","31.3","추천가능_가성비대체","True"
"v4.0_20260902","법정동×면적구간","강서구","가양동","11500104.0","59㎡급(55~65)","9~12억","52","110900.0","11.09","1882.35294117647","58700","144000","20260110","20260808","충분(10건+)","65.6","35.7","58.4","53.2","62.0","65.6","50.6","65.6","47.1","58.4","4","4","검증완료_v2기준","0.0","","20261.0","20261.0","20261.0","21.0","1769.0","True","현재고점_미검증","47.6","20261","63.2","","88.9","55.4","32.6","67.1","66.6","79.9","","","","","","","","","","","","","","False","제외_핵심자료미검증·결측","방어력:현재고점_미검증","2026년 서울 아파트 실거래(취소제외), 면적구간별 중앙값","v2 행정동 통근시간을 KIKmix 가중치로 법정동 환산; GBD 6개·YBD 여의동·CBD 3개 핵심 행정동","기준=통근35+방어30+3040 25+유동성10","대화기록_1조프로젝트_데이터검증_20260829.md","12.0","0.91","7.6","35","33.3","33.3","가성비(대체)","59.9","추천가능_가성비대체","True"
"v4.0_20260902","법정동×면적구간","동작구","신대방동","11590109.0","59㎡급(55~65)","9~12억","81","112000.0","11.2","1983.55452971725","39000","172000","20260102","20260801","충분(10건+)","50.8","34.2","58.1","47.7","54.5","58.1","42.5","50.8","46.2","58.1","2","2","검증완료_v2기준","0.0","","20261.0","20261.0","20261.0","20.0","1143.0","True","현재고점_미검증","30.01","20261","76.7","","47.6","62.7","51.3","83.3","68.3","75.6","","","","","","","","","","","","","","False","제외_핵심자료미검증·결측","방어력:현재고점_미검증","2026년 서울 아파트 실거래(취소제외), 면적구간별 중앙값","v2 행정동 통근시간을 KIKmix 가중치로 법정동 환산; GBD 6개·YBD 여의동·CBD 3개 핵심 행정동","기준=통근35+방어30+3040 25+유동성10","대화기록_1조프로젝트_데이터검증_20260829.md","12.0","0.8","6.7","36","31.4","31.4","가성비(대체)","54.4","추천가능_가성비대체","True"
"v4.0_20260902","법정동×면적구간","마포구","연남동","11440124.0","59㎡급(55~65)","9~12억","10","98500.0","9.85","1645.27644388746","39800","110000","20260115","20260805","충분(10건+)","69.7","39.8","43.9","51.1","56.8","69.7","54.8","69.7","41.8","43.9","1","1","검증완료_v2기준","0.0","","20261.0","20261.0","20261.0","15.0","122.0","True","현재고점_미검증","35.82","20261","68.3","","61.2","28.8","45.6","59.0","76.5","72.2","","","","","","","","","","","","","","False","제외_핵심자료미검증·결측","방어력:현재고점_미검증","2026년 서울 아파트 실거래(취소제외), 면적구간별 중앙값","v2 행정동 통근시간을 KIKmix 가중치로 법정동 환산; GBD 6개·YBD 여의동·CBD 3개 핵심 행정동","기준=통근35+방어30+3040 25+유동성10","대화기록_1조프로젝트_데이터검증_20260829.md","12.0","2.15","17.9","13","76.5","76.5","가성비(대체)","65.0","추천가능_가성비대체","True"
"v4.0_20260902","법정동×면적구간","마포구","중동","11440126.0","59㎡급(55~65)","9~12억","19","93500.0","9.35","1569.80627922512","39500","122500","20260113","20260722","충분(10건+)","69.9","42.7","48.5","53.7","59.2","69.9","56.3","69.9","45.6","48.5","1","1","검증완료_v2기준","0.0","","20261.0","20261.0","20261.0","18.0","295.0","True","현재고점_미검증","31.95","20261","62.0","","52.1","38.9","39.6","55.9","69.4","68.8","","","","","","","","","","","","","","False","제외_핵심자료미검증·결측","방어력:현재고점_미검증","2026년 서울 아파트 실거래(취소제외), 면적구간별 중앙값","v2 행정동 통근시간을 KIKmix 가중치로 법정동 환산; GBD 6개·YBD 여의동·CBD 3개 핵심 행정동","기준=통근35+방어30+3040 25+유동성10","대화기록_1조프로젝트_데이터검증_20260829.md","12.0","2.65","22.1","6","90.2","90.2","가성비(대체)","65.7","추천가능_가성비대체","True"
"v4.0_20260902","법정동×면적구간","서대문구","남가좌동","11410120.0","59㎡급(55~65)","9~12억","129","116000.0","11.6","1940.18866662206","39000","150000","20260106","20260813","충분(10건+)","78.4","49.8","53.2","60.5","65.8","78.4","64.1","78.4","51.5","53.2","2","2","검증완료_v2기준","0.0","","20261.0","20261.0","20261.0","21.0","1872.0","True","현재고점_미검증","26.8","20261","45.4","","40.0","70.5","23.2","40.3","58.2","63.2","","","","","","","","","","","","","","False","제외_핵심자료미검증·결측","방어력:현재고점_미검증","2026년 서울 아파트 실거래(취소제외), 면적구간별 중앙값","v2 행정동 통근시간을 KIKmix 가중치로 법정동 환산; GBD 6개·YBD 여의동·CBD 3개 핵심 행정동","기준=통근35+방어30+3040 25+유동성10","대화기록_1조프로젝트_데이터검증_20260829.md","12.0","0.4","3.3","45","13.7","13.7","가성비(대체)","37.0","추천가능_가성비대체","True"
"v4.0_20260902","법정동×면적구간","서대문구","냉천동","11410105.0","59㎡급(55~65)","9~12억","7","100500.0","10.05","1678.91747410625","89700","150000","20260116","20260724","참고(5~9건)","62.3","39.3","31.2","44.3","46.8","62.3","50.8","62.3","35.2","39.3","1","1","검증완료_v2기준","-19.3","2.2","20253.0","20254.0","20261.0","13.0","136.0","False","검증완료","28.5","20261","85.2","70.6","44.0","23.4","70.5","66.8","89.1","64.0","64.3","","","","","","","","","","","","","False","참고용_가격표본부족","가격표본:참고(5~9건)","2026년 서울 아파트 실거래(취소제외), 면적구간별 중앙값","v2 행정동 통근시간을 KIKmix 가중치로 법정동 환산; GBD 6개·YBD 여의동·CBD 3개 핵심 행정동","기준=통근35+방어30+3040 25+유동성10","대화기록_1조프로젝트_데이터검증_20260829.md","12.0","1.95","16.2","19","63.7","70.6","방어력(실측)","64.3","참고용_가격표본부족","False"
"v4.0_20260902","법정동×면적구간","서대문구","천연동","11410106.0","59㎡급(55~65)","9~12억","28","112750.0","11.28","1975.56897854188","85000","121000","20260107","20260806","충분(10건+)","62.3","39.3","31.2","44.3","46.8","62.3","50.8","62.3","35.2","39.3","1","1","검증완료_v2기준","0.0","","20261.0","20261.0","20261.0","14.0","218.0","True","현재고점_미검증","25.14","20261","85.2","","36.1","45.2","70.5","66.8","89.1","73.2","","","","","","","","","","","","","","False","제외_핵심자료미검증·결측","방어력:현재고점_미검증","2026년 서울 아파트 실거래(취소제외), 면적구간별 중앙값","v2 행정동 통근시간을 KIKmix 가중치로 법정동 환산; GBD 6개·YBD 여의동·CBD 3개 핵심 행정동","기준=통근35+방어30+3040 25+유동성10","대화기록_1조프로젝트_데이터검증_20260829.md","12.0","0.72","6.0","38","27.5","27.5","가성비(대체)","51.6","추천가능_가성비대체","True"
"v4.0_20260902","법정동×면적구간","서초구","양재동","11650102.0","59㎡급(55~65)","9~12억","1","92500.0","9.25","1555.79850306955","92500","92500","20260317","20260317","경고(5건미만)","33.6","58.2","59.6","50.5","46.6","59.6","46.0","58.2","58.9","59.6","2","2","검증완료_v2기준","-35.3","50.9","20251.0","20254.0","20261.0","17.0","224.0","False","검증완료","36.25","20261","69.9","45.6","62.2","0.0","70.9","76.5","44.1","52.3","53.7","","","","","","","","","","","","","False","참고용_가격표본부족","가격표본:경고(5건미만)","2026년 서울 아파트 실거래(취소제외), 면적구간별 중앙값","v2 행정동 통근시간을 KIKmix 가중치로 법정동 환산; GBD 6개·YBD 여의동·CBD 3개 핵심 행정동","기준=통근35+방어30+3040 25+유동성10","대화기록_1조프로젝트_데이터검증_20260829.md","12.0","2.75","22.9","3","96.1","45.6","방어력(실측)","53.7","참고용_가격표본부족","False"
"v4.0_20260902","법정동×면적구간","성동구","송정동","11200118.0","59㎡급(55~65)","9~12억","10","96250.0","9.62","1608.72472004011","63300","124000","20260124","20260718","충분(10건+)","45.8","59.7","46.8","50.8","46.3","46.8","52.7","59.7","53.3","59.7","2","2","검증완료_v2기준","0.0","","20261.0","20261.0","20261.0","13.0","141.0","True","현재고점_미검증","28.58","20261","69.2","","44.2","28.8","71.6","63.0","54.8","67.8","","","","","","","","","","","","","","False","제외_핵심자료미검증·결측","방어력:현재고점_미검증","2026년 서울 아파트 실거래(취소제외), 면적구간별 중앙값","v2 행정동 통근시간을 KIKmix 가중치로 법정동 환산; GBD 6개·YBD 여의동·CBD 3개 핵심 행정동","기준=통근35+방어30+3040 25+유동성10","대화기록_1조프로젝트_데이터검증_20260829.md","12.0","2.38","19.8","8","86.3","86.3","가성비(대체)","64.0","추천가능_가성비대체","True"
"v4.0_20260902","법정동×면적구간","성북구","길음동","11290134.0","59㎡급(55~65)","9~12억","212","115500.0","11.55","1935.60391601659","44000","155000","20260102","20260814","충분(10건+)","69.2","66.1","45.1","60.1","57.1","69.2","67.6","69.2","55.6","66.1","3","3","검증완료_v2기준","0.0","","20261.0","20261.0","20261.0","21.0","2850.0","True","현재고점_미검증","27.66","20261","46.3","","42.0","78.9","44.7","33.3","50.4","64.2","","","","","","","","","","","","","","False","제외_핵심자료미검증·결측","방어력:현재고점_미검증","2026년 서울 아파트 실거래(취소제외), 면적구간별 중앙값","v2 행정동 통근시간을 KIKmix 가중치로 법정동 환산; GBD 6개·YBD 여의동·CBD 3개 핵심 행정동","기준=통근35+방어30+3040 25+유동성10","대화기록_1조프로젝트_데이터검증_20260829.md","12.0","0.45","3.8","44","15.7","15.7","가성비(대체)","39.3","추천가능_가성비대체","True"
"v4.0_20260902","법정동×면적구간","성북구","삼선동3가","11290113.0","59㎡급(55~65)","9~12억","3","113000.0","11.3","1884.58972648432","106500","119000","20260227","20260418","경고(5건미만)","58.0","58.9","36.5","51.1","47.2","58.0","58.4","58.9","47.7","58.9","1","1","검증완료_v2기준","","","","","","","","","방어력_자료부족","28.17","20261","68.3","","43.2","11.7","69.3","51.6","65.4","","","","","","","","","","","","","","","False","제외_핵심자료미검증·결측","방어력:방어력_자료부족; 가격표본:경고(5건미만)","2026년 서울 아파트 실거래(취소제외), 면적구간별 중앙값","v2 행정동 통근시간을 KIKmix 가중치로 법정동 환산; GBD 6개·YBD 여의동·CBD 3개 핵심 행정동","기준=통근35+방어30+3040 25+유동성10","대화기록_1조프로젝트_데이터검증_20260829.md","12.0","0.7","5.8","39","25.5","25.5","가성비(대체)","43.5","제외_핵심자료미검증·결측","False"
"v4.0_20260902","법정동×면적구간","성북구","장위동","11290138.0","59㎡급(55~65)","9~12억","83","118000.0","11.8","1966.99449908318","54500","147000","20260103","20260818","충분(10건+)","73.0","69.8","57.0","66.6","65.0","73.0","71.4","73.0","63.4","69.8","3","3","검증완료_v2기준","0.0","","20261.0","20261.0","20261.0","21.0","1207.0","True","현재고점_미검증","25.78","20261","30.4","","37.6","63.1","25.3","25.8","35.6","56.4","","","","","","","","","","","","","","False","제외_핵심자료미검증·결측","방어력:현재고점_미검증","2026년 서울 아파트 실거래(취소제외), 면적구간별 중앙값","v2 행정동 통근시간을 KIKmix 가중치로 법정동 환산; GBD 6개·YBD 여의동·CBD 3개 핵심 행정동","기준=통근35+방어30+3040 25+유동성10","대화기록_1조프로젝트_데이터검증_20260829.md","12.0","0.2","1.7","48","7.8","7.8","가성비(대체)","28.7","추천가능_가성비대체","True"
"v4.0_20260902","법정동×면적구간","송파구","석촌동","11710105.0","59㎡급(55~65)","9~12억","4","112100.0","11.21","1863.70477965647","55000","187000","20260309","20260718","경고(5건미만)","37.7","58.3","62.9","53.0","50.3","62.9","48.0","58.3","60.6","62.9","1","1","검증완료_v2기준","-19.0","0.0","20254.0","20261.0","20261.0","18.0","169.0","False","검증완료","37.46","20261","63.8","71.0","65.1","15.5","61.7","72.4","40.9","60.9","61.5","","","","","","","","","","","","","False","참고용_가격표본부족","가격표본:경고(5건미만)","2026년 서울 아파트 실거래(취소제외), 면적구간별 중앙값","v2 행정동 통근시간을 KIKmix 가중치로 법정동 환산; GBD 6개·YBD 여의동·CBD 3개 핵심 행정동","기준=통근35+방어30+3040 25+유동성10","대화기록_1조프로젝트_데이터검증_20260829.md","12.0","0.79","6.6","37","29.4","71.0","방어력(실측)","61.5","참고용_가격표본부족","False"
"v4.0_20260902","법정동×면적구간","영등포구","당산동3가","11560113.0","59㎡급(55~65)","9~12억","2","108000.0","10.8","1728.5523763162","98000","118000","20260330","20260511","경고(5건미만)","58.7","27.2","43.0","43.0","50.8","58.7","43.0","58.7","35.1","43.0","1","1","검증완료_v2기준","0.0","","20261.0","20261.0","20261.0","15.0","326.0","True","현재고점_미검증","37.54","20261","88.4","","65.3","6.9","60.3","82.5","89.4","77.6","","","","","","","","","","","","","","False","제외_핵심자료미검증·결측","방어력:현재고점_미검증; 가격표본:경고(5건미만)","2026년 서울 아파트 실거래(취소제외), 면적구간별 중앙값","v2 행정동 통근시간을 KIKmix 가중치로 법정동 환산; GBD 6개·YBD 여의동·CBD 3개 핵심 행정동","기준=통근35+방어30+3040 25+유동성10","대화기록_1조프로젝트_데이터검증_20260829.md","12.0","1.2","10.0","29","45.1","45.1","가성비(대체)","61.5","제외_핵심자료미검증·결측","False"
"v4.0_20260902","법정동×면적구간","영등포구","도림동","11560118.0","59㎡급(55~65)","9~12억","3","100500.0","10.05","1676.95644919072","68000","149500","20260317","20260718","경고(5건미만)","62.9","34.4","52.1","49.8","57.5","62.9","48.6","62.9","43.2","52.1","1","1","검증완료_v2기준","-13.2","19.3","20253.0","20254.0","20261.0","15.0","229.0","False","검증완료","30.23","20261","71.6","80.1","48.1","11.7","43.8","71.1","73.9","62.3","62.3","","","","","","","","","","","","","False","참고용_가격표본부족","가격표본:경고(5건미만)","2026년 서울 아파트 실거래(취소제외), 면적구간별 중앙값","v2 행정동 통근시간을 KIKmix 가중치로 법정동 환산; GBD 6개·YBD 여의동·CBD 3개 핵심 행정동","기준=통근35+방어30+3040 25+유동성10","대화기록_1조프로젝트_데이터검증_20260829.md","12.0","1.95","16.2","19","63.7","80.1","방어력(실측)","62.3","참고용_가격표본부족","False"
"v4.0_20260902","법정동×면적구간","영등포구","문래동2가","11560120.0","59㎡급(55~65)","9~12억","14","104850.0","10.48","1791.6951469583","90000","119000","20260110","20260811","충분(10건+)","61.5","31.5","46.9","46.6","54.2","61.5","46.5","61.5","39.2","46.9","1","1","검증완료_v2기준","","","","","","","","","방어력_자료부족","36.68","20261","79.4","","63.2","34.0","52.0","75.4","81.6","","","","","","","","","","","","","","","False","제외_핵심자료미검증·결측","방어력:방어력_자료부족","2026년 서울 아파트 실거래(취소제외), 면적구간별 중앙값","v2 행정동 통근시간을 KIKmix 가중치로 법정동 환산; GBD 6개·YBD 여의동·CBD 3개 핵심 행정동","기준=통근35+방어30+3040 25+유동성10","대화기록_1조프로젝트_데이터검증_20260829.md","12.0","1.52","12.7","26","51.0","51.0","가성비(대체)","62.3","추천가능_가성비대체","True"
"v4.0_20260902","법정동×면적구간","영등포구","문래동3가","11560121.0","59㎡급(55~65)","9~12억","17","120000.0","12.0","2035.27815468114","66000","133000","20260115","20260806","충분(10건+)","61.5","31.5","46.9","46.6","54.2","61.5","46.5","61.5","39.2","46.9","1","1","검증완료_v2기준","0.0","","20261.0","20261.0","20261.0","17.0","384.0","True","현재고점_미검증","33.68","20261","79.4","","56.2","37.1","52.0","75.4","81.6","75.2","","","","","","","","","","","","","","False","제외_핵심자료미검증·결측","방어력:현재고점_미검증","2026년 서울 아파트 실거래(취소제외), 면적구간별 중앙값","v2 행정동 통근시간을 KIKmix 가중치로 법정동 환산; GBD 6개·YBD 여의동·CBD 3개 핵심 행정동","기준=통근35+방어30+3040 25+유동성10","대화기록_1조프로젝트_데이터검증_20260829.md","12.0","0.0","0.0","50","2.0","2.0","가성비(대체)","46.2","추천가능_가성비대체","True"
"v4.0_20260902","법정동×면적구간","영등포구","문래동4가","11560122.0","59㎡급(55~65)","9~12억","4","98400.0","9.84","1644.11027568922","96500","100000","20260129","20260722","경고(5건미만)","61.5","31.5","46.9","46.6","54.2","61.5","46.5","61.5","39.2","46.9","1","1","검증완료_v2기준","","","","","","","","","방어력_자료부족","37.76","20261","79.4","","65.8","15.5","52.0","75.4","81.6","","","","","","","","","","","","","","","False","제외_핵심자료미검증·결측","방어력:방어력_자료부족; 가격표본:경고(5건미만)","2026년 서울 아파트 실거래(취소제외), 면적구간별 중앙값","v2 행정동 통근시간을 KIKmix 가중치로 법정동 환산; GBD 6개·YBD 여의동·CBD 3개 핵심 행정동","기준=통근35+방어30+3040 25+유동성10","대화기록_1조프로젝트_데이터검증_20260829.md","12.0","2.16","18.0","12","78.4","78.4","가성비(대체)","69.3","제외_핵심자료미검증·결측","False"
"v4.0_20260902","법정동×면적구간","영등포구","양평동3가","11560127.0","59㎡급(55~65)","9~12억","40","103000.0","10.3","1725.40795588844","73000","142000","20260110","20260807","충분(10건+)","60.9","29.2","47.2","45.8","54.0","60.9","45.0","60.9","38.2","47.2","2","2","검증완료_v2기준","0.0","","20261.0","20261.0","20261.0","18.0","496.0","True","현재고점_미검증","39.21","20261","81.5","","69.2","51.0","52.4","78.3","83.5","80.6","","","","","","","","","","","","","","False","제외_핵심자료미검증·결측","방어력:현재고점_미검증","2026년 서울 아파트 실거래(취소제외), 면적구간별 중앙값","v2 행정동 통근시간을 KIKmix 가중치로 법정동 환산; GBD 6개·YBD 여의동·CBD 3개 핵심 행정동","기준=통근35+방어30+3040 25+유동성10","대화기록_1조프로젝트_데이터검증_20260829.md","12.0","1.7","14.2","25","52.9","52.9","가성비(대체)","66.8","추천가능_가성비대체","True"
"v4.0_20260902","법정동×면적구간","영등포구","양평동4가","11560128.0","59㎡급(55~65)","9~12억","4","108500.0","10.85","1813.16844919786","101500","119000","20260224","20260625","경고(5건미만)","57.7","27.8","46.6","44.0","52.2","57.7","42.8","57.7","37.2","46.6","1","1","검증완료_v2기준","0.0","","20261.0","20261.0","20261.0","10.0","115.0","True","현재고점_미검증","42.31","20261","85.8","","76.5","15.5","57.1","82.9","85.4","80.5","","","","","","","","","","","","","","False","제외_핵심자료미검증·결측","방어력:현재고점_미검증; 가격표본:경고(5건미만)","2026년 서울 아파트 실거래(취소제외), 면적구간별 중앙값","v2 행정동 통근시간을 KIKmix 가중치로 법정동 환산; GBD 6개·YBD 여의동·CBD 3개 핵심 행정동","기준=통근35+방어30+3040 25+유동성10","대화기록_1조프로젝트_데이터검증_20260829.md","12.0","1.15","9.6","30","42.2","42.2","가성비(대체)","63.4","제외_핵심자료미검증·결측","False"
"v4.0_20260902","법정동×면적구간","용산구","문배동","11170122.0","59㎡급(55~65)","9~12억","2","117750.0","11.78","2071.96903044167","117500","118000","20260410","20260605","경고(5건미만)","56.6","29.8","37.0","41.1","46.8","56.6","43.2","56.6","33.4","37.0","1","1","검증완료_v2기준","-13.5","0.0","20254.0","20261.0","20261.0","13.0","173.0","False","검증완료","24.28","20261","92.9","79.6","34.1","6.9","70.4","82.0","92.6","65.9","65.6","","","","","","","","","","","","","False","참고용_가격표본부족","가격표본:경고(5건미만)","2026년 서울 아파트 실거래(취소제외), 면적구간별 중앙값","v2 행정동 통근시간을 KIKmix 가중치로 법정동 환산; GBD 6개·YBD 여의동·CBD 3개 핵심 행정동","기준=통근35+방어30+3040 25+유동성10","대화기록_1조프로젝트_데이터검증_20260829.md","12.0","0.22","1.8","47","9.8","79.6","방어력(실측)","65.6","참고용_가격표본부족","False"
"v4.0_20260902","법정동×면적구간","용산구","한강로3가","11170128.0","59㎡급(55~65)","9~12억","1","110000.0","11.0","1972.3865877712","110000","110000","20260509","20260509","경고(5건미만)","51.2","31.1","39.8","40.7","45.5","51.2","41.2","51.2","35.4","39.8","1","1","검증완료_v2기준","0.0","","20261.0","20261.0","20261.0","17.0","181.0","True","현재고점_미검증","37.21","20261","93.9","","64.5","0.0","73.6","86.1","88.7","79.6","","","","","","","","","","","","","","False","제외_핵심자료미검증·결측","방어력:현재고점_미검증; 가격표본:경고(5건미만)","2026년 서울 아파트 실거래(취소제외), 면적구간별 중앙값","v2 행정동 통근시간을 KIKmix 가중치로 법정동 환산; GBD 6개·YBD 여의동·CBD 3개 핵심 행정동","기준=통근35+방어30+3040 25+유동성10","대화기록_1조프로젝트_데이터검증_20260829.md","12.0","1.0","8.3","32","38.2","38.2","가성비(대체)","60.4","제외_핵심자료미검증·결측","False"
"v4.0_20260902","법정동×면적구간","용산구","후암동","11170101.0","59㎡급(55~65)","9~12억","9","100000.0","10.0","1605.65189466924","63000","108000","20260212","20260707","참고(5~9건)","49.0","37.9","29.7","38.9","39.4","49.0","43.4","49.0","33.8","37.9","1","1","검증완료_v2기준","","","","","","","","","방어력_자료부족","31.88","20261","98.4","","52.0","27.2","88.9","81.5","91.8","","","","","","","","","","","","","","","False","제외_핵심자료미검증·결측","방어력:방어력_자료부족; 가격표본:참고(5~9건)","2026년 서울 아파트 실거래(취소제외), 면적구간별 중앙값","v2 행정동 통근시간을 KIKmix 가중치로 법정동 환산; GBD 6개·YBD 여의동·CBD 3개 핵심 행정동","기준=통근35+방어30+3040 25+유동성10","대화기록_1조프로젝트_데이터검증_20260829.md","12.0","2.0","16.7","15","69.6","69.6","가성비(대체)","71.0","제외_핵심자료미검증·결측","False"
"v4.0_20260902","법정동×면적구간","은평구","증산동","11380110.0","59㎡급(55~65)","9~12억","41","120000.0","12.0","2152.85252960172","56000","159500","20260103","20260811","충분(10건+)","72.6","50.1","53.6","58.8","63.1","72.6","61.4","72.6","51.8","53.6","1","1","검증완료_v2기준","0.0","","20261.0","20261.0","20261.0","19.0","355.0","True","현재고점_미검증","26.55","20261","49.6","","39.4","51.4","29.9","45.8","57.5","62.9","","","","","","","","","","","","","","False","제외_핵심자료미검증·결측","방어력:현재고점_미검증","2026년 서울 아파트 실거래(취소제외), 면적구간별 중앙값","v2 행정동 통근시간을 KIKmix 가중치로 법정동 환산; GBD 6개·YBD 여의동·CBD 3개 핵심 행정동","기준=통근35+방어30+3040 25+유동성10","대화기록_1조프로젝트_데이터검증_20260829.md","12.0","0.0","0.0","50","2.0","2.0","가성비(대체)","33.0","추천가능_가성비대체","True"
"v4.0_20260902","법정동×면적구간","종로구","무악동","11110187.0","59㎡급(55~65)","9~12억","5","116990.0","11.7","1949.83333333333","109990","172000","20260126","20260627","참고(5~9건)","52.6","38.2","30.5","40.4","41.6","52.6","45.4","52.6","34.4","38.2","1","1","검증완료_v2기준","0.0","","20261.0","20261.0","20261.0","17.0","355.0","True","현재고점_미검증","24.86","20261","94.6","","35.4","18.6","83.4","77.6","90.8","73.4","","","","","","","","","","","","","","False","제외_핵심자료미검증·결측","방어력:현재고점_미검증; 가격표본:참고(5~9건)","2026년 서울 아파트 실거래(취소제외), 면적구간별 중앙값","v2 행정동 통근시간을 KIKmix 가중치로 법정동 환산; GBD 6개·YBD 여의동·CBD 3개 핵심 행정동","기준=통근35+방어30+3040 25+유동성10","대화기록_1조프로젝트_데이터검증_20260829.md","12.0","0.3","2.5","46","11.8","11.8","가성비(대체)","47.4","제외_핵심자료미검증·결측","False"
"v4.0_20260902","법정동×면적구간","강남구","개포동","11680103.0","59㎡급(55~65)","12억 초과","63","285000.0","28.5","4751.97999166319","82000","337000","20260102","20260804","충분(10건+)","37.2","60.8","64.6","54.2","50.9","64.6","49.0","60.8","62.8","64.6","4","4","검증완료_v2기준","0.0","","20261.0","20261.0","20261.0","21.0","1914.0","True","현재고점_미검증","31.95","20261","60.7","","52.1","58.6","60.1","70.4","36.8","69.8","","","","","","","","","","","","","","False","제외_핵심자료미검증·결측","방어력:현재고점_미검증","2026년 서울 아파트 실거래(취소제외), 면적구간별 중앙값","v2 행정동 통근시간을 KIKmix 가중치로 법정동 환산; GBD 6개·YBD 여의동·CBD 3개 핵심 행정동","기준=통근35+방어30+3040 25+유동성10","대화기록_1조프로젝트_데이터검증_20260829.md","","","","103","2.9","2.9","가성비(대체)","41.0","추천가능_가성비대체","True"
"v4.0_20260902","법정동×면적구간","강남구","삼성동","11680105.0","59㎡급(55~65)","12억 초과","28","222000.0","22.2","3737.70836907808","148200","318000","20260110","20260703","충분(10건+)","19.2","51.8","57.0","42.7","38.1","57.0","35.5","51.8","54.4","57.0","2","2","검증완료_v2기준","0.0","","20261.0","20261.0","20261.0","21.0","923.0","True","현재고점_미검증","38.07","20261","89.1","","66.5","45.2","92.0","97.4","52.6","81.3","","","","","","","","","","","","","","False","제외_핵심자료미검증·결측","방어력:현재고점_미검증","2026년 서울 아파트 실거래(취소제외), 면적구간별 중앙값","v2 행정동 통근시간을 KIKmix 가중치로 법정동 환산; GBD 6개·YBD 여의동·CBD 3개 핵심 행정동","기준=통근35+방어30+3040 25+유동성10","대화기록_1조프로젝트_데이터검증_20260829.md","","","","93","12.4","12.4","가성비(대체)","56.0","추천가능_가성비대체","True"
"v4.0_20260902","법정동×면적구간","강남구","세곡동","11680111.0","59㎡급(55~65)","12억 초과","7","174000.0","17.4","2905.32643179162","150000","178000","20260126","20260629","참고(5~9건)","49.3","71.4","74.1","64.9","61.7","74.1","60.4","71.4","72.8","74.1","1","1","검증완료_v2기준","0.0","","20261.0","20261.0","20261.0","17.0","284.0","True","현재고점_미검증","43.66","20261","34.5","","79.7","23.4","33.4","47.8","17.8","64.4","","","","","","","","","","","","","","False","제외_핵심자료미검증·결측","방어력:현재고점_미검증; 가격표본:참고(5~9건)","2026년 서울 아파트 실거래(취소제외), 면적구간별 중앙값","v2 행정동 통근시간을 KIKmix 가중치로 법정동 환산; GBD 6개·YBD 여의동·CBD 3개 핵심 행정동","기준=통근35+방어30+3040 25+유동성10","대화기록_1조프로젝트_데이터검증_20260829.md","","","","69","35.2","35.2","가성비(대체)","44.9","제외_핵심자료미검증·결측","False"
"v4.0_20260902","법정동×면적구간","강남구","수서동","11680115.0","59㎡급(55~65)","12억 초과","6","223000.0","22.3","3724.93583305435","198000","242000","20260126","20260728","참고(5~9건)","42.0","64.3","67.8","58.0","54.9","67.8","53.2","64.3","66.0","67.8","3","3","검증완료_v2기준","0.0","","20261.0","20261.0","20261.0","19.0","976.0","True","현재고점_미검증","42.16","20261","51.4","","76.1","21.2","50.3","62.1","30.5","68.7","","","","","","","","","","","","","","False","제외_핵심자료미검증·결측","방어력:현재고점_미검증; 가격표본:참고(5~9건)","2026년 서울 아파트 실거래(취소제외), 면적구간별 중앙값","v2 행정동 통근시간을 KIKmix 가중치로 법정동 환산; GBD 6개·YBD 여의동·CBD 3개 핵심 행정동","기준=통근35+방어30+3040 25+유동성10","대화기록_1조프로젝트_데이터검증_20260829.md","","","","94","11.4","11.4","가성비(대체)","42.6","제외_핵심자료미검증·결측","False"
"v4.0_20260902","법정동×면적구간","강남구","신사동","11680107.0","59㎡급(55~65)","12억 초과","8","164250.0","16.42","2749.87443495731","123000","180000","20260328","20260730","참고(5~9건)","29.1","44.8","40.8","38.2","35.0","40.8","36.9","44.8","42.8","44.8","2","2","검증완료_v2기준","-17.7","10.2","20253.0","20254.0","20261.0","13.0","174.0","False","검증완료","35.81","20261","100.0","73.1","61.2","25.4","99.8","94.5","74.7","73.5","74.8","","","","","","","","","","","","","False","참고용_가격표본부족","가격표본:참고(5~9건)","2026년 서울 아파트 실거래(취소제외), 면적구간별 중앙값","v2 행정동 통근시간을 KIKmix 가중치로 법정동 환산; GBD 6개·YBD 여의동·CBD 3개 핵심 행정동","기준=통근35+방어30+3040 25+유동성10","대화기록_1조프로젝트_데이터검증_20260829.md","","","","58","45.7","73.1","방어력(실측)","74.8","참고용_가격표본부족","False"
"v4.0_20260902","법정동×면적구간","강남구","압구정동","11680110.0","59㎡급(55~65)","12억 초과","2","448500.0","44.85","7022.076092062","357000","540000","20260124","20260309","경고(5건미만)","29.1","44.8","40.8","38.2","35.0","40.8","36.9","44.8","42.8","44.8","2","2","검증완료_v2기준","-8.4","0.0","20254.0","20261.0","20261.0","21.0","845.0","False","검증완료","31.96","20261","100.0","87.5","52.1","6.9","99.8","94.5","74.7","73.7","75.0","","","","","","","","","","","","","False","참고용_가격표본부족","가격표본:경고(5건미만)","2026년 서울 아파트 실거래(취소제외), 면적구간별 중앙값","v2 행정동 통근시간을 KIKmix 가중치로 법정동 환산; GBD 6개·YBD 여의동·CBD 3개 핵심 행정동","기준=통근35+방어30+3040 25+유동성10","대화기록_1조프로젝트_데이터검증_20260829.md","","","","106","0.0","87.5","방어력(실측)","75.0","참고용_가격표본부족","False"
"v4.0_20260902","법정동×면적구간","강남구","일원동","11680114.0","59㎡급(55~65)","12억 초과","32","215500.0","21.55","3606.09103078983","151000","270000","20260108","20260711","충분(10건+)","39.2","62.2","66.5","55.9","52.8","66.5","50.7","62.2","64.3","66.5","4","4","검증완료_v2기준","0.0","","20261.0","20261.0","20261.0","20.0","907.0","True","현재고점_미검증","31.14","20261","56.5","","50.2","47.4","55.4","67.1","33.8","67.0","","","","","","","","","","","","","","False","제외_핵심자료미검증·결측","방어력:현재고점_미검증","2026년 서울 아파트 실거래(취소제외), 면적구간별 중앙값","v2 행정동 통근시간을 KIKmix 가중치로 법정동 환산; GBD 6개·YBD 여의동·CBD 3개 핵심 행정동","기준=통근35+방어30+3040 25+유동성10","대화기록_1조프로젝트_데이터검증_20260829.md","","","","91","14.3","14.3","가성비(대체)","41.4","추천가능_가성비대체","True"
"v4.0_20260902","법정동×면적구간","강남구","자곡동","11680112.0","59㎡급(55~65)","12억 초과","16","149250.0","14.92","2490.40547305189","99700","188000","20260103","20260709","충분(10건+)","49.3","71.4","74.1","64.9","61.7","74.1","60.4","71.4","72.8","74.1","1","1","검증완료_v2기준","0.0","","20261.0","20261.0","20261.0","20.0","568.0","True","현재고점_미검증","44.85","20261","34.5","","82.5","36.2","33.4","47.8","17.8","66.4","","","","","","","","","","","","","","False","제외_핵심자료미검증·결측","방어력:현재고점_미검증","2026년 서울 아파트 실거래(취소제외), 면적구간별 중앙값","v2 행정동 통근시간을 KIKmix 가중치로 법정동 환산; GBD 6개·YBD 여의동·CBD 3개 핵심 행정동","기준=통근35+방어30+3040 25+유동성10","대화기록_1조프로젝트_데이터검증_20260829.md","","","","40","62.9","62.9","가성비(대체)","55.2","추천가능_가성비대체","True"
"v4.0_20260902","법정동×면적구간","강동구","명일동","11740101.0","59㎡급(55~65)","12억 초과","42","175000.0","17.5","2960.58196582643","56500","189000","20260130","20260725","충분(10건+)","61.1","79.2","65.2","68.5","63.1","65.2","70.2","79.2","72.2","79.2","2","2","검증완료_v2기준","0.0","","20261.0","20261.0","20261.0","20.0","1648.0","True","현재고점_미검증","30.41","20261","25.7","","48.5","51.8","29.9","28.2","18.8","56.4","","","","","","","","","","","","","","False","제외_핵심자료미검증·결측","방어력:현재고점_미검증","2026년 서울 아파트 실거래(취소제외), 면적구간별 중앙값","v2 행정동 통근시간을 KIKmix 가중치로 법정동 환산; GBD 6개·YBD 여의동·CBD 3개 핵심 행정동","기준=통근35+방어30+3040 25+유동성10","대화기록_1조프로젝트_데이터검증_20260829.md","","","","70","34.3","34.3","가성비(대체)","36.6","추천가능_가성비대체","True"
"v4.0_20260902","법정동×면적구간","강동구","상일동","11740103.0","59㎡급(55~65)","12억 초과","84","164500.0","16.45","2742.32878640163","55000","191500","20260103","20260731","충분(10건+)","68.8","83.5","74.4","75.5","71.6","74.4","76.1","83.5","78.9","83.5","2","2","검증완료_v2기준","0.0","","20261.0","20261.0","20261.0","21.0","1901.0","True","현재고점_미검증","25.06","20261","8.4","","35.9","63.3","8.9","16.3","6.0","48.7","","","","","","","","","","","","","","False","제외_핵심자료미검증·결측","방어력:현재고점_미검증","2026년 서울 아파트 실거래(취소제외), 면적구간별 중앙값","v2 행정동 통근시간을 KIKmix 가중치로 법정동 환산; GBD 6개·YBD 여의동·CBD 3개 핵심 행정동","기준=통근35+방어30+3040 25+유동성10","대화기록_1조프로젝트_데이터검증_20260829.md","","","","59","44.8","44.8","가성비(대체)","31.7","추천가능_가성비대체","True"
"v4.0_20260902","법정동×면적구간","강동구","암사동","11740107.0","59㎡급(55~65)","12억 초과","93","149500.0","14.95","2505.11247443763","58000","176000","20260107","20260731","충분(10건+)","51.7","74.9","63.3","63.3","57.5","63.3","63.3","74.9","69.1","74.9","3","3","검증완료_v2기준","0.0","","20261.0","20261.0","20261.0","21.0","1920.0","True","현재고점_미검증","31.11","20261","38.4","","50.1","65.0","43.8","41.9","24.7","62.2","","","","","","","","","","","","","","False","제외_핵심자료미검증·결측","방어력:현재고점_미검증","2026년 서울 아파트 실거래(취소제외), 면적구간별 중앙값","v2 행정동 통근시간을 KIKmix 가중치로 법정동 환산; GBD 6개·YBD 여의동·CBD 3개 핵심 행정동","기준=통근35+방어30+3040 25+유동성10","대화기록_1조프로젝트_데이터검증_20260829.md","","","","41","61.9","61.9","가성비(대체)","51.0","추천가능_가성비대체","True"
"v4.0_20260902","법정동×면적구간","광진구","광장동","11215104.0","59㎡급(55~65)","12억 초과","34","170000.0","17.0","2839.73144537463","94000","230000","20260110","20260801","충분(10건+)","46.9","64.5","52.2","54.5","49.6","52.2","55.7","64.5","58.4","64.5","1","1","검증완료_v2기준","0.0","","20261.0","20261.0","20261.0","21.0","1439.0","True","현재고점_미검증","30.29","20261","60.0","","48.2","48.4","63.6","57.1","45.2","67.6","","","","","","","","","","","","","","False","제외_핵심자료미검증·결측","방어력:현재고점_미검증","2026년 서울 아파트 실거래(취소제외), 면적구간별 중앙값","v2 행정동 통근시간을 KIKmix 가중치로 법정동 환산; GBD 6개·YBD 여의동·CBD 3개 핵심 행정동","기준=통근35+방어30+3040 25+유동성10","대화기록_1조프로젝트_데이터검증_20260829.md","","","","63","40.0","40.0","가성비(대체)","49.9","추천가능_가성비대체","True"
"v4.0_20260902","법정동×면적구간","광진구","구의동","11215103.0","59㎡급(55~65)","12억 초과","52","163000.0","16.3","2724.84119023738","50000","180000","20260103","20260811","충분(10건+)","42.4","63.2","47.8","51.1","45.1","47.8","52.8","63.2","55.5","63.2","3","3","검증완료_v2기준","0.0","","20261.0","20261.0","20261.0","21.0","1068.0","True","현재고점_미검증","33.04","20261","68.3","","54.7","55.4","74.6","62.9","50.5","72.6","","","","","","","","","","","","","","False","제외_핵심자료미검증·결측","방어력:현재고점_미검증","2026년 서울 아파트 실거래(취소제외), 면적구간별 중앙값","v2 행정동 통근시간을 KIKmix 가중치로 법정동 환산; GBD 6개·YBD 여의동·CBD 3개 핵심 행정동","기준=통근35+방어30+3040 25+유동성10","대화기록_1조프로젝트_데이터검증_20260829.md","","","","56","47.6","47.6","가성비(대체)","57.4","추천가능_가성비대체","True"
"v4.0_20260902","법정동×면적구간","광진구","자양동","11215105.0","59㎡급(55~65)","12억 초과","54","145500.0","14.55","2396.57238218162","73000","173000","20260105","20260801","충분(10건+)","40.4","62.2","51.7","51.4","46.1","51.7","51.3","62.2","57.0","62.2","4","4","검증완료_v2기준","0.0","","20261.0","20261.0","20261.0","21.0","1874.0","True","현재고점_미검증","30.62","20261","67.6","","49.0","56.0","72.2","65.8","47.8","71.6","","","","","","","","","","","","","","False","제외_핵심자료미검증·결측","방어력:현재고점_미검증","2026년 서울 아파트 실거래(취소제외), 면적구간별 중앙값","v2 행정동 통근시간을 KIKmix 가중치로 법정동 환산; GBD 6개·YBD 여의동·CBD 3개 핵심 행정동","기준=통근35+방어30+3040 25+유동성10","대화기록_1조프로젝트_데이터검증_20260829.md","","","","38","64.8","64.8","가성비(대체)","61.0","추천가능_가성비대체","True"
"v4.0_20260902","법정동×면적구간","구로구","신도림동","11530101.0","59㎡급(55~65)","12억 초과","106","125150.0","12.52","2094.13198414063","85000","145000","20260103","20260808","충분(10건+)","61.7","33.3","50.6","48.5","56.2","61.7","47.5","61.7","42.0","50.6","1","1","검증완료_v2기준","0.0","","20261.0","20261.0","20261.0","21.0","1548.0","True","현재고점_미검증","32.25","20261","74.7","","52.8","67.2","47.2","73.4","76.3","75.8","","","","","","","","","","","","","","False","제외_핵심자료미검증·결측","방어력:현재고점_미검증","2026년 서울 아파트 실거래(취소제외), 면적구간별 중앙값","v2 행정동 통근시간을 KIKmix 가중치로 법정동 환산; GBD 6개·YBD 여의동·CBD 3개 핵심 행정동","기준=통근35+방어30+3040 25+유동성10","대화기록_1조프로젝트_데이터검증_20260829.md","","","","9","92.4","92.4","가성비(대체)","73.8","추천가능_가성비대체","True"
"v4.0_20260902","법정동×면적구간","동작구","노량진동","11590101.0","59㎡급(55~65)","12억 초과","37","145000.0","14.5","2430.03184179655","90000","168000","20260123","20260731","충분(10건+)","48.3","28.4","43.1","39.9","45.7","48.3","38.4","48.3","35.8","43.1","2","2","검증완료_v2기준","0.0","","20261.0","20261.0","20261.0","21.0","675.0","True","현재고점_미검증","31.65","20261","95.8","","51.4","49.7","73.1","91.6","88.1","81.1","","","","","","","","","","","","","","False","제외_핵심자료미검증·결측","방어력:현재고점_미검증","2026년 서울 아파트 실거래(취소제외), 면적구간별 중앙값","v2 행정동 통근시간을 KIKmix 가중치로 법정동 환산; GBD 6개·YBD 여의동·CBD 3개 핵심 행정동","기준=통근35+방어30+3040 25+유동성10","대화기록_1조프로젝트_데이터검증_20260829.md","","","","36","66.7","66.7","가성비(대체)","71.4","추천가능_가성비대체","True"
"v4.0_20260902","법정동×면적구간","동작구","동작동","11590106.0","59㎡급(55~65)","12억 초과","3","182000.0","18.2","3033.3838897315","160000","190000","20260213","20260610","경고(5건미만)","42.8","41.9","50.6","45.1","46.7","50.6","42.3","42.8","46.2","50.6","1","1","검증완료_v2기준","0.0","","20261.0","20261.0","20261.0","14.0","228.0","True","현재고점_미검증","28.37","20261","83.1","","43.7","11.7","70.6","83.7","68.2","71.7","","","","","","","","","","","","","","False","제외_핵심자료미검증·결측","방어력:현재고점_미검증; 가격표본:경고(5건미만)","2026년 서울 아파트 실거래(취소제외), 면적구간별 중앙값","v2 행정동 통근시간을 KIKmix 가중치로 법정동 환산; GBD 6개·YBD 여의동·CBD 3개 핵심 행정동","기준=통근35+방어30+3040 25+유동성10","대화기록_1조프로젝트_데이터검증_20260829.md","","","","78","26.7","26.7","가성비(대체)","49.2","제외_핵심자료미검증·결측","False"
"v4.0_20260902","법정동×면적구간","동작구","본동","11590104.0","59㎡급(55~65)","12억 초과","20","139500.0","13.95","2352.9774959514","103000","207000","20260103","20260722","충분(10건+)","46.9","29.0","43.6","39.8","45.2","46.9","38.0","46.9","36.3","43.6","1","1","검증완료_v2기준","0.0","","20261.0","20261.0","20261.0","18.0","490.0","True","현재고점_미검증","29.41","20261","96.1","","46.1","39.7","74.2","92.5","87.1","79.2","","","","","","","","","","","","","","False","제외_핵심자료미검증·결측","방어력:현재고점_미검증","2026년 서울 아파트 실거래(취소제외), 면적구간별 중앙값","v2 행정동 통근시간을 KIKmix 가중치로 법정동 환산; GBD 6개·YBD 여의동·CBD 3개 핵심 행정동","기준=통근35+방어30+3040 25+유동성10","대화기록_1조프로젝트_데이터검증_20260829.md","","","","23","78.1","78.1","가성비(대체)","72.6","추천가능_가성비대체","True"
"v4.0_20260902","법정동×면적구간","동작구","사당동","11590107.0","59㎡급(55~65)","12억 초과","154","121850.0","12.18","2032.18797458287","49700","207000","20260103","20260819","충분(10건+)","42.4","46.7","54.3","47.8","48.4","54.3","44.5","46.7","50.5","54.3","5","5","검증완료_v2기준","0.0","","20261.0","20261.0","20261.0","21.0","2477.0","True","현재고점_미검증","31.78","20261","76.5","","51.7","73.5","66.5","79.4","60.1","77.4","","","","","","","","","","","","","","False","제외_핵심자료미검증·결측","방어력:현재고점_미검증","2026년 서울 아파트 실거래(취소제외), 면적구간별 중앙값","v2 행정동 통근시간을 KIKmix 가중치로 법정동 환산; GBD 6개·YBD 여의동·CBD 3개 핵심 행정동","기준=통근35+방어30+3040 25+유동성10","대화기록_1조프로젝트_데이터검증_20260829.md","","","","2","99.0","99.0","가성비(대체)","76.7","추천가능_가성비대체","True"
"v4.0_20260902","법정동×면적구간","마포구","공덕동","11440102.0","59㎡급(55~65)","12억 초과","38","181250.0","18.12","3025.87646076795","139500","262000","20260110","20260727","충분(10건+)","63.4","30.8","35.0","43.1","49.2","63.4","47.1","63.4","32.9","35.0","3","3","검증완료_v2기준","0.0","","20261.0","20261.0","20261.0","21.0","1028.0","True","현재고점_미검증","32.81","20261","88.1","","54.1","50.2","64.3","74.2","93.5","79.2","","","","","","","","","","","","","","False","제외_핵심자료미검증·결측","방어력:현재고점_미검증","2026년 서울 아파트 실거래(취소제외), 면적구간별 중앙값","v2 행정동 통근시간을 KIKmix 가중치로 법정동 환산; GBD 6개·YBD 여의동·CBD 3개 핵심 행정동","기준=통근35+방어30+3040 25+유동성10","대화기록_1조프로젝트_데이터검증_20260829.md","","","","77","27.6","27.6","가성비(대체)","57.7","추천가능_가성비대체","True"
"v4.0_20260902","법정동×면적구간","마포구","마포동","11440107.0","59㎡급(55~65)","12억 초과","5","143000.0","14.3","2387.3121869783","95000","149000","20260123","20260625","참고(5~9건)","59.0","24.7","39.0","40.9","49.0","59.0","41.9","59.0","31.8","39.0","2","2","검증완료_v2기준","-55.3","78.2","20213.0","20234.0","20254.0","13.0","113.0","False","검증완료","43.17","20261","93.5","14.5","78.5","18.6","64.9","84.6","95.6","58.2","58.6","","","","","","","","","","","","","False","참고용_가격표본부족","가격표본:참고(5~9건)","2026년 서울 아파트 실거래(취소제외), 면적구간별 중앙값","v2 행정동 통근시간을 KIKmix 가중치로 법정동 환산; GBD 6개·YBD 여의동·CBD 3개 핵심 행정동","기준=통근35+방어30+3040 25+유동성10","대화기록_1조프로젝트_데이터검증_20260829.md","","","","31","71.0","14.5","방어력(실측)","58.6","참고용_가격표본부족","False"
"v4.0_20260902","법정동×면적구간","마포구","신공덕동","11440103.0","59㎡급(55~65)","12억 초과","18","165000.0","16.5","2751.83455637091","147000","195000","20260109","20260717","충분(10건+)","63.2","29.2","35.3","42.6","49.2","63.2","46.2","63.2","32.2","35.3","1","1","검증완료_v2기준","0.0","","20261.0","20261.0","20261.0","19.0","619.0","True","현재고점_미검증","33.07","20261","89.4","","54.8","38.0","64.3","76.0","94.8","78.6","","","","","","","","","","","","","","False","제외_핵심자료미검증·결측","방어력:현재고점_미검증","2026년 서울 아파트 실거래(취소제외), 면적구간별 중앙값","v2 행정동 통근시간을 KIKmix 가중치로 법정동 환산; GBD 6개·YBD 여의동·CBD 3개 핵심 행정동","기준=통근35+방어30+3040 25+유동성10","대화기록_1조프로젝트_데이터검증_20260829.md","","","","60","43.3","43.3","가성비(대체)","61.8","추천가능_가성비대체","True"
"v4.0_20260902","법정동×면적구간","마포구","신정동","11440117.0","59㎡급(55~65)","12억 초과","5","150000.0","15.0","2500.83361120373","135000","158000","20260128","20260715","참고(5~9건)","64.2","24.9","41.6","43.5","52.9","64.2","44.6","64.2","33.2","41.6","2","2","검증완료_v2기준","","","","","","","","","방어력_자료부족","","20261","86.9","","","18.6","55.3","79.3","92.9","","","","","","","","","","","","","","","False","제외_핵심자료미검증·결측","방어력:방어력_자료부족; 3040비중 자료없음; 가격표본:참고(5~9건)","2026년 서울 아파트 실거래(취소제외), 면적구간별 중앙값","v2 행정동 통근시간을 KIKmix 가중치로 법정동 환산; GBD 6개·YBD 여의동·CBD 3개 핵심 행정동","기준=통근35+방어30+3040 25+유동성10","대화기록_1조프로젝트_데이터검증_20260829.md","","","","43","59.5","59.5","가성비(대체)","50.1","제외_핵심자료미검증·결측","False"
"v4.0_20260902","법정동×면적구간","마포구","용강동","11440105.0","59㎡급(55~65)","12억 초과","7","188000.0","18.8","3133.8556426071","67000","248000","20260119","20260803","참고(5~9건)","59.3","25.1","42.0","42.1","50.6","59.3","42.2","59.3","33.6","42.0","1","1","검증완료_v2기준","0.0","","20261.0","20261.0","20261.0","14.0","238.0","True","현재고점_미검증","34.13","20261","90.4","","57.2","23.4","60.8","84.0","92.3","78.3","","","","","","","","","","","","","","False","제외_핵심자료미검증·결측","방어력:현재고점_미검증; 가격표본:참고(5~9건)","2026년 서울 아파트 실거래(취소제외), 면적구간별 중앙값","v2 행정동 통근시간을 KIKmix 가중치로 법정동 환산; GBD 6개·YBD 여의동·CBD 3개 핵심 행정동","기준=통근35+방어30+3040 25+유동성10","대화기록_1조프로젝트_데이터검증_20260829.md","","","","82","22.9","22.9","가성비(대체)","55.2","제외_핵심자료미검증·결측","False"
"v4.0_20260902","법정동×면적구간","마포구","창전동","11440114.0","59㎡급(55~65)","12억 초과","18","142250.0","14.22","2373.20653987321","42800","181000","20260116","20260723","충분(10건+)","64.5","26.0","40.6","43.7","52.6","64.5","45.2","64.5","33.3","40.6","1","1","검증완료_v2기준","0.0","","20261.0","20261.0","20261.0","18.0","521.0","True","현재고점_미검증","31.49","20261","86.6","","51.0","38.0","56.1","77.9","92.8","76.9","","","","","","","","","","","","","","False","제외_핵심자료미검증·결측","방어력:현재고점_미검증","2026년 서울 아파트 실거래(취소제외), 면적구간별 중앙값","v2 행정동 통근시간을 KIKmix 가중치로 법정동 환산; GBD 6개·YBD 여의동·CBD 3개 핵심 행정동","기준=통근35+방어30+3040 25+유동성10","대화기록_1조프로젝트_데이터검증_20260829.md","","","","27","75.2","75.2","가성비(대체)","69.4","추천가능_가성비대체","True"
"v4.0_20260902","법정동×면적구간","마포구","토정동","11440106.0","59㎡급(55~65)","12억 초과","4","176500.0","17.65","2948.35336008031","169500","180000","20260108","20260711","경고(5건미만)","59.3","25.1","42.0","42.1","50.6","59.3","42.2","59.3","33.6","42.0","1","1","검증완료_v2기준","","","","","","","","","방어력_자료부족","","20261","90.4","","","15.5","60.8","84.0","92.3","","","","","","","","","","","","","","","False","제외_핵심자료미검증·결측","방어력:방어력_자료부족; 3040비중 자료없음; 가격표본:경고(5건미만)","2026년 서울 아파트 실거래(취소제외), 면적구간별 중앙값","v2 행정동 통근시간을 KIKmix 가중치로 법정동 환산; GBD 6개·YBD 여의동·CBD 3개 핵심 행정동","기준=통근35+방어30+3040 25+유동성10","대화기록_1조프로젝트_데이터검증_20260829.md","","","","71","32.9","32.9","가성비(대체)","43.1","제외_핵심자료미검증·결측","False"
"v4.0_20260902","법정동×면적구간","마포구","현석동","11440112.0","59㎡급(55~65)","12억 초과","13","160000.0","16.0","2676.48042823687","147000","203000","20260102","20260725","충분(10건+)","63.9","23.8","42.5","43.4","53.2","63.9","43.8","63.9","33.2","42.5","1","1","검증완료_v2기준","0.0","","20261.0","20261.0","20261.0","16.0","228.0","True","현재고점_미검증","39.09","20261","87.3","","68.9","32.9","54.5","80.7","93.1","80.8","","","","","","","","","","","","","","False","제외_핵심자료미검증·결측","방어력:현재고점_미검증","2026년 서울 아파트 실거래(취소제외), 면적구간별 중앙값","v2 행정동 통근시간을 KIKmix 가중치로 법정동 환산; GBD 6개·YBD 여의동·CBD 3개 핵심 행정동","기준=통근35+방어30+3040 25+유동성10","대화기록_1조프로젝트_데이터검증_20260829.md","","","","51","52.4","52.4","가성비(대체)","66.8","추천가능_가성비대체","True"
"v4.0_20260902","법정동×면적구간","서대문구","북아현동","11410110.0","59㎡급(55~65)","12억 초과","53","139500.0","13.95","2326.55103402268","100000","200000","20260106","20260821","충분(10건+)","63.7","36.4","27.2","42.4","45.5","63.7","50.0","63.7","31.8","36.4","2","2","검증완료_v2기준","0.0","","20261.0","20261.0","20261.0","21.0","1162.0","True","현재고점_미검증","27.42","20261","89.7","","41.5","55.7","73.7","68.4","95.6","77.3","","","","","","","","","","","","","","False","제외_핵심자료미검증·결측","방어력:현재고점_미검증","2026년 서울 아파트 실거래(취소제외), 면적구간별 중앙값","v2 행정동 통근시간을 KIKmix 가중치로 법정동 환산; GBD 6개·YBD 여의동·CBD 3개 핵심 행정동","기준=통근35+방어30+3040 25+유동성10","대화기록_1조프로젝트_데이터검증_20260829.md","","","","23","78.1","78.1","가성비(대체)","70.8","추천가능_가성비대체","True"
"v4.0_20260902","법정동×면적구간","서대문구","합동","11410103.0","59㎡급(55~65)","12억 초과","1","138000.0","13.8","2301.68790446327","138000","138000","20260626","20260626","경고(5건미만)","62.3","35.1","23.9","40.4","43.1","62.3","48.7","62.3","29.5","35.1","1","1","검증완료_v2기준","","","","","","","","","방어력_자료부족","44.6","20261","94.6","","81.9","0.0","79.6","71.0","100.0","","","","","","","","","","","","","","","False","제외_핵심자료미검증·결측","방어력:방어력_자료부족; 가격표본:경고(5건미만)","2026년 서울 아파트 실거래(취소제외), 면적구간별 중앙값","v2 행정동 통근시간을 KIKmix 가중치로 법정동 환산; GBD 6개·YBD 여의동·CBD 3개 핵심 행정동","기준=통근35+방어30+3040 25+유동성10","대화기록_1조프로젝트_데이터검증_20260829.md","","","","22","80.0","80.0","가성비(대체)","77.6","제외_핵심자료미검증·결측","False"
"v4.0_20260902","법정동×면적구간","서초구","내곡동","11650109.0","59㎡급(55~65)","12억 초과","4","165000.0","16.5","2778.31638792871","162000","167700","20260411","20260704","경고(5건미만)","43.3","61.0","64.2","56.2","53.8","64.2","52.2","61.0","62.6","64.2","1","1","검증완료_v2기준","-15.1","0.0","20251.0","20261.0","20261.0","14.0","147.0","False","검증완료","9.8","20261","56.0","77.1","0.0","15.5","53.1","64.1","37.1","43.3","44.3","","","","","","","","","","","","","False","참고용_가격표본부족","가격표본:경고(5건미만)","2026년 서울 아파트 실거래(취소제외), 면적구간별 중앙값","v2 행정동 통근시간을 KIKmix 가중치로 법정동 환산; GBD 6개·YBD 여의동·CBD 3개 핵심 행정동","기준=통근35+방어30+3040 25+유동성10","대화기록_1조프로젝트_데이터검증_20260829.md","","","","60","43.3","77.1","방어력(실측)","44.3","참고용_가격표본부족","False"
"v4.0_20260902","법정동×면적구간","서초구","방배동","11650101.0","59㎡급(55~65)","12억 초과","33","187000.0","18.7","3121.86978297162","75000","258500","20260118","20260711","충분(10건+)","37.7","44.1","50.7","44.2","44.2","50.7","40.9","44.1","47.4","50.7","6","6","검증완료_v2기준","0.0","","20261.0","20261.0","20261.0","21.0","1783.0","True","현재고점_미검증","32.76","20261","85.4","","54.0","47.9","76.9","86.6","66.0","78.2","","","","","","","","","","","","","","False","제외_핵심자료미검증·결측","방어력:현재고점_미검증","2026년 서울 아파트 실거래(취소제외), 면적구간별 중앙값","v2 행정동 통근시간을 KIKmix 가중치로 법정동 환산; GBD 6개·YBD 여의동·CBD 3개 핵심 행정동","기준=통근35+방어30+3040 25+유동성10","대화기록_1조프로젝트_데이터검증_20260829.md","","","","81","23.8","23.8","가성비(대체)","55.3","추천가능_가성비대체","True"
"v4.0_20260902","법정동×면적구간","서초구","신원동","11650111.0","59㎡급(55~65)","12억 초과","5","170000.0","17.0","2836.64274987485","168000","178000","20260106","20260630","참고(5~9건)","43.3","61.0","64.2","56.2","53.8","64.2","52.2","61.0","62.6","64.2","1","1","검증완료_v2기준","-12.4","54.5","20252.0","20253.0","20261.0","12.0","105.0","False","검증완료","29.64","20261","56.0","81.3","46.7","18.6","53.1","64.1","37.1","56.5","57.5","","","","","","","","","","","","","False","참고용_가격표본부족","가격표본:참고(5~9건)","2026년 서울 아파트 실거래(취소제외), 면적구간별 중앙값","v2 행정동 통근시간을 KIKmix 가중치로 법정동 환산; GBD 6개·YBD 여의동·CBD 3개 핵심 행정동","기준=통근35+방어30+3040 25+유동성10","대화기록_1조프로젝트_데이터검증_20260829.md","","","","63","40.0","81.3","방어력(실측)","57.5","참고용_가격표본부족","False"
"v4.0_20260902","법정동×면적구간","서초구","우면동","11650103.0","59㎡급(55~65)","12억 초과","26","157750.0","15.78","2630.04334778259","112000","184000","20260117","20260804","충분(10건+)","29.4","56.8","58.9","48.4","44.2","58.9","43.1","56.8","57.8","58.9","1","1","검증완료_v2기준","0.0","","20261.0","20261.0","20261.0","20.0","598.0","True","현재고점_미검증","29.75","20261","75.1","","46.9","44.0","77.0","82.2","46.1","71.0","","","","","","","","","","","","","","False","제외_핵심자료미검증·결측","방어력:현재고점_미검증","2026년 서울 아파트 실거래(취소제외), 면적구간별 중앙값","v2 행정동 통근시간을 KIKmix 가중치로 법정동 환산; GBD 6개·YBD 여의동·CBD 3개 핵심 행정동","기준=통근35+방어30+3040 25+유동성10","대화기록_1조프로젝트_데이터검증_20260829.md","","","","50","53.3","53.3","가성비(대체)","58.4","추천가능_가성비대체","True"
"v4.0_20260902","법정동×면적구간","성동구","금호동1가","11200109.0","59㎡급(55~65)","12억 초과","44","166000.0","16.6","2771.28547579299","140000","215000","20260114","20260721","충분(10건+)","42.7","48.4","38.9","43.3","40.8","42.7","45.6","48.4","43.6","48.4","1","1","검증완료_v2기준","0.0","","20261.0","20261.0","20261.0","19.0","645.0","True","현재고점_미검증","26.87","20261","87.5","","40.2","52.6","85.3","77.3","73.1","75.2","","","","","","","","","","","","","","False","제외_핵심자료미검증·결측","방어력:현재고점_미검증","2026년 서울 아파트 실거래(취소제외), 면적구간별 중앙값","v2 행정동 통근시간을 KIKmix 가중치로 법정동 환산; GBD 6개·YBD 여의동·CBD 3개 핵심 행정동","기준=통근35+방어30+3040 25+유동성10","대화기록_1조프로젝트_데이터검증_20260829.md","","","","62","41.9","41.9","가성비(대체)","58.5","추천가능_가성비대체","True"
"v4.0_20260902","법정동×면적구간","성동구","금호동2가","11200110.0","59㎡급(55~65)","12억 초과","15","205000.0","20.5","3417.23620603434","184000","221000","20260118","20260806","충분(10건+)","41.9","47.9","37.1","42.3","39.5","41.9","44.9","47.9","42.5","47.9","1","1","검증완료_v2기준","0.0","","20261.0","20261.0","20261.0","19.0","547.0","True","현재고점_미검증","27.69","20261","90.0","","42.1","35.1","88.5","78.6","75.3","75.2","","","","","","","","","","","","","","False","제외_핵심자료미검증·결측","방어력:현재고점_미검증","2026년 서울 아파트 실거래(취소제외), 면적구간별 중앙값","v2 행정동 통근시간을 KIKmix 가중치로 법정동 환산; GBD 6개·YBD 여의동·CBD 3개 핵심 행정동","기준=통근35+방어30+3040 25+유동성10","대화기록_1조프로젝트_데이터검증_20260829.md","","","","85","20.0","20.0","가성비(대체)","51.5","추천가능_가성비대체","True"
"v4.0_20260902","법정동×면적구간","성동구","금호동3가","11200111.0","59㎡급(55~65)","12억 초과","20","163500.0","16.35","2726.3631815908","147000","178500","20260111","20260722","충분(10건+)","41.9","47.9","37.1","42.3","39.5","41.9","44.9","47.9","42.5","47.9","1","1","검증완료_v2기준","0.0","","20261.0","20261.0","20261.0","18.0","423.0","True","현재고점_미검증","26.72","20261","90.0","","39.8","39.7","88.5","78.6","75.3","75.1","","","","","","","","","","","","","","False","제외_핵심자료미검증·결측","방어력:현재고점_미검증","2026년 서울 아파트 실거래(취소제외), 면적구간별 중앙값","v2 행정동 통근시간을 KIKmix 가중치로 법정동 환산; GBD 6개·YBD 여의동·CBD 3개 핵심 행정동","기준=통근35+방어30+3040 25+유동성10","대화기록_1조프로젝트_데이터검증_20260829.md","","","","57","46.7","46.7","가성비(대체)","59.4","추천가능_가성비대체","True"
"v4.0_20260902","법정동×면적구간","성동구","금호동4가","11200112.0","59㎡급(55~65)","12억 초과","30","176500.0","17.65","2943.13823578456","137000","235000","20260107","20260728","충분(10건+)","39.2","47.8","36.8","41.3","38.0","39.2","43.5","47.8","42.3","47.8","1","1","검증완료_v2기준","0.0","","20261.0","20261.0","20261.0","19.0","721.0","True","현재고점_미검증","31.57","20261","92.6","","51.2","46.3","92.2","81.4","75.7","79.2","","","","","","","","","","","","","","False","제외_핵심자료미검증·결측","방어력:현재고점_미검증","2026년 서울 아파트 실거래(취소제외), 면적구간별 중앙값","v2 행정동 통근시간을 KIKmix 가중치로 법정동 환산; GBD 6개·YBD 여의동·CBD 3개 핵심 행정동","기준=통근35+방어30+3040 25+유동성10","대화기록_1조프로젝트_데이터검증_20260829.md","","","","71","32.9","32.9","가성비(대체)","59.7","추천가능_가성비대체","True"
"v4.0_20260902","법정동×면적구간","성동구","마장동","11200105.0","59㎡급(55~65)","12억 초과","33","123500.0","12.35","2061.42547154064","69000","144000","20260102","20260717","충분(10건+)","45.8","56.1","41.8","47.9","43.8","45.8","51.0","56.1","49.0","56.1","1","1","검증완료_v2기준","0.0","","20261.0","20261.0","20261.0","20.0","644.0","True","현재고점_미검증","25.13","20261","76.3","","36.1","47.9","77.8","66.5","63.0","69.9","","","","","","","","","","","","","","False","제외_핵심자료미검증·결측","방어력:현재고점_미검증","2026년 서울 아파트 실거래(취소제외), 면적구간별 중앙값","v2 행정동 통근시간을 KIKmix 가중치로 법정동 환산; GBD 6개·YBD 여의동·CBD 3개 핵심 행정동","기준=통근35+방어30+3040 25+유동성10","대화기록_1조프로젝트_데이터검증_20260829.md","","","","3","98.1","98.1","가성비(대체)","70.0","추천가능_가성비대체","True"
"v4.0_20260902","법정동×면적구간","성동구","상왕십리동","11200101.0","59㎡급(55~65)","12억 초과","3","179000.0","17.9","2985.32354903269","165000","180000","20260415","20260509","경고(5건미만)","45.5","54.7","33.9","44.7","39.7","45.5","50.1","54.7","44.3","54.7","1","1","검증완료_v2기준","0.0","","20254.0","20254.0","20254.0","12.0","153.0","True","현재고점_미검증","36.18","20261","84.1","","62.1","11.7","88.0","68.2","71.9","76.0","","","","","","","","","","","","","","False","제외_핵심자료미검증·결측","방어력:현재고점_미검증; 가격표본:경고(5건미만)","2026년 서울 아파트 실거래(취소제외), 면적구간별 중앙값","v2 행정동 통근시간을 KIKmix 가중치로 법정동 환산; GBD 6개·YBD 여의동·CBD 3개 핵심 행정동","기준=통근35+방어30+3040 25+유동성10","대화기록_1조프로젝트_데이터검증_20260829.md","","","","73","31.0","31.0","가성비(대체)","55.4","제외_핵심자료미검증·결측","False"
"v4.0_20260902","법정동×면적구간","성동구","용답동","11200122.0","59㎡급(55~65)","12억 초과","3","155000.0","15.5","2587.55968081199","70000","171905","20260206","20260411","경고(5건미만)","48.2","56.0","45.3","49.8","46.8","48.2","52.1","56.0","50.6","56.0","1","1","검증완료_v2기준","-22.9","0.0","20254.0","20261.0","20261.0","8.0","129.0","False","검증완료","28.35","20261","71.5","65.0","43.6","11.7","70.5","64.2","59.8","56.3","56.6","","","","","","","","","","","","","False","참고용_가격표본부족","가격표본:경고(5건미만)","2026년 서울 아파트 실거래(취소제외), 면적구간별 중앙값","v2 행정동 통근시간을 KIKmix 가중치로 법정동 환산; GBD 6개·YBD 여의동·CBD 3개 핵심 행정동","기준=통근35+방어30+3040 25+유동성10","대화기록_1조프로젝트_데이터검증_20260829.md","","","","48","54.8","65.0","방어력(실측)","56.6","참고용_가격표본부족","False"
"v4.0_20260902","법정동×면적구간","성동구","응봉동","11200108.0","59㎡급(55~65)","12억 초과","29","152000.0","15.2","2537.13904189618","110000","177000","20260102","20260704","충분(10건+)","43.3","54.0","40.5","45.9","41.9","43.3","48.6","54.0","47.2","54.0","1","1","검증완료_v2기준","0.0","","20261.0","20261.0","20261.0","19.0","690.0","True","현재고점_미검증","25.57","20261","81.1","","37.1","45.8","82.6","71.1","66.3","71.7","","","","","","","","","","","","","","False","제외_핵심자료미검증·결측","방어력:현재고점_미검증","2026년 서울 아파트 실거래(취소제외), 면적구간별 중앙값","v2 행정동 통근시간을 KIKmix 가중치로 법정동 환산; GBD 6개·YBD 여의동·CBD 3개 핵심 행정동","기준=통근35+방어30+3040 25+유동성10","대화기록_1조프로젝트_데이터검증_20260829.md","","","","46","57.1","57.1","가성비(대체)","59.4","추천가능_가성비대체","True"
"v4.0_20260902","법정동×면적구간","성동구","하왕십리동","11200102.0","59㎡급(55~65)","12억 초과","44","162500.0","16.25","2709.9712605598","115500","216000","20260118","20260808","충분(10건+)","47.8","54.8","35.5","46.0","41.6","47.8","51.3","54.8","45.2","54.8","2","2","검증완료_v2기준","0.0","","20261.0","20261.0","20261.0","21.0","1736.0","True","현재고점_미검증","29.15","20261","80.9","","45.5","52.6","83.2","65.8","70.2","74.9","","","","","","","","","","","","","","False","제외_핵심자료미검증·결측","방어력:현재고점_미검증","2026년 서울 아파트 실거래(취소제외), 면적구간별 중앙값","v2 행정동 통근시간을 KIKmix 가중치로 법정동 환산; GBD 6개·YBD 여의동·CBD 3개 핵심 행정동","기준=통근35+방어30+3040 25+유동성10","대화기록_1조프로젝트_데이터검증_20260829.md","","","","55","48.6","48.6","가성비(대체)","59.5","추천가능_가성비대체","True"
"v4.0_20260902","법정동×면적구간","성북구","보문동1가","11290130.0","59㎡급(55~65)","12억 초과","13","127000.0","12.7","2124.06549480691","120000","144000","20260202","20260819","충분(10건+)","57.6","57.4","36.0","50.3","46.8","57.6","57.5","57.6","46.7","57.4","1","1","검증완료_v2기준","","","","","","","","","방어력_자료부족","28.21","20261","70.3","","43.3","32.9","70.4","53.5","67.3","","","","","","","","","","","","","","","False","제외_핵심자료미검증·결측","방어력:방어력_자료부족","2026년 서울 아파트 실거래(취소제외), 면적구간별 중앙값","v2 행정동 통근시간을 KIKmix 가중치로 법정동 환산; GBD 6개·YBD 여의동·CBD 3개 핵심 행정동","기준=통근35+방어30+3040 25+유동성10","대화기록_1조프로젝트_데이터검증_20260829.md","","","","10","91.4","91.4","가성비(대체)","66.1","추천가능_가성비대체","True"
"v4.0_20260902","법정동×면적구간","송파구","거여동","11710113.0","59㎡급(55~65)","12억 초과","63","130000.0","13.0","2176.46073999665","66000","186700","20260105","20260813","충분(10건+)","56.7","77.2","71.7","68.5","64.2","71.7","66.9","77.2","74.4","77.2","3","3","검증완료_v2기준","0.0","","20261.0","20261.0","20261.0","20.0","1104.0","True","현재고점_미검증","27.04","20261","25.6","","40.6","58.6","27.2","34.6","14.6","54.8","","","","","","","","","","","","","","False","제외_핵심자료미검증·결측","방어력:현재고점_미검증","2026년 서울 아파트 실거래(취소제외), 면적구간별 중앙값","v2 행정동 통근시간을 KIKmix 가중치로 법정동 환산; GBD 6개·YBD 여의동·CBD 3개 핵심 행정동","기준=통근35+방어30+3040 25+유동성10","대화기록_1조프로젝트_데이터검증_20260829.md","","","","12","89.5","89.5","가성비(대체)","51.8","추천가능_가성비대체","True"
"v4.0_20260902","법정동×면적구간","송파구","문정동","11710108.0","59㎡급(55~65)","12억 초과","25","143000.0","14.3","2400.53718314588","72000","189000","20260113","20260718","충분(10건+)","50.6","71.0","71.6","64.4","61.1","71.6","60.8","71.0","71.3","71.6","3","3","검증완료_v2기준","0.0","","20261.0","20261.0","20261.0","21.0","1580.0","True","현재고점_미검증","37.8","20261","35.8","","65.9","43.3","35.0","46.9","20.5","63.3","","","","","","","","","","","","","","False","제외_핵심자료미검증·결측","방어력:현재고점_미검증","2026년 서울 아파트 실거래(취소제외), 면적구간별 중앙값","v2 행정동 통근시간을 KIKmix 가중치로 법정동 환산; GBD 6개·YBD 여의동·CBD 3개 핵심 행정동","기준=통근35+방어30+3040 25+유동성10","대화기록_1조프로젝트_데이터검증_20260829.md","","","","31","71.0","71.0","가성비(대체)","54.6","추천가능_가성비대체","True"
"v4.0_20260902","법정동×면적구간","송파구","신천동","11710102.0","59㎡급(55~65)","12억 초과","28","266500.0","26.65","4452.05479452055","218500","356300","20260103","20260611","충분(10건+)","43.0","68.4","55.6","55.6","49.2","55.6","55.6","68.4","62.0","68.4","2","2","검증완료_v2기준","0.0","","20261.0","20261.0","20261.0","21.0","1666.0","True","현재고점_미검증","34.02","20261","57.3","","57.0","45.2","64.3","57.2","38.3","68.4","","","","","","","","","","","","","","False","제외_핵심자료미검증·결측","방어력:현재고점_미검증","2026년 서울 아파트 실거래(취소제외), 면적구간별 중앙값","v2 행정동 통근시간을 KIKmix 가중치로 법정동 환산; GBD 6개·YBD 여의동·CBD 3개 핵심 행정동","기준=통근35+방어30+3040 25+유동성10","대화기록_1조프로젝트_데이터검증_20260829.md","","","","99","6.7","6.7","가성비(대체)","40.8","추천가능_가성비대체","True"
"v4.0_20260902","법정동×면적구간","송파구","장지동","11710109.0","59㎡급(55~65)","12억 초과","40","171750.0","17.18","2864.1711338213","130300","194000","20260103","20260807","충분(10건+)","53.7","73.9","73.5","67.0","63.6","73.5","63.8","73.9","73.7","73.9","3","3","검증완료_v2기준","0.0","","20261.0","20261.0","20261.0","21.0","1275.0","True","현재고점_미검증","35.67","20261","29.4","","60.9","51.0","28.7","40.9","16.0","60.6","","","","","","","","","","","","","","False","제외_핵심자료미검증·결측","방어력:현재고점_미검증","2026년 서울 아파트 실거래(취소제외), 면적구간별 중앙값","v2 행정동 통근시간을 KIKmix 가중치로 법정동 환산; GBD 6개·YBD 여의동·CBD 3개 핵심 행정동","기준=통근35+방어30+3040 25+유동성10","대화기록_1조프로젝트_데이터검증_20260829.md","","","","67","37.1","37.1","가성비(대체)","41.7","추천가능_가성비대체","True"
"v4.0_20260902","법정동×면적구간","송파구","풍납동","11710103.0","59㎡급(55~65)","12억 초과","62","123850.0","12.38","2071.46300833807","68000","230000","20260105","20260804","충분(10건+)","50.5","74.6","58.6","61.2","54.6","58.6","62.5","74.6","66.6","74.6","2","2","검증완료_v2기준","0.0","","20261.0","20261.0","20261.0","21.0","933.0","True","현재고점_미검증","25.92","20261","43.5","","37.9","58.3","51.1","43.4","29.5","60.5","","","","","","","","","","","","","","False","제외_핵심자료미검증·결측","방어력:현재고점_미검증","2026년 서울 아파트 실거래(취소제외), 면적구간별 중앙값","v2 행정동 통근시간을 KIKmix 가중치로 법정동 환산; GBD 6개·YBD 여의동·CBD 3개 핵심 행정동","기준=통근35+방어30+3040 25+유동성10","대화기록_1조프로젝트_데이터검증_20260829.md","","","","4","96.7","96.7","가성비(대체)","59.5","추천가능_가성비대체","True"
"v4.0_20260902","법정동×면적구간","영등포구","당산동","11560117.0","59㎡급(55~65)","12억 초과","7","149700.0","14.97","2677.51743874083","64000","166000","20260204","20260626","참고(5~9건)","53.7","24.5","42.7","40.3","48.2","53.7","39.1","53.7","33.6","42.7","1","1","검증완료_v2기준","0.0","","20261.0","20261.0","20261.0","21.0","329.0","True","현재고점_미검증","45.59","20261","94.9","","84.2","23.4","66.9","90.2","92.2","86.6","","","","","","","","","","","","","","False","제외_핵심자료미검증·결측","방어력:현재고점_미검증; 가격표본:참고(5~9건)","2026년 서울 아파트 실거래(취소제외), 면적구간별 중앙값","v2 행정동 통근시간을 KIKmix 가중치로 법정동 환산; GBD 6개·YBD 여의동·CBD 3개 핵심 행정동","기준=통근35+방어30+3040 25+유동성10","대화기록_1조프로젝트_데이터검증_20260829.md","","","","42","61.0","61.0","가성비(대체)","74.9","제외_핵심자료미검증·결측","False"
"v4.0_20260902","법정동×면적구간","영등포구","당산동4가","11560114.0","59㎡급(55~65)","12억 초과","32","145250.0","14.52","2439.71330057622","96900","166000","20260103","20260702","충분(10건+)","53.7","24.5","42.7","40.3","48.2","53.7","39.1","53.7","33.6","42.7","1","1","검증완료_v2기준","0.0","","20261.0","20261.0","20261.0","19.0","690.0","True","현재고점_미검증","38.7","20261","94.9","","68.0","47.4","66.9","90.2","92.2","84.9","","","","","","","","","","","","","","False","제외_핵심자료미검증·결측","방어력:현재고점_미검증","2026년 서울 아파트 실거래(취소제외), 면적구간별 중앙값","v2 행정동 통근시간을 KIKmix 가중치로 법정동 환산; GBD 6개·YBD 여의동·CBD 3개 핵심 행정동","기준=통근35+방어30+3040 25+유동성10","대화기록_1조프로젝트_데이터검증_20260829.md","","","","37","65.7","65.7","가성비(대체)","74.7","추천가능_가성비대체","True"
"v4.0_20260902","법정동×면적구간","영등포구","신길동","11560132.0","59㎡급(55~65)","12억 초과","184","131000.0","13.1","2144.19598696266","56500","180000","20260103","20260808","충분(10건+)","55.7","28.8","53.0","45.8","54.4","55.7","42.3","55.7","40.9","53.0","7","7","검증완료_v2기준","0.0","","20261.0","20261.0","20261.0","21.0","2855.0","True","현재고점_미검증","28.76","20261","81.3","","44.6","76.5","51.6","83.9","78.3","77.6","","","","","","","","","","","","","","False","제외_핵심자료미검증·결측","방어력:현재고점_미검증","2026년 서울 아파트 실거래(취소제외), 면적구간별 중앙값","v2 행정동 통근시간을 KIKmix 가중치로 법정동 환산; GBD 6개·YBD 여의동·CBD 3개 핵심 행정동","기준=통근35+방어30+3040 25+유동성10","대화기록_1조프로젝트_데이터검증_20260829.md","","","","14","87.6","87.6","가성비(대체)","73.5","추천가능_가성비대체","True"
"v4.0_20260902","법정동×면적구간","영등포구","양평동5가","11560129.0","59㎡급(55~65)","12억 초과","24","133500.0","13.35","2227.22722722723","100000","143500","20260126","20260718","충분(10건+)","57.7","27.8","46.6","44.0","52.2","57.7","42.8","57.7","37.2","46.6","1","1","검증완료_v2기준","0.0","","20261.0","20261.0","20261.0","17.0","258.0","True","현재고점_미검증","41.68","20261","85.8","","75.0","42.7","57.1","82.9","85.4","82.8","","","","","","","","","","","","","","False","제외_핵심자료미검증·결측","방어력:현재고점_미검증","2026년 서울 아파트 실거래(취소제외), 면적구간별 중앙값","v2 행정동 통근시간을 KIKmix 가중치로 법정동 환산; GBD 6개·YBD 여의동·CBD 3개 핵심 행정동","기준=통근35+방어30+3040 25+유동성10","대화기록_1조프로젝트_데이터검증_20260829.md","","","","17","84.8","84.8","가성비(대체)","78.5","추천가능_가성비대체","True"
"v4.0_20260902","법정동×면적구간","영등포구","여의도동","11560110.0","59㎡급(55~65)","12억 초과","7","250000.0","25.0","4101.0498687664","195666","261000","20260113","20260514","참고(5~9건)","57.9","16.6","48.9","41.1","53.4","57.9","37.2","57.9","32.8","48.9","1","1","검증완료_v2기준","0.0","","20261.0","20261.0","20261.0","21.0","1157.0","True","현재고점_미검증","36.69","20261","92.9","","63.3","23.4","54.0","93.9","93.8","80.7","","","","","","","","","","","","","","False","제외_핵심자료미검증·결측","방어력:현재고점_미검증; 가격표본:참고(5~9건)","2026년 서울 아파트 실거래(취소제외), 면적구간별 중앙값","v2 행정동 통근시간을 KIKmix 가중치로 법정동 환산; GBD 6개·YBD 여의동·CBD 3개 핵심 행정동","기준=통근35+방어30+3040 25+유동성10","대화기록_1조프로젝트_데이터검증_20260829.md","","","","96","9.0","9.0","가성비(대체)","53.4","제외_핵심자료미검증·결측","False"
"v4.0_20260902","법정동×면적구간","영등포구","영등포동","11560101.0","59㎡급(55~65)","12억 초과","22","142500.0","14.25","2378.48844972627","80000","154000","20260107","20260711","충분(10건+)","58.2","25.0","45.0","42.7","51.6","58.2","41.6","58.2","35.0","45.0","2","2","검증완료_v2기준","0.0","","20261.0","20261.0","20261.0","18.0","442.0","True","현재고점_미검증","27.71","20261","89.0","","42.1","41.3","58.5","85.2","89.5","75.9","","","","","","","","","","","","","","False","제외_핵심자료미검증·결측","방어력:현재고점_미검증","2026년 서울 아파트 실거래(취소제외), 면적구간별 중앙값","v2 행정동 통근시간을 KIKmix 가중치로 법정동 환산; GBD 6개·YBD 여의동·CBD 3개 핵심 행정동","기준=통근35+방어30+3040 25+유동성10","대화기록_1조프로젝트_데이터검증_20260829.md","","","","29","72.9","72.9","가성비(대체)","67.7","추천가능_가성비대체","True"
"v4.0_20260902","법정동×면적구간","영등포구","영등포동2가","11560103.0","59㎡급(55~65)","12억 초과","6","130500.0","13.05","2187.6823068589","59300","132000","20260204","20260507","참고(5~9건)","58.9","23.1","43.7","41.9","51.3","58.9","41.0","58.9","33.4","43.7","1","1","검증완료_v2기준","","","","","","","","","방어력_자료부족","45.34","20261","91.0","","83.6","21.2","59.2","86.4","92.6","","","","","","","","","","","","","","","False","제외_핵심자료미검증·결측","방어력:방어력_자료부족; 가격표본:참고(5~9건)","2026년 서울 아파트 실거래(취소제외), 면적구간별 중앙값","v2 행정동 통근시간을 KIKmix 가중치로 법정동 환산; GBD 6개·YBD 여의동·CBD 3개 핵심 행정동","기준=통근35+방어30+3040 25+유동성10","대화기록_1조프로젝트_데이터검증_20260829.md","","","","13","88.6","88.6","가성비(대체)","81.4","제외_핵심자료미검증·결측","False"
"v4.0_20260902","법정동×면적구간","용산구","도원동","11170120.0","59㎡급(55~65)","12억 초과","14","162350.0","16.24","2708.54187520854","150000","170000","20260125","20260622","충분(10건+)","56.3","30.2","38.7","41.7","47.5","56.3","43.2","56.3","34.4","38.7","1","1","검증완료_v2기준","0.0","","20261.0","20261.0","20261.0","15.0","171.0","True","현재고점_미검증","33.96","20261","91.4","","56.8","34.0","68.7","81.9","90.6","80.0","","","","","","","","","","","","","","False","제외_핵심자료미검증·결측","방어력:현재고점_미검증","2026년 서울 아파트 실거래(취소제외), 면적구간별 중앙값","v2 행정동 통근시간을 KIKmix 가중치로 법정동 환산; GBD 6개·YBD 여의동·CBD 3개 핵심 행정동","기준=통근35+방어30+3040 25+유동성10","대화기록_1조프로젝트_데이터검증_20260829.md","","","","53","50.0","50.0","가성비(대체)","64.6","추천가능_가성비대체","True"
"v4.0_20260902","법정동×면적구간","용산구","보광동","11170136.0","59㎡급(55~65)","12억 초과","2","179000.0","17.9","2998.32495812395","178000","180000","20260219","20260604","경고(5건미만)","40.6","43.2","38.5","40.8","39.6","40.6","41.9","43.2","40.8","43.2","1","1","검증완료_v2기준","","","","","","","","","방어력_자료부족","30.15","20261","93.8","","47.9","6.9","88.4","84.6","78.4","","","","","","","","","","","","","","","False","제외_핵심자료미검증·결측","방어력:방어력_자료부족; 가격표본:경고(5건미만)","2026년 서울 아파트 실거래(취소제외), 면적구간별 중앙값","v2 행정동 통근시간을 KIKmix 가중치로 법정동 환산; GBD 6개·YBD 여의동·CBD 3개 핵심 행정동","기준=통근35+방어30+3040 25+유동성10","대화기록_1조프로젝트_데이터검증_20260829.md","","","","73","31.0","31.0","가성비(대체)","54.8","제외_핵심자료미검증·결측","False"
"v4.0_20260902","법정동×면적구간","용산구","산천동","11170115.0","59㎡급(55~65)","12억 초과","20","142400.0","14.24","2391.26784214945","71000","165000","20260112","20260725","충분(10건+)","60.9","25.8","42.7","43.1","51.8","60.9","43.4","60.9","34.2","42.7","1","1","검증완료_v2기준","0.0","","20261.0","20261.0","20261.0","15.0","169.0","True","현재고점_미검증","33.19","20261","88.0","","55.0","39.7","58.0","81.7","91.0","78.6","","","","","","","","","","","","","","False","제외_핵심자료미검증·결측","방어력:현재고점_미검증","2026년 서울 아파트 실거래(취소제외), 면적구간별 중앙값","v2 행정동 통근시간을 KIKmix 가중치로 법정동 환산; GBD 6개·YBD 여의동·CBD 3개 핵심 행정동","기준=통근35+방어30+3040 25+유동성10","대화기록_1조프로젝트_데이터검증_20260829.md","","","","28","74.3","74.3","가성비(대체)","70.8","추천가능_가성비대체","True"
"v4.0_20260902","법정동×면적구간","용산구","신계동","11170123.0","59㎡급(55~65)","12억 초과","2","207000.0","20.7","3470.2488031328","205000","209000","20260129","20260808","경고(5건미만)","56.6","29.8","37.0","41.1","46.8","56.6","43.2","56.6","33.4","37.0","1","1","검증완료_v2기준","","","","","","","","","방어력_자료부족","42.06","20261","92.9","","75.9","6.9","70.4","82.0","92.6","","","","","","","","","","","","","","","False","제외_핵심자료미검증·결측","방어력:방어력_자료부족; 가격표본:경고(5건미만)","2026년 서울 아파트 실거래(취소제외), 면적구간별 중앙값","v2 행정동 통근시간을 KIKmix 가중치로 법정동 환산; GBD 6개·YBD 여의동·CBD 3개 핵심 행정동","기준=통근35+방어30+3040 25+유동성10","대화기록_1조프로젝트_데이터검증_20260829.md","","","","86","18.6","18.6","가성비(대체)","57.8","제외_핵심자료미검증·결측","False"
"v4.0_20260902","법정동×면적구간","용산구","용문동","11170121.0","59㎡급(55~65)","12억 초과","1","150000.0","15.0","2502.5025025025","150000","150000","20260424","20260424","경고(5건미만)","56.3","30.2","38.7","41.7","47.5","56.3","43.2","56.3","34.4","38.7","1","1","검증완료_v2기준","","","","","","","","","방어력_자료부족","34.2","20261","91.4","","57.4","0.0","68.7","81.9","90.6","","","","","","","","","","","","","","","False","제외_핵심자료미검증·결측","방어력:방어력_자료부족; 가격표본:경고(5건미만)","2026년 서울 아파트 실거래(취소제외), 면적구간별 중앙값","v2 행정동 통근시간을 KIKmix 가중치로 법정동 환산; GBD 6개·YBD 여의동·CBD 3개 핵심 행정동","기준=통근35+방어30+3040 25+유동성10","대화기록_1조프로젝트_데이터검증_20260829.md","","","","43","59.5","59.5","가성비(대체)","64.2","제외_핵심자료미검증·결측","False"
"v4.0_20260902","법정동×면적구간","용산구","원효로1가","11170112.0","59㎡급(55~65)","12억 초과","2","142500.0","14.25","2440.1736578425","140000","145000","20260102","20260313","경고(5건미만)","56.6","29.8","37.0","41.1","46.8","56.6","43.2","56.6","33.4","37.0","1","1","검증완료_v2기준","-12.5","0.0","20254.0","20261.0","20261.0","9.0","72.0","False","검증완료","39.72","20261","92.9","81.2","70.4","6.9","70.4","82.0","92.6","75.4","75.2","","","","","","","","","","","","","False","참고용_가격표본부족","가격표본:경고(5건미만)","2026년 서울 아파트 실거래(취소제외), 면적구간별 중앙값","v2 행정동 통근시간을 KIKmix 가중치로 법정동 환산; GBD 6개·YBD 여의동·CBD 3개 핵심 행정동","기준=통근35+방어30+3040 25+유동성10","대화기록_1조프로젝트_데이터검증_20260829.md","","","","29","72.9","81.2","방어력(실측)","75.2","참고용_가격표본부족","False"
"v4.0_20260902","법정동×면적구간","용산구","원효로4가","11170118.0","59㎡급(55~65)","12억 초과","5","137000.0","13.7","2285.61895228562","109000","154000","20260105","20260428","참고(5~9건)","60.9","25.8","42.7","43.1","51.8","60.9","43.4","60.9","34.2","42.7","1","1","검증완료_v2기준","-6.9","0.0","20254.0","20261.0","20261.0","11.0","128.0","False","검증완료","33.66","20261","88.0","89.9","56.1","18.6","58.0","81.7","91.0","73.5","73.7","","","","","","","","","","","","","False","참고용_가격표본부족","가격표본:참고(5~9건)","2026년 서울 아파트 실거래(취소제외), 면적구간별 중앙값","v2 행정동 통근시간을 KIKmix 가중치로 법정동 환산; GBD 6개·YBD 여의동·CBD 3개 핵심 행정동","기준=통근35+방어30+3040 25+유동성10","대화기록_1조프로젝트_데이터검증_20260829.md","","","","20","81.4","89.9","방어력(실측)","73.7","참고용_가격표본부족","False"
"v4.0_20260902","법정동×면적구간","용산구","이촌동","11170129.0","59㎡급(55~65)","12억 초과","57","233000.0","23.3","3895.01838849883","126000","260000","20260109","20260805","충분(10건+)","51.8","33.4","44.0","43.1","47.9","51.8","42.6","51.8","38.7","44.0","2","2","검증완료_v2기준","0.0","","20261.0","20261.0","20261.0","21.0","1509.0","True","현재고점_미검증","25.67","20261","88.1","","37.3","56.9","67.6","83.2","82.6","76.0","","","","","","","","","","","","","","False","제외_핵심자료미검증·결측","방어력:현재고점_미검증","2026년 서울 아파트 실거래(취소제외), 면적구간별 중앙값","v2 행정동 통근시간을 KIKmix 가중치로 법정동 환산; GBD 6개·YBD 여의동·CBD 3개 핵심 행정동","기준=통근35+방어30+3040 25+유동성10","대화기록_1조프로젝트_데이터검증_20260829.md","","","","95","10.5","10.5","가성비(대체)","49.0","추천가능_가성비대체","True"
"v4.0_20260902","법정동×면적구간","용산구","이태원동","11170130.0","59㎡급(55~65)","12억 초과","4","180000.0","18.0","3004.00534045394","170000","190000","20260220","20260526","경고(5건미만)","41.2","39.7","34.8","38.6","38.0","41.2","40.4","41.2","37.2","39.7","2","2","검증완료_v2기준","0.0","","20261.0","20261.0","20261.0","16.0","165.0","True","현재고점_미검증","35.92","20261","99.2","","61.5","15.5","92.2","87.5","85.3","81.7","","","","","","","","","","","","","","False","제외_핵심자료미검증·결측","방어력:현재고점_미검증; 가격표본:경고(5건미만)","2026년 서울 아파트 실거래(취소제외), 면적구간별 중앙값","v2 행정동 통근시간을 KIKmix 가중치로 법정동 환산; GBD 6개·YBD 여의동·CBD 3개 핵심 행정동","기준=통근35+방어30+3040 25+유동성10","대화기록_1조프로젝트_데이터검증_20260829.md","","","","75","29.0","29.0","가성비(대체)","60.3","제외_핵심자료미검증·결측","False"
"v4.0_20260902","법정동×면적구간","용산구","효창동","11170119.0","59㎡급(55~65)","12억 초과","15","171500.0","17.15","2866.02383061214","95000","208000","20260109","20260704","충분(10건+)","58.0","33.6","39.4","43.7","48.7","58.0","45.8","58.0","36.5","39.4","1","1","검증완료_v2기준","0.0","","20261.0","20261.0","20261.0","14.0","238.0","True","현재고점_미검증","31.01","20261","86.7","","49.9","35.1","65.7","76.8","86.7","76.6","","","","","","","","","","","","","","False","제외_핵심자료미검증·결측","방어력:현재고점_미검증","2026년 서울 아파트 실거래(취소제외), 면적구간별 중앙값","v2 행정동 통근시간을 KIKmix 가중치로 법정동 환산; GBD 6개·YBD 여의동·CBD 3개 핵심 행정동","기준=통근35+방어30+3040 25+유동성10","대화기록_1조프로젝트_데이터검증_20260829.md","","","","66","38.1","38.1","가성비(대체)","57.8","추천가능_가성비대체","True"
"v4.0_20260902","법정동×면적구간","종로구","평동","11110177.0","59㎡급(55~65)","12억 초과","4","221250.0","22.12","3699.46557229301","205500","230000","20260214","20260512","경고(5건미만)","56.4","37.8","30.2","41.5","43.3","56.4","47.1","56.4","34.0","37.8","1","1","검증완료_v2기준","0.0","","20254.0","20254.0","20254.0","11.0","104.0","True","현재고점_미검증","26.25","20261","92.1","","38.7","15.5","79.1","74.2","91.4","73.5","","","","","","","","","","","","","","False","제외_핵심자료미검증·결측","방어력:현재고점_미검증; 가격표본:경고(5건미만)","2026년 서울 아파트 실거래(취소제외), 면적구간별 중앙값","v2 행정동 통근시간을 KIKmix 가중치로 법정동 환산; GBD 6개·YBD 여의동·CBD 3개 핵심 행정동","기준=통근35+방어30+3040 25+유동성10","대화기록_1조프로젝트_데이터검증_20260829.md","","","","92","13.3","13.3","가성비(대체)","47.4","제외_핵심자료미검증·결측","False"
"v4.0_20260902","법정동×면적구간","종로구","홍파동","11110179.0","59㎡급(55~65)","12억 초과","6","212000.0","21.2","3540.72263991083","192000","230000","20260401","20260627","참고(5~9건)","56.4","37.8","30.2","41.5","43.3","56.4","47.1","56.4","34.0","37.8","1","1","검증완료_v2기준","0.0","","20254.0","20254.0","20254.0","16.0","161.0","True","현재고점_미검증","28.06","20261","92.1","","43.0","21.2","79.1","74.2","91.4","75.1","","","","","","","","","","","","","","False","제외_핵심자료미검증·결측","방어력:현재고점_미검증; 가격표본:참고(5~9건)","2026년 서울 아파트 실거래(취소제외), 면적구간별 중앙값","v2 행정동 통근시간을 KIKmix 가중치로 법정동 환산; GBD 6개·YBD 여의동·CBD 3개 핵심 행정동","기준=통근35+방어30+3040 25+유동성10","대화기록_1조프로젝트_데이터검증_20260829.md","","","","89","15.7","15.7","가성비(대체)","49.8","제외_핵심자료미검증·결측","False"
"v4.0_20260902","법정동×면적구간","중구","만리동2가","11140174.0","59㎡급(55~65)","12억 초과","8","193500.0","19.35","3228.06666333016","145000","204000","20260410","20260721","참고(5~9건)","56.4","30.9","30.5","39.3","43.4","56.4","43.6","56.4","30.7","30.9","1","1","검증완료_v2기준","0.0","","20261.0","20261.0","20261.0","11.0","180.0","True","현재고점_미검증","26.85","20261","97.5","","40.1","25.4","78.7","81.1","97.7","77.4","","","","","","","","","","","","","","False","제외_핵심자료미검증·결측","방어력:현재고점_미검증; 가격표본:참고(5~9건)","2026년 서울 아파트 실거래(취소제외), 면적구간별 중앙값","v2 행정동 통근시간을 KIKmix 가중치로 법정동 환산; GBD 6개·YBD 여의동·CBD 3개 핵심 행정동","기준=통근35+방어30+3040 25+유동성10","대화기록_1조프로젝트_데이터검증_20260829.md","","","","83","21.9","21.9","가성비(대체)","53.3","제외_핵심자료미검증·결측","False"
"v4.0_20260902","법정동×면적구간","중구","신당동","11140162.0","59㎡급(55~65)","12억 초과","100","149000.0","14.9","2494.16082749416","33000","177000","20260102","20260805","충분(10건+)","45.2","47.2","33.3","41.9","39.2","45.2","46.2","47.2","40.2","47.2","6","6","검증완료_v2기준","0.0","","20261.0","20261.0","20261.0","21.0","1764.0","True","현재고점_미검증","29.11","20261","91.1","","45.4","66.3","89.2","76.1","79.6","79.4","","","","","","","","","","","","","","False","제외_핵심자료미검증·결측","방어력:현재고점_미검증","2026년 서울 아파트 실거래(취소제외), 면적구간별 중앙값","v2 행정동 통근시간을 KIKmix 가중치로 법정동 환산; GBD 6개·YBD 여의동·CBD 3개 핵심 행정동","기준=통근35+방어30+3040 25+유동성10","대화기록_1조프로젝트_데이터검증_20260829.md","","","","39","63.8","63.8","가성비(대체)","69.0","추천가능_가성비대체","True"
"v4.0_20260902","법정동×면적구간","중구","입정동","11140156.0","59㎡급(55~65)","12억 초과","4","143250.0","14.32","2465.63082388092","138500","148000","20260123","20260605","경고(5건미만)","52.4","50.1","19.4","40.6","35.9","52.4","51.2","52.4","34.8","50.1","1","1","검증완료_v2기준","","","","","","","","","방어력_자료부족","52.03","20261","94.1","","99.4","15.5","97.5","65.9","90.0","","","","","","","","","","","","","","","False","제외_핵심자료미검증·결측","방어력:방어력_자료부족; 가격표본:경고(5건미만)","2026년 서울 아파트 실거래(취소제외), 면적구간별 중앙값","v2 행정동 통근시간을 KIKmix 가중치로 법정동 환산; GBD 6개·YBD 여의동·CBD 3개 핵심 행정동","기준=통근35+방어30+3040 25+유동성10","대화기록_1조프로젝트_데이터검증_20260829.md","","","","33","69.5","69.5","가성비(대체)","80.2","제외_핵심자료미검증·결측","False"
"v4.0_20260902","법정동×면적구간","중구","중림동","11140171.0","59㎡급(55~65)","12억 초과","8","151000.0","15.1","2524.42757756746","149300","165000","20260111","20260716","참고(5~9건)","56.4","30.9","30.5","39.3","43.4","56.4","43.6","56.4","30.7","30.9","1","1","검증완료_v2기준","0.0","","20261.0","20261.0","20261.0","10.0","84.0","True","현재고점_미검증","32.62","20261","97.5","","53.7","25.4","78.7","81.1","97.7","80.8","","","","","","","","","","","","","","False","제외_핵심자료미검증·결측","방어력:현재고점_미검증; 가격표본:참고(5~9건)","2026년 서울 아파트 실거래(취소제외), 면적구간별 중앙값","v2 행정동 통근시간을 KIKmix 가중치로 법정동 환산; GBD 6개·YBD 여의동·CBD 3개 핵심 행정동","기준=통근35+방어30+3040 25+유동성10","대화기록_1조프로젝트_데이터검증_20260829.md","","","","45","58.1","58.1","가성비(대체)","67.5","제외_핵심자료미검증·결측","False"
"v4.0_20260902","법정동×면적구간","강북구","우이동","11305104.0","84㎡급(80~90)","7억 이하","11","57000.0","5.7","671.140939597315","48000","66000","20260128","20260811","충분(10건+)","89.1","79.5","58.5","75.7","73.8","89.1","84.3","89.1","69.0","79.5","1","1","검증완료_v2기준","","","","","","","","","방어력_자료부족","25.33","20261","8.0","","36.5","30.3","3.4","0.0","24.9","","","","","","","","","","","","","","","False","제외_핵심자료미검증·결측","방어력:방어력_자료부족","2026년 서울 아파트 실거래(취소제외), 면적구간별 중앙값","v2 행정동 통근시간을 KIKmix 가중치로 법정동 환산; GBD 6개·YBD 여의동·CBD 3개 핵심 행정동","기준=통근35+방어30+3040 25+유동성10","대화기록_1조프로젝트_데이터검증_20260829.md","7.0","1.3","18.6","5","77.8","77.8","가성비(대체)","38.3","추천가능_가성비대체","True"
"v4.0_20260902","법정동×면적구간","구로구","가리봉동","11530103.0","84㎡급(80~90)","7억 이하","5","51000.0","5.1","600.919052668788","49400","53500","20260121","20260602","참고(5~9건)","","","","","","","","","","","1","0","v2_행정동통근자료없음","","","","","","","","","방어력_자료부족","26.43","20261","","","39.1","18.6","","","","","","","","","","","","","","","","","","False","제외_핵심자료미검증·결측","통근:v2_행정동통근자료없음; 방어력:방어력_자료부족; 가격표본:참고(5~9건)","2026년 서울 아파트 실거래(취소제외), 면적구간별 중앙값","v2 행정동 통근시간을 KIKmix 가중치로 법정동 환산; GBD 6개·YBD 여의동·CBD 3개 핵심 행정동","기준=통근35+방어30+3040 25+유동성10","대화기록_1조프로젝트_데이터검증_20260829.md","7.0","1.9","27.1","2","94.4","94.4","가성비(대체)","","제외_핵심자료미검증·결측","False"
"v4.0_20260902","법정동×면적구간","구로구","궁동","11530109.0","84㎡급(80~90)","7억 이하","1","48000.0","4.8","570.003562522266","48000","48000","20260720","20260720","경고(5건미만)","72.0","53.7","68.4","64.7","70.2","72.0","62.8","72.0","61.0","68.4","1","1","검증완료_v2기준","","","","","","","","","방어력_자료부족","27.2","20261","35.0","","40.9","0.0","12.3","42.8","40.0","","","","","","","","","","","","","","","False","제외_핵심자료미검증·결측","방어력:방어력_자료부족; 가격표본:경고(5건미만)","2026년 서울 아파트 실거래(취소제외), 면적구간별 중앙값","v2 행정동 통근시간을 KIKmix 가중치로 법정동 환산; GBD 6개·YBD 여의동·CBD 3개 핵심 행정동","기준=통근35+방어30+3040 25+유동성10","대화기록_1조프로젝트_데이터검증_20260829.md","7.0","2.2","31.4","1","100.0","100.0","가성비(대체)","52.5","제외_핵심자료미검증·결측","False"
"v4.0_20260902","법정동×면적구간","서대문구","창천동","11410116.0","84㎡급(80~90)","7억 이하","1","64500.0","6.45","780.399274047187","64500","64500","20260330","20260330","경고(5건미만)","67.2","37.3","35.7","46.7","51.4","67.2","52.2","67.2","36.5","37.3","1","1","검증완료_v2기준","","","","","","","","","방어력_자료부족","30.67","20261","79.1","","49.1","0.0","58.8","63.9","86.7","","","","","","","","","","","","","","","False","제외_핵심자료미검증·결측","방어력:방어력_자료부족; 가격표본:경고(5건미만)","2026년 서울 아파트 실거래(취소제외), 면적구간별 중앙값","v2 행정동 통근시간을 KIKmix 가중치로 법정동 환산; GBD 6개·YBD 여의동·CBD 3개 핵심 행정동","기준=통근35+방어30+3040 25+유동성10","대화기록_1조프로젝트_데이터검증_20260829.md","7.0","0.55","7.9","12","38.9","38.9","가성비(대체)","51.6","제외_핵심자료미검증·결측","False"
"v4.0_20260902","법정동×면적구간","종로구","명륜1가","11110170.0","84㎡급(80~90)","7억 이하","2","65250.0","6.52","769.63906581741","61500","69000","20260130","20260526","경고(5건미만)","59.8","57.5","33.4","50.2","46.6","59.8","58.6","59.8","45.4","57.5","1","1","검증완료_v2기준","","","","","","","","","방어력_자료부족","24.98","20261","70.5","","35.7","6.9","70.9","51.2","69.7","","","","","","","","","","","","","","","False","제외_핵심자료미검증·결측","방어력:방어력_자료부족; 가격표본:경고(5건미만)","2026년 서울 아파트 실거래(취소제외), 면적구간별 중앙값","v2 행정동 통근시간을 KIKmix 가중치로 법정동 환산; GBD 6개·YBD 여의동·CBD 3개 핵심 행정동","기준=통근35+방어30+3040 25+유동성10","대화기록_1조프로젝트_데이터검증_20260829.md","7.0","0.48","6.9","14","27.8","27.8","가성비(대체)","42.6","제외_핵심자료미검증·결측","False"
"v4.0_20260902","법정동×면적구간","중구","흥인동","11140163.0","84㎡급(80~90)","7억 이하","2","66500.0","6.65","783.551313774007","65000","68000","20260311","20260711","경고(5건미만)","47.7","45.8","32.3","41.9","40.0","47.7","46.8","47.7","39.0","45.8","1","1","검증완료_v2기준","-33.7","13.7","20222.0","20243.0","20261.0","10.0","75.0","False","검증완료","35.41","20261","90.9","48.1","60.3","6.9","87.3","74.9","81.8","61.4","62.0","","","","","","","","","","","","","False","참고용_가격표본부족","가격표본:경고(5건미만)","2026년 서울 아파트 실거래(취소제외), 면적구간별 중앙값","v2 행정동 통근시간을 KIKmix 가중치로 법정동 환산; GBD 6개·YBD 여의동·CBD 3개 핵심 행정동","기준=통근35+방어30+3040 25+유동성10","대화기록_1조프로젝트_데이터검증_20260829.md","7.0","0.35","5.0","15","22.2","48.1","방어력(실측)","62.0","참고용_가격표본부족","False"
"v4.0_20260902","법정동×면적구간","구로구","항동","11530112.0","84㎡급(80~90)","7~9억","75","79700.0","7.97","938.596697835457","40000","94500","20260107","20260810","충분(10건+)","","","","","","","","","","","1","0","v2_행정동통근자료없음","","","","","","","","","방어력_자료부족","","20261","","","","61.5","","","","","","","","","","","","","","","","","","False","제외_핵심자료미검증·결측","통근:v2_행정동통근자료없음; 방어력:방어력_자료부족; 3040비중 자료없음","2026년 서울 아파트 실거래(취소제외), 면적구간별 중앙값","v2 행정동 통근시간을 KIKmix 가중치로 법정동 환산; GBD 6개·YBD 여의동·CBD 3개 핵심 행정동","기준=통근35+방어30+3040 25+유동성10","대화기록_1조프로젝트_데이터검증_20260829.md","9.0","1.03","11.4","20","54.8","54.8","가성비(대체)","","제외_핵심자료미검증·결측","False"
"v4.0_20260902","법정동×면적구간","마포구","서교동","11440120.0","84㎡급(80~90)","7~9억","4","84600.0","8.46","1002.90215882409","66800","96000","20260103","20260803","경고(5건미만)","66.5","34.7","41.7","47.6","54.1","66.5","50.6","66.5","38.2","41.7","1","1","검증완료_v2기준","-39.5","0.0","20254.0","20261.0","20261.0","19.0","229.0","False","검증완료","36.33","20261","76.9","39.1","62.4","15.5","52.3","67.2","83.5","56.0","55.8","","","","","","","","","","","","","False","참고용_가격표본부족","가격표본:경고(5건미만)","2026년 서울 아파트 실거래(취소제외), 면적구간별 중앙값","v2 행정동 통근시간을 KIKmix 가중치로 법정동 환산; GBD 6개·YBD 여의동·CBD 3개 핵심 행정동","기준=통근35+방어30+3040 25+유동성10","대화기록_1조프로젝트_데이터검증_20260829.md","9.0","0.54","6.0","29","33.3","39.1","방어력(실측)","55.8","참고용_가격표본부족","False"
"v4.0_20260902","법정동×면적구간","서대문구","충정로2가","11410101.0","84㎡급(80~90)","7~9억","2","79000.0","7.9","957.247231419459","60000","98000","20260529","20260730","경고(5건미만)","62.3","35.1","23.9","40.4","43.1","62.3","48.7","62.3","29.5","35.1","1","1","검증완료_v2기준","","","","","","","","","방어력_자료부족","","20261","94.6","","","6.9","79.6","71.0","100.0","","","","","","","","","","","","","","","False","제외_핵심자료미검증·결측","방어력:방어력_자료부족; 3040비중 자료없음; 가격표본:경고(5건미만)","2026년 서울 아파트 실거래(취소제외), 면적구간별 중앙값","v2 행정동 통근시간을 KIKmix 가중치로 법정동 환산; GBD 6개·YBD 여의동·CBD 3개 핵심 행정동","기준=통근35+방어30+3040 25+유동성10","대화기록_1조프로젝트_데이터검증_20260829.md","9.0","1.1","12.2","16","63.1","63.1","가성비(대체)","52.7","제외_핵심자료미검증·결측","False"
"v4.0_20260902","법정동×면적구간","서대문구","충정로3가","11410102.0","84㎡급(80~90)","7~9억","9","85000.0","8.5","1004.72813238771","67000","115000","20260102","20260630","참고(5~9건)","62.3","35.1","23.9","40.4","43.1","62.3","48.7","62.3","29.5","35.1","1","1","검증완료_v2기준","-31.0","0.0","20221.0","20261.0","20261.0","12.0","81.0","False","검증완료","38.1","20261","94.6","52.3","66.6","27.2","79.6","71.0","100.0","67.9","68.2","","","","","","","","","","","","","False","참고용_가격표본부족","가격표본:참고(5~9건)","2026년 서울 아파트 실거래(취소제외), 면적구간별 중앙값","v2 행정동 통근시간을 KIKmix 가중치로 법정동 환산; GBD 6개·YBD 여의동·CBD 3개 핵심 행정동","기준=통근35+방어30+3040 25+유동성10","대화기록_1조프로젝트_데이터검증_20260829.md","9.0","0.5","5.6","30","28.6","52.3","방어력(실측)","68.2","참고용_가격표본부족","False"
"v4.0_20260902","법정동×면적구간","성동구","사근동","11200106.0","84㎡급(80~90)","7~9억","4","84500.0","8.45","996.001013639678","68000","108000","20260326","20260725","경고(5건미만)","43.7","63.1","39.6","48.8","41.7","43.7","53.4","63.1","51.4","63.1","1","1","검증완료_v2기준","","","","","","","","","방어력_자료부족","20.11","20261","74.1","","24.3","15.5","83.2","61.6","58.5","","","","","","","","","","","","","","","False","제외_핵심자료미검증·결측","방어력:방어력_자료부족; 가격표본:경고(5건미만)","2026년 서울 아파트 실거래(취소제외), 면적구간별 중앙값","v2 행정동 통근시간을 KIKmix 가중치로 법정동 환산; GBD 6개·YBD 여의동·CBD 3개 핵심 행정동","기준=통근35+방어30+3040 25+유동성10","대화기록_1조프로젝트_데이터검증_20260829.md","9.0","0.55","6.1","27","36.9","36.9","가성비(대체)","44.6","제외_핵심자료미검증·결측","False"
"v4.0_20260902","법정동×면적구간","성북구","동선동1가","11290116.0","84㎡급(80~90)","7~9억","2","80500.0","8.05","954.945817045523","77000","84000","20260209","20260729","경고(5건미만)","62.4","61.3","36.6","53.4","49.5","62.4","61.8","62.4","49.0","61.3","1","1","검증완료_v2기준","","","","","","","","","방어력_자료부족","26.94","20261","62.7","","40.3","6.9","63.7","44.8","63.0","","","","","","","","","","","","","","","False","제외_핵심자료미검증·결측","방어력:방어력_자료부족; 가격표본:경고(5건미만)","2026년 서울 아파트 실거래(취소제외), 면적구간별 중앙값","v2 행정동 통근시간을 KIKmix 가중치로 법정동 환산; GBD 6개·YBD 여의동·CBD 3개 핵심 행정동","기준=통근35+방어30+3040 25+유동성10","대화기록_1조프로젝트_데이터검증_20260829.md","9.0","0.95","10.6","23","47.6","47.6","가성비(대체)","47.0","제외_핵심자료미검증·결측","False"
"v4.0_20260902","법정동×면적구간","성북구","동소문동4가","11290107.0","84㎡급(80~90)","7~9억","2","83500.0","8.35","983.857664663603","82000","85000","20260206","20260725","경고(5건미만)","61.7","61.9","36.8","53.5","49.2","61.7","61.8","61.9","49.3","61.9","1","1","검증완료_v2기준","","","","","","","","","방어력_자료부족","28.58","20261","62.6","","44.2","6.9","64.3","44.9","62.3","","","","","","","","","","","","","","","False","제외_핵심자료미검증·결측","방어력:방어력_자료부족; 가격표본:경고(5건미만)","2026년 서울 아파트 실거래(취소제외), 면적구간별 중앙값","v2 행정동 통근시간을 KIKmix 가중치로 법정동 환산; GBD 6개·YBD 여의동·CBD 3개 핵심 행정동","기준=통근35+방어30+3040 25+유동성10","대화기록_1조프로젝트_데이터검증_20260829.md","9.0","0.65","7.2","25","42.9","42.9","가성비(대체)","46.5","제외_핵심자료미검증·결측","False"
"v4.0_20260902","법정동×면적구간","성북구","삼선동4가","11290114.0","84㎡급(80~90)","7~9억","3","90000.0","9.0","1060.44538706257","81000","99000","20260209","20260625","경고(5건미만)","58.0","58.9","36.5","51.1","47.2","58.0","58.4","58.9","47.7","58.9","1","1","검증완료_v2기준","","","","","","","","","방어력_자료부족","28.13","20261","68.3","","43.1","11.7","69.3","51.6","65.4","","","","","","","","","","","","","","","False","제외_핵심자료미검증·결측","방어력:방어력_자료부족; 가격표본:경고(5건미만)","2026년 서울 아파트 실거래(취소제외), 면적구간별 중앙값","v2 행정동 통근시간을 KIKmix 가중치로 법정동 환산; GBD 6개·YBD 여의동·CBD 3개 핵심 행정동","기준=통근35+방어30+3040 25+유동성10","대화기록_1조프로젝트_데이터검증_20260829.md","9.0","0.0","0.0","41","2.4","2.4","가성비(대체)","36.6","제외_핵심자료미검증·결측","False"
"v4.0_20260902","법정동×면적구간","영등포구","당산동","11560117.0","84㎡급(80~90)","7~9억","6","90000.0","9.0","1076.06707747983","67000","165000","20260309","20260709","참고(5~9건)","53.7","24.5","42.7","40.3","48.2","53.7","39.1","53.7","33.6","42.7","1","1","검증완료_v2기준","0.0","","20261.0","20261.0","20261.0","21.0","329.0","True","현재고점_미검증","45.59","20261","94.9","","84.2","21.2","66.9","90.2","92.2","86.4","","","","","","","","","","","","","","False","제외_핵심자료미검증·결측","방어력:현재고점_미검증; 가격표본:참고(5~9건)","2026년 서울 아파트 실거래(취소제외), 면적구간별 중앙값","v2 행정동 통근시간을 KIKmix 가중치로 법정동 환산; GBD 6개·YBD 여의동·CBD 3개 핵심 행정동","기준=통근35+방어30+3040 25+유동성10","대화기록_1조프로젝트_데이터검증_20260829.md","9.0","0.0","0.0","41","2.4","2.4","가성비(대체)","57.1","제외_핵심자료미검증·결측","False"
"v4.0_20260902","법정동×면적구간","영등포구","영등포동1가","11560102.0","84㎡급(80~90)","7~9억","3","78000.0","7.8","918.572952471258","77500","83000","20260131","20260701","경고(5건미만)","58.9","23.1","43.7","41.9","51.3","58.9","41.0","58.9","33.4","43.7","1","1","검증완료_v2기준","-34.0","0.0","20251.0","20261.0","20261.0","17.0","307.0","False","검증완료","44.16","20261","91.0","47.7","80.8","11.7","59.2","86.4","92.6","67.4","67.5","","","","","","","","","","","","","False","참고용_가격표본부족","가격표본:경고(5건미만)","2026년 서울 아파트 실거래(취소제외), 면적구간별 중앙값","v2 행정동 통근시간을 KIKmix 가중치로 법정동 환산; GBD 6개·YBD 여의동·CBD 3개 핵심 행정동","기준=통근35+방어30+3040 25+유동성10","대화기록_1조프로젝트_데이터검증_20260829.md","9.0","1.2","13.3","13","70.2","47.7","방어력(실측)","67.5","참고용_가격표본부족","False"
"v4.0_20260902","법정동×면적구간","영등포구","영등포동5가","11560106.0","84㎡급(80~90)","7~9억","5","85000.0","8.5","1028.43315184513","82900","100000","20260103","20260715","참고(5~9건)","58.9","23.1","43.7","41.9","51.3","58.9","41.0","58.9","33.4","43.7","1","1","검증완료_v2기준","","","","","","","","","방어력_자료부족","29.78","20261","91.0","","47.0","18.6","59.2","86.4","92.6","","","","","","","","","","","","","","","False","제외_핵심자료미검증·결측","방어력:방어력_자료부족; 가격표본:참고(5~9건)","2026년 서울 아파트 실거래(취소제외), 면적구간별 중앙값","v2 행정동 통근시간을 KIKmix 가중치로 법정동 환산; GBD 6개·YBD 여의동·CBD 3개 핵심 행정동","기준=통근35+방어30+3040 25+유동성10","대화기록_1조프로젝트_데이터검증_20260829.md","9.0","0.5","5.6","30","28.6","28.6","가성비(대체)","54.0","제외_핵심자료미검증·결측","False"
"v4.0_20260902","법정동×면적구간","종로구","교북동","11110180.0","84㎡급(80~90)","7~9억","4","86500.0","8.65","1026.34076886569","82000","95000","20260212","20260419","경고(5건미만)","56.4","37.8","30.2","41.5","43.3","56.4","47.1","56.4","34.0","37.8","1","1","검증완료_v2기준","","","","","","","","","방어력_자료부족","23.38","20261","92.1","","32.0","15.5","79.1","74.2","91.4","","","","","","","","","","","","","","","False","제외_핵심자료미검증·결측","방어력:방어력_자료부족; 가격표본:경고(5건미만)","2026년 서울 아파트 실거래(취소제외), 면적구간별 중앙값","v2 행정동 통근시간을 KIKmix 가중치로 법정동 환산; GBD 6개·YBD 여의동·CBD 3개 핵심 행정동","기준=통근35+방어30+3040 25+유동성10","대화기록_1조프로젝트_데이터검증_20260829.md","9.0","0.35","3.9","36","16.7","16.7","가성비(대체)","46.8","제외_핵심자료미검증·결측","False"
"v4.0_20260902","법정동×면적구간","종로구","평창동","11110183.0","84㎡급(80~90)","7~9억","4","85650.0","8.56","1008.11889311972","77000","95000","20260131","20260731","경고(5건미만)","73.1","62.5","44.7","60.1","58.9","73.1","67.8","73.1","53.6","62.5","1","1","검증완료_v2기준","-41.5","86.1","20214.0","20243.0","20253.0","10.0","79.0","False","검증완료","26.4","20261","46.3","36.0","39.1","15.5","40.3","32.9","54.2","37.6","38.3","","","","","","","","","","","","","False","참고용_가격표본부족","가격표본:경고(5건미만)","2026년 서울 아파트 실거래(취소제외), 면적구간별 중앙값","v2 행정동 통근시간을 KIKmix 가중치로 법정동 환산; GBD 6개·YBD 여의동·CBD 3개 핵심 행정동","기준=통근35+방어30+3040 25+유동성10","대화기록_1조프로젝트_데이터검증_20260829.md","9.0","0.44","4.9","33","23.8","36.0","방어력(실측)","38.3","참고용_가격표본부족","False"
"v4.0_20260902","법정동×면적구간","광진구","군자동","11215109.0","84㎡급(80~90)","9~12억","9","100000.0","10.0","1177.02448210923","65000","109500","20260209","20260711","참고(5~9건)","41.7","60.6","46.0","49.4","43.8","46.0","51.2","60.6","53.3","60.6","1","1","검증완료_v2기준","0.0","","20261.0","20261.0","20261.0","13.0","106.0","True","현재고점_미검증","31.61","20261","72.5","","51.3","27.2","77.7","66.1","54.8","70.7","","","","","","","","","","","","","","False","제외_핵심자료미검증·결측","방어력:현재고점_미검증; 가격표본:참고(5~9건)","2026년 서울 아파트 실거래(취소제외), 면적구간별 중앙값","v2 행정동 통근시간을 KIKmix 가중치로 법정동 환산; GBD 6개·YBD 여의동·CBD 3개 핵심 행정동","기준=통근35+방어30+3040 25+유동성10","대화기록_1조프로젝트_데이터검증_20260829.md","12.0","2.0","16.7","22","61.8","61.8","가성비(대체)","59.5","제외_핵심자료미검증·결측","False"
"v4.0_20260902","법정동×면적구간","마포구","중동","11440126.0","84㎡급(80~90)","9~12억","33","117000.0","11.7","1378.09187279152","70000","144000","20260206","20260808","충분(10건+)","69.9","42.7","48.5","53.7","59.2","69.9","56.3","69.9","45.6","48.5","1","1","검증완료_v2기준","0.0","","20261.0","20261.0","20261.0","18.0","295.0","True","현재고점_미검증","31.95","20261","62.0","","52.1","47.9","39.6","55.9","69.4","69.7","","","","","","","","","","","","","","False","제외_핵심자료미검증·결측","방어력:현재고점_미검증","2026년 서울 아파트 실거래(취소제외), 면적구간별 중앙값","v2 행정동 통근시간을 KIKmix 가중치로 법정동 환산; GBD 6개·YBD 여의동·CBD 3개 핵심 행정동","기준=통근35+방어30+3040 25+유동성10","대화기록_1조프로젝트_데이터검증_20260829.md","12.0","0.3","2.5","49","11.8","11.8","가성비(대체)","43.1","추천가능_가성비대체","True"
"v4.0_20260902","법정동×면적구간","서대문구","천연동","11410106.0","84㎡급(80~90)","9~12억","2","115500.0","11.55","1361.11108409992","102000","129000","20260309","20260418","경고(5건미만)","62.3","39.3","31.2","44.3","46.8","62.3","50.8","62.3","35.2","39.3","1","1","검증완료_v2기준","0.0","","20261.0","20261.0","20261.0","14.0","218.0","True","현재고점_미검증","25.14","20261","85.2","","36.1","6.9","70.5","66.8","89.1","69.4","","","","","","","","","","","","","","False","제외_핵심자료미검증·결측","방어력:현재고점_미검증; 가격표본:경고(5건미만)","2026년 서울 아파트 실거래(취소제외), 면적구간별 중앙값","v2 행정동 통근시간을 KIKmix 가중치로 법정동 환산; GBD 6개·YBD 여의동·CBD 3개 핵심 행정동","기준=통근35+방어30+3040 25+유동성10","대화기록_1조프로젝트_데이터검증_20260829.md","12.0","0.45","3.8","45","19.1","19.1","가성비(대체)","45.3","제외_핵심자료미검증·결측","False"
"v4.0_20260902","법정동×면적구간","성동구","도선동","11200104.0","84㎡급(80~90)","9~12억","7","120000.0","12.0","1412.92829388909","95000","130000","20260112","20260602","참고(5~9건)","45.5","54.7","33.9","44.7","39.7","45.5","50.1","54.7","44.3","54.7","1","1","검증완료_v2기준","","","","","","","","","방어력_자료부족","29.2","20261","84.1","","45.6","23.4","88.0","68.2","71.9","","","","","","","","","","","","","","","False","제외_핵심자료미검증·결측","방어력:방어력_자료부족; 가격표본:참고(5~9건)","2026년 서울 아파트 실거래(취소제외), 면적구간별 중앙값","v2 행정동 통근시간을 KIKmix 가중치로 법정동 환산; GBD 6개·YBD 여의동·CBD 3개 핵심 행정동","기준=통근35+방어30+3040 25+유동성10","대화기록_1조프로젝트_데이터검증_20260829.md","12.0","0.0","0.0","56","0.0","0.0","가성비(대체)","43.2","제외_핵심자료미검증·결측","False"
"v4.0_20260902","법정동×면적구간","성동구","송정동","11200118.0","84㎡급(80~90)","9~12억","12","117750.0","11.78","1395.13950744411","108000","143500","20260110","20260723","충분(10건+)","45.8","59.7","46.8","50.8","46.3","46.8","52.7","59.7","53.3","59.7","2","2","검증완료_v2기준","0.0","","20261.0","20261.0","20261.0","13.0","141.0","True","현재고점_미검증","28.58","20261","69.2","","44.2","31.6","71.6","63.0","54.8","68.1","","","","","","","","","","","","","","False","제외_핵심자료미검증·결측","방어력:현재고점_미검증","2026년 서울 아파트 실거래(취소제외), 면적구간별 중앙값","v2 행정동 통근시간을 KIKmix 가중치로 법정동 환산; GBD 6개·YBD 여의동·CBD 3개 핵심 행정동","기준=통근35+방어30+3040 25+유동성10","대화기록_1조프로젝트_데이터검증_20260829.md","12.0","0.22","1.8","52","7.3","7.3","가성비(대체)","40.6","추천가능_가성비대체","True"
"v4.0_20260902","법정동×면적구간","성동구","용답동","11200122.0","84㎡급(80~90)","9~12억","9","113000.0","11.3","1336.56632562541","83000","216000","20260209","20260507","참고(5~9건)","48.2","56.0","45.3","49.8","46.8","48.2","52.1","56.0","50.6","56.0","1","1","검증완료_v2기준","-22.9","0.0","20254.0","20261.0","20261.0","8.0","129.0","False","검증완료","28.35","20261","71.5","65.0","43.6","27.2","70.5","64.2","59.8","57.9","58.1","","","","","","","","","","","","","False","참고용_가격표본부족","가격표본:참고(5~9건)","2026년 서울 아파트 실거래(취소제외), 면적구간별 중앙값","v2 행정동 통근시간을 KIKmix 가중치로 법정동 환산; GBD 6개·YBD 여의동·CBD 3개 핵심 행정동","기준=통근35+방어30+3040 25+유동성10","대화기록_1조프로젝트_데이터검증_20260829.md","12.0","0.7","5.8","41","27.3","65.0","방어력(실측)","58.1","참고용_가격표본부족","False"
"v4.0_20260902","법정동×면적구간","성동구","홍익동","11200103.0","84㎡급(80~90)","9~12억","2","107250.0","10.72","1262.36229048312","106000","108500","20260404","20260804","경고(5건미만)","45.5","54.7","33.9","44.7","39.7","45.5","50.1","54.7","44.3","54.7","1","1","검증완료_v2기준","","","","","","","","","방어력_자료부족","","20261","84.1","","","6.9","88.0","68.2","71.9","","","","","","","","","","","","","","","False","제외_핵심자료미검증·결측","방어력:방어력_자료부족; 3040비중 자료없음; 가격표본:경고(5건미만)","2026년 서울 아파트 실거래(취소제외), 면적구간별 중앙값","v2 행정동 통근시간을 KIKmix 가중치로 법정동 환산; GBD 6개·YBD 여의동·CBD 3개 핵심 행정동","기준=통근35+방어30+3040 25+유동성10","대화기록_1조프로젝트_데이터검증_20260829.md","12.0","1.28","10.7","34","40.0","40.0","가성비(대체)","42.1","제외_핵심자료미검증·결측","False"
"v4.0_20260902","법정동×면적구간","성북구","동소문동5가","11290108.0","84㎡급(80~90)","9~12억","7","94500.0","9.45","1112.31432001695","87000","98000","20260206","20260620","참고(5~9건)","58.0","58.9","36.5","51.1","47.2","58.0","58.4","58.9","47.7","58.9","1","1","검증완료_v2기준","","","","","","","","","방어력_자료부족","23.55","20261","68.3","","32.4","23.4","69.3","51.6","65.4","","","","","","","","","","","","","","","False","제외_핵심자료미검증·결측","방어력:방어력_자료부족; 가격표본:참고(5~9건)","2026년 서울 아파트 실거래(취소제외), 면적구간별 중앙값","v2 행정동 통근시간을 KIKmix 가중치로 법정동 환산; GBD 6개·YBD 여의동·CBD 3개 핵심 행정동","기준=통근35+방어30+3040 25+유동성10","대화기록_1조프로젝트_데이터검증_20260829.md","12.0","2.55","21.2","6","90.9","90.9","가성비(대체)","61.6","제외_핵심자료미검증·결측","False"
"v4.0_20260902","법정동×면적구간","성북구","보문동1가","11290130.0","84㎡급(80~90)","9~12억","1","102800.0","10.28","1210.76497261645","102800","102800","20260415","20260415","경고(5건미만)","57.6","57.4","36.0","50.3","46.8","57.6","57.5","57.6","46.7","57.4","1","1","검증완료_v2기준","","","","","","","","","방어력_자료부족","28.21","20261","70.3","","43.3","0.0","70.4","53.5","67.3","","","","","","","","","","","","","","","False","제외_핵심자료미검증·결측","방어력:방어력_자료부족; 가격표본:경고(5건미만)","2026년 서울 아파트 실거래(취소제외), 면적구간별 중앙값","v2 행정동 통근시간을 KIKmix 가중치로 법정동 환산; GBD 6개·YBD 여의동·CBD 3개 핵심 행정동","기준=통근35+방어30+3040 25+유동성10","대화기록_1조프로젝트_데이터검증_20260829.md","12.0","1.72","14.3","26","54.5","54.5","가성비(대체)","51.8","제외_핵심자료미검증·결측","False"
"v4.0_20260902","법정동×면적구간","성북구","보문동4가","11290126.0","84㎡급(80~90)","9~12억","1","107000.0","10.7","1293.62978008294","107000","107000","20260709","20260709","경고(5건미만)","57.6","57.4","36.0","50.3","46.8","57.6","57.5","57.6","46.7","57.4","1","1","검증완료_v2기준","","","","","","","","","방어력_자료부족","","20261","70.3","","","0.0","70.4","53.5","67.3","","","","","","","","","","","","","","","False","제외_핵심자료미검증·결측","방어력:방어력_자료부족; 3040비중 자료없음; 가격표본:경고(5건미만)","2026년 서울 아파트 실거래(취소제외), 면적구간별 중앙값","v2 행정동 통근시간을 KIKmix 가중치로 법정동 환산; GBD 6개·YBD 여의동·CBD 3개 핵심 행정동","기준=통근35+방어30+3040 25+유동성10","대화기록_1조프로젝트_데이터검증_20260829.md","12.0","1.3","10.8","32","42.7","42.7","가성비(대체)","37.4","제외_핵심자료미검증·결측","False"
"v4.0_20260902","법정동×면적구간","성북구","안암동1가","11290121.0","84㎡급(80~90)","9~12억","12","98500.0","9.85","1160.62591318283","94000","114000","20260103","20260626","충분(10건+)","64.1","58.9","40.4","54.5","52.2","64.1","61.5","64.1","49.6","58.9","1","1","검증완료_v2기준","","","","","","","","","방어력_자료부족","24.69","20261","60.1","","35.0","31.6","56.9","45.5","61.7","","","","","","","","","","","","","","","False","제외_핵심자료미검증·결측","방어력:방어력_자료부족","2026년 서울 아파트 실거래(취소제외), 면적구간별 중앙값","v2 행정동 통근시간을 KIKmix 가중치로 법정동 환산; GBD 6개·YBD 여의동·CBD 3개 핵심 행정동","기준=통근35+방어30+3040 25+유동성10","대화기록_1조프로젝트_데이터검증_20260829.md","12.0","2.15","17.9","20","65.5","65.5","가성비(대체)","52.6","추천가능_가성비대체","True"
"v4.0_20260902","법정동×면적구간","영등포구","문래동5가","11560123.0","84㎡급(80~90)","9~12억","33","106000.0","10.6","1250.14742304517","84500","148700","20260116","20260813","충분(10건+)","61.5","31.5","46.9","46.6","54.2","61.5","46.5","61.5","39.2","46.9","1","1","검증완료_v2기준","0.0","","20261.0","20261.0","20261.0","14.0","163.0","True","현재고점_미검증","37.76","20261","79.4","","65.8","47.9","52.0","75.4","81.6","78.6","","","","","","","","","","","","","","False","제외_핵심자료미검증·결측","방어력:현재고점_미검증","2026년 서울 아파트 실거래(취소제외), 면적구간별 중앙값","v2 행정동 통근시간을 KIKmix 가중치로 법정동 환산; GBD 6개·YBD 여의동·CBD 3개 핵심 행정동","기준=통근35+방어30+3040 25+유동성10","대화기록_1조프로젝트_데이터검증_20260829.md","12.0","1.4","11.7","31","45.5","45.5","가성비(대체)","62.7","추천가능_가성비대체","True"
"v4.0_20260902","법정동×면적구간","영등포구","양평동2가","11560126.0","84㎡급(80~90)","9~12억","3","117500.0","11.75","1387.41291769985","92000","119000","20260210","20260420","경고(5건미만)","64.1","30.6","47.8","47.5","56.0","64.1","47.3","64.1","39.2","47.8","1","1","검증완료_v2기준","-23.6","59.3","20213.0","20241.0","20261.0","14.0","188.0","False","검증완료","49.43","20261","77.3","63.9","93.2","11.7","47.7","73.7","81.6","70.1","70.7","","","","","","","","","","","","","False","참고용_가격표본부족","가격표본:경고(5건미만)","2026년 서울 아파트 실거래(취소제외), 면적구간별 중앙값","v2 행정동 통근시간을 KIKmix 가중치로 법정동 환산; GBD 6개·YBD 여의동·CBD 3개 핵심 행정동","기준=통근35+방어30+3040 25+유동성10","대화기록_1조프로젝트_데이터검증_20260829.md","12.0","0.25","2.1","51","9.1","63.9","방어력(실측)","70.7","참고용_가격표본부족","False"
"v4.0_20260902","법정동×면적구간","영등포구","양평동6가","11560130.0","84㎡급(80~90)","9~12억","4","96500.0","9.65","1141.99122622263","88000","100000","20260116","20260521","경고(5건미만)","57.7","27.8","46.6","44.0","52.2","57.7","42.8","57.7","37.2","46.6","1","1","검증완료_v2기준","0.0","","20261.0","20261.0","20261.0","12.0","87.0","True","현재고점_미검증","41.65","20261","85.8","","74.9","15.5","57.1","82.9","85.4","80.1","","","","","","","","","","","","","","False","제외_핵심자료미검증·결측","방어력:현재고점_미검증; 가격표본:경고(5건미만)","2026년 서울 아파트 실거래(취소제외), 면적구간별 중앙값","v2 행정동 통근시간을 KIKmix 가중치로 법정동 환산; GBD 6개·YBD 여의동·CBD 3개 핵심 행정동","기준=통근35+방어30+3040 25+유동성10","대화기록_1조프로젝트_데이터검증_20260829.md","12.0","2.35","19.6","12","79.1","79.1","가성비(대체)","74.0","제외_핵심자료미검증·결측","False"
"v4.0_20260902","법정동×면적구간","용산구","청파동1가","11170109.0","84㎡급(80~90)","9~12억","1","95000.0","9.5","1118.83170415734","95000","95000","20260526","20260526","경고(5건미만)","55.3","32.7","33.8","40.6","44.6","55.3","44.0","55.3","33.2","33.8","1","1","검증완료_v2기준","","","","","","","","","방어력_자료부족","","20261","94.2","","","0.0","76.0","80.4","92.9","","","","","","","","","","","","","","","False","제외_핵심자료미검증·결측","방어력:방어력_자료부족; 3040비중 자료없음; 가격표본:경고(5건미만)","2026년 서울 아파트 실거래(취소제외), 면적구간별 중앙값","v2 행정동 통근시간을 KIKmix 가중치로 법정동 환산; GBD 6개·YBD 여의동·CBD 3개 핵심 행정동","기준=통근35+방어30+3040 25+유동성10","대화기록_1조프로젝트_데이터검증_20260829.md","12.0","2.5","20.8","7","89.1","89.1","가성비(대체)","59.7","제외_핵심자료미검증·결측","False"
"v4.0_20260902","법정동×면적구간","종로구","수송동","11110124.0","84㎡급(80~90)","9~12억","1","110000.0","11.0","1321.16262310834","110000","110000","20260710","20260710","경고(5건미만)","60.3","46.3","18.0","41.5","39.2","60.3","53.3","60.3","32.2","46.3","1","1","검증완료_v2기준","","","","","","","","","방어력_자료부족","32.05","20261","91.9","","52.4","0.0","89.4","61.8","95.0","","","","","","","","","","","","","","","False","제외_핵심자료미검증·결측","방어력:방어력_자료부족; 가격표본:경고(5건미만)","2026년 서울 아파트 실거래(취소제외), 면적구간별 중앙값","v2 행정동 통근시간을 KIKmix 가중치로 법정동 환산; GBD 6개·YBD 여의동·CBD 3개 핵심 행정동","기준=통근35+방어30+3040 25+유동성10","대화기록_1조프로젝트_데이터검증_20260829.md","12.0","1.0","8.3","38","32.7","32.7","가성비(대체)","55.1","제외_핵심자료미검증·결측","False"
"v4.0_20260902","법정동×면적구간","종로구","숭인동","11110175.0","84㎡급(80~90)","9~12억","6","114250.0","11.42","1345.17335380342","110000","125000","20260108","20260717","참고(5~9건)","57.1","56.0","32.2","48.5","44.7","57.1","56.6","57.1","44.2","56.0","2","2","검증완료_v2기준","-29.7","0.0","20252.0","20261.0","20261.0","21.0","311.0","False","검증완료","27.28","20261","74.9","54.4","41.1","21.2","75.7","55.3","72.1","54.3","54.9","","","","","","","","","","","","","False","참고용_가격표본부족","가격표본:참고(5~9건)","2026년 서울 아파트 실거래(취소제외), 면적구간별 중앙값","v2 행정동 통근시간을 KIKmix 가중치로 법정동 환산; GBD 6개·YBD 여의동·CBD 3개 핵심 행정동","기준=통근35+방어30+3040 25+유동성10","대화기록_1조프로젝트_데이터검증_20260829.md","12.0","0.58","4.8","43","23.6","54.4","방어력(실측)","54.9","참고용_가격표본부족","False"
"v4.0_20260902","법정동×면적구간","종로구","신교동","11110102.0","84㎡급(80~90)","9~12억","2","95250.0","9.52","1122.96628153737","95000","95500","20260303","20260714","경고(5건미만)","","","","","","","","","","","1","0","v2_행정동통근자료없음","","","","","","","","","방어력_자료부족","28.91","20261","","","45.0","6.9","","","","","","","","","","","","","","","","","","False","제외_핵심자료미검증·결측","통근:v2_행정동통근자료없음; 방어력:방어력_자료부족; 가격표본:경고(5건미만)","2026년 서울 아파트 실거래(취소제외), 면적구간별 중앙값","v2 행정동 통근시간을 KIKmix 가중치로 법정동 환산; GBD 6개·YBD 여의동·CBD 3개 핵심 행정동","기준=통근35+방어30+3040 25+유동성10","대화기록_1조프로젝트_데이터검증_20260829.md","12.0","2.48","20.7","8","87.3","87.3","가성비(대체)","","제외_핵심자료미검증·결측","False"
"v4.0_20260902","법정동×면적구간","종로구","익선동","11110133.0","84㎡급(80~90)","9~12억","1","93000.0","9.3","1103.72656064562","93000","93000","20260309","20260309","경고(5건미만)","60.3","46.3","18.0","41.5","39.2","60.3","53.3","60.3","32.2","46.3","1","1","검증완료_v2기준","","","","","","","","","방어력_자료부족","24.08","20261","91.9","","33.6","0.0","89.4","61.8","95.0","","","","","","","","","","","","","","","False","제외_핵심자료미검증·결측","방어력:방어력_자료부족; 가격표본:경고(5건미만)","2026년 서울 아파트 실거래(취소제외), 면적구간별 중앙값","v2 행정동 통근시간을 KIKmix 가중치로 법정동 환산; GBD 6개·YBD 여의동·CBD 3개 핵심 행정동","기준=통근35+방어30+3040 25+유동성10","대화기록_1조프로젝트_데이터검증_20260829.md","12.0","2.7","22.5","4","94.5","94.5","가성비(대체)","68.9","제외_핵심자료미검증·결측","False"
"v4.0_20260902","법정동×면적구간","종로구","필운동","11110113.0","84㎡급(80~90)","9~12억","1","118500.0","11.85","1398.39509086618","118500","118500","20260629","20260629","경고(5건미만)","60.7","39.6","24.1","41.5","42.4","60.7","50.2","60.7","31.8","39.6","1","1","검증완료_v2기준","","","","","","","","","방어력_자료부족","","20261","92.1","","","0.0","81.3","68.1","95.5","","","","","","","","","","","","","","","False","제외_핵심자료미검증·결측","방어력:방어력_자료부족; 3040비중 자료없음; 가격표본:경고(5건미만)","2026년 서울 아파트 실거래(취소제외), 면적구간별 중앙값","v2 행정동 통근시간을 KIKmix 가중치로 법정동 환산; GBD 6개·YBD 여의동·CBD 3개 핵심 행정동","기준=통근35+방어30+3040 25+유동성10","대화기록_1조프로젝트_데이터검증_20260829.md","12.0","0.15","1.2","54","3.6","3.6","가성비(대체)","33.3","제외_핵심자료미검증·결측","False"
"v4.0_20260902","법정동×면적구간","강남구","개포동","11680103.0","84㎡급(80~90)","12억 초과","86","350000.0","35.0","4137.26255068147","290000","414000","20260103","20260718","충분(10건+)","37.2","60.8","64.6","54.2","50.9","64.6","49.0","60.8","62.8","64.6","4","4","검증완료_v2기준","0.0","","20261.0","20261.0","20261.0","21.0","1914.0","True","현재고점_미검증","31.95","20261","60.7","","52.1","63.7","60.1","70.4","36.8","70.3","","","","","","","","","","","","","","False","제외_핵심자료미검증·결측","방어력:현재고점_미검증","2026년 서울 아파트 실거래(취소제외), 면적구간별 중앙값","v2 행정동 통근시간을 KIKmix 가중치로 법정동 환산; GBD 6개·YBD 여의동·CBD 3개 핵심 행정동","기준=통근35+방어30+3040 25+유동성10","대화기록_1조프로젝트_데이터검증_20260829.md","","","","139","2.8","2.8","가성비(대체)","41.5","추천가능_가성비대체","True"
"v4.0_20260902","법정동×면적구간","강남구","삼성동","11680105.0","84㎡급(80~90)","12억 초과","60","298500.0","29.85","3530.01590124577","160000","445000","20260109","20260818","충분(10건+)","19.2","51.8","57.0","42.7","38.1","57.0","35.5","51.8","54.4","57.0","2","2","검증완료_v2기준","0.0","","20261.0","20261.0","20261.0","21.0","923.0","True","현재고점_미검증","38.07","20261","89.1","","66.5","57.7","92.0","97.4","52.6","82.5","","","","","","","","","","","","","","False","제외_핵심자료미검증·결측","방어력:현재고점_미검증","2026년 서울 아파트 실거래(취소제외), 면적구간별 중앙값","v2 행정동 통근시간을 KIKmix 가중치로 법정동 환산; GBD 6개·YBD 여의동·CBD 3개 핵심 행정동","기준=통근35+방어30+3040 25+유동성10","대화기록_1조프로젝트_데이터검증_20260829.md","","","","135","5.6","5.6","가성비(대체)","55.3","추천가능_가성비대체","True"
"v4.0_20260902","법정동×면적구간","강남구","세곡동","11680111.0","84㎡급(80~90)","12억 초과","14","187750.0","18.77","2212.98915605846","118000","210000","20260114","20260824","충분(10건+)","49.3","71.4","74.1","64.9","61.7","74.1","60.4","71.4","72.8","74.1","1","1","검증완료_v2기준","0.0","","20261.0","20261.0","20261.0","17.0","284.0","True","현재고점_미검증","43.66","20261","34.5","","79.7","34.0","33.4","47.8","17.8","65.5","","","","","","","","","","","","","","False","제외_핵심자료미검증·결측","방어력:현재고점_미검증","2026년 서울 아파트 실거래(취소제외), 면적구간별 중앙값","v2 행정동 통근시간을 KIKmix 가중치로 법정동 환산; GBD 6개·YBD 여의동·CBD 3개 핵심 행정동","기준=통근35+방어30+3040 25+유동성10","대화기록_1조프로젝트_데이터검증_20260829.md","","","","85","40.5","40.5","가성비(대체)","47.6","추천가능_가성비대체","True"
"v4.0_20260902","법정동×면적구간","강남구","수서동","11680115.0","84㎡급(80~90)","12억 초과","11","250000.0","25.0","2942.21489937625","230000","260000","20260117","20260715","충분(10건+)","42.0","64.3","67.8","58.0","54.9","67.8","53.2","64.3","66.0","67.8","3","3","검증완료_v2기준","0.0","","20261.0","20261.0","20261.0","19.0","976.0","True","현재고점_미검증","42.16","20261","51.4","","76.1","30.3","50.3","62.1","30.5","69.6","","","","","","","","","","","","","","False","제외_핵심자료미검증·결측","방어력:현재고점_미검증","2026년 서울 아파트 실거래(취소제외), 면적구간별 중앙값","v2 행정동 통근시간을 KIKmix 가중치로 법정동 환산; GBD 6개·YBD 여의동·CBD 3개 핵심 행정동","기준=통근35+방어30+3040 25+유동성10","대화기록_1조프로젝트_데이터검증_20260829.md","","","","126","12.0","12.0","가성비(대체)","43.6","추천가능_가성비대체","True"
"v4.0_20260902","법정동×면적구간","강남구","신사동","11680107.0","84㎡급(80~90)","12억 초과","2","162500.0","16.25","1940.70514291726","90000","235000","20260202","20260206","경고(5건미만)","29.1","44.8","40.8","38.2","35.0","40.8","36.9","44.8","42.8","44.8","2","2","검증완료_v2기준","-17.7","10.2","20253.0","20254.0","20261.0","13.0","174.0","False","검증완료","35.81","20261","100.0","73.1","61.2","6.9","99.8","94.5","74.7","71.7","72.9","","","","","","","","","","","","","False","참고용_가격표본부족","가격표본:경고(5건미만)","2026년 서울 아파트 실거래(취소제외), 면적구간별 중앙값","v2 행정동 통근시간을 KIKmix 가중치로 법정동 환산; GBD 6개·YBD 여의동·CBD 3개 핵심 행정동","기준=통근35+방어30+3040 25+유동성10","대화기록_1조프로젝트_데이터검증_20260829.md","","","","57","60.6","73.1","방어력(실측)","72.9","참고용_가격표본부족","False"
"v4.0_20260902","법정동×면적구간","강남구","율현동","11680113.0","84㎡급(80~90)","12억 초과","3","164000.0","16.4","1933.27832134858","155000","180000","20260526","20260607","경고(5건미만)","49.3","71.4","74.1","64.9","61.7","74.1","60.4","71.4","72.8","74.1","1","1","검증완료_v2기준","","","","","","","","","방어력_자료부족","","20261","34.5","","","11.7","33.4","47.8","17.8","","","","","","","","","","","","","","","False","제외_핵심자료미검증·결측","방어력:방어력_자료부족; 3040비중 자료없음; 가격표본:경고(5건미만)","2026년 서울 아파트 실거래(취소제외), 면적구간별 중앙값","v2 행정동 통근시간을 KIKmix 가중치로 법정동 환산; GBD 6개·YBD 여의동·CBD 3개 핵심 행정동","기준=통근35+방어30+3040 25+유동성10","대화기록_1조프로젝트_데이터검증_20260829.md","","","","61","57.7","57.7","가성비(대체)","30.6","제외_핵심자료미검증·결측","False"
"v4.0_20260902","법정동×면적구간","강남구","일원동","11680114.0","84㎡급(80~90)","12억 초과","25","290000.0","29.0","3423.93222732086","182100","375000","20260109","20260722","충분(10건+)","39.2","62.2","66.5","55.9","52.8","66.5","50.7","62.2","64.3","66.5","4","4","검증완료_v2기준","0.0","","20261.0","20261.0","20261.0","20.0","907.0","True","현재고점_미검증","31.14","20261","56.5","","50.2","43.3","55.4","67.1","33.8","66.6","","","","","","","","","","","","","","False","제외_핵심자료미검증·결측","방어력:현재고점_미검증","2026년 서울 아파트 실거래(취소제외), 면적구간별 중앙값","v2 행정동 통근시간을 KIKmix 가중치로 법정동 환산; GBD 6개·YBD 여의동·CBD 3개 핵심 행정동","기준=통근35+방어30+3040 25+유동성10","대화기록_1조프로젝트_데이터검증_20260829.md","","","","133","7.0","7.0","가성비(대체)","38.8","추천가능_가성비대체","True"
"v4.0_20260902","법정동×면적구간","강남구","자곡동","11680112.0","84㎡급(80~90)","12억 초과","12","204250.0","20.42","2403.22390869514","130000","232000","20260124","20260707","충분(10건+)","49.3","71.4","74.1","64.9","61.7","74.1","60.4","71.4","72.8","74.1","1","1","검증완료_v2기준","0.0","","20261.0","20261.0","20261.0","20.0","568.0","True","현재고점_미검증","44.85","20261","34.5","","82.5","31.6","33.4","47.8","17.8","65.9","","","","","","","","","","","","","","False","제외_핵심자료미검증·결측","방어력:현재고점_미검증","2026년 서울 아파트 실거래(취소제외), 면적구간별 중앙값","v2 행정동 통근시간을 KIKmix 가중치로 법정동 환산; GBD 6개·YBD 여의동·CBD 3개 핵심 행정동","기준=통근35+방어30+3040 25+유동성10","대화기록_1조프로젝트_데이터검증_20260829.md","","","","105","26.8","26.8","가성비(대체)","43.9","추천가능_가성비대체","True"
"v4.0_20260902","법정동×면적구간","강동구","강일동","11740110.0","84㎡급(80~90)","12억 초과","75","129500.0","12.95","1526.58257691854","102000","164000","20260106","20260803","충분(10건+)","72.7","86.6","77.6","79.0","75.2","77.6","79.6","86.6","82.1","86.6","1","1","검증완료_v2기준","0.0","","20261.0","20261.0","20261.0","17.0","579.0","True","현재고점_미검증","45.5","20261","0.0","","84.0","61.5","0.0","9.3","0.0","57.1","","","","","","","","","","","","","","False","제외_핵심자료미검증·결측","방어력:현재고점_미검증","2026년 서울 아파트 실거래(취소제외), 면적구간별 중앙값","v2 행정동 통근시간을 KIKmix 가중치로 법정동 환산; GBD 6개·YBD 여의동·CBD 3개 핵심 행정동","기준=통근35+방어30+3040 25+유동성10","대화기록_1조프로젝트_데이터검증_20260829.md","","","","16","89.4","89.4","가성비(대체)","54.0","추천가능_가성비대체","True"
"v4.0_20260902","법정동×면적구간","강동구","명일동","11740101.0","84㎡급(80~90)","12억 초과","66","170000.0","17.0","2035.44061302682","55000","215000","20260108","20260725","충분(10건+)","61.1","79.2","65.2","68.5","63.1","65.2","70.2","79.2","72.2","79.2","2","2","검증완료_v2기준","0.0","","20261.0","20261.0","20261.0","20.0","1648.0","True","현재고점_미검증","30.41","20261","25.7","","48.5","59.3","29.9","28.2","18.8","57.1","","","","","","","","","","","","","","False","제외_핵심자료미검증·결측","방어력:현재고점_미검증","2026년 서울 아파트 실거래(취소제외), 면적구간별 중앙값","v2 행정동 통근시간을 KIKmix 가중치로 법정동 환산; GBD 6개·YBD 여의동·CBD 3개 핵심 행정동","기준=통근35+방어30+3040 25+유동성10","대화기록_1조프로젝트_데이터검증_20260829.md","","","","72","49.6","49.6","가성비(대체)","41.9","추천가능_가성비대체","True"
"v4.0_20260902","법정동×면적구간","강동구","상일동","11740103.0","84㎡급(80~90)","12억 초과","112","185000.0","18.5","2177.96964705792","77800","240000","20260104","20260809","충분(10건+)","68.8","83.5","74.4","75.5","71.6","74.4","76.1","83.5","78.9","83.5","2","2","검증완료_v2기준","0.0","","20261.0","20261.0","20261.0","21.0","1901.0","True","현재고점_미검증","25.06","20261","8.4","","35.9","68.2","8.9","16.3","6.0","49.2","","","","","","","","","","","","","","False","제외_핵심자료미검증·결측","방어력:현재고점_미검증","2026년 서울 아파트 실거래(취소제외), 면적구간별 중앙값","v2 행정동 통근시간을 KIKmix 가중치로 법정동 환산; GBD 6개·YBD 여의동·CBD 3개 핵심 행정동","기준=통근35+방어30+3040 25+유동성10","대화기록_1조프로젝트_데이터검증_20260829.md","","","","83","42.3","42.3","가성비(대체)","31.4","추천가능_가성비대체","True"
"v4.0_20260902","법정동×면적구간","강동구","암사동","11740107.0","84㎡급(80~90)","12억 초과","112","163750.0","16.38","1926.64074707176","65000","203500","20260109","20260814","충분(10건+)","51.7","74.9","63.3","63.3","57.5","63.3","63.3","74.9","69.1","74.9","3","3","검증완료_v2기준","0.0","","20261.0","20261.0","20261.0","21.0","1920.0","True","현재고점_미검증","31.11","20261","38.4","","50.1","68.2","43.8","41.9","24.7","62.5","","","","","","","","","","","","","","False","제외_핵심자료미검증·결측","방어력:현재고점_미검증","2026년 서울 아파트 실거래(취소제외), 면적구간별 중앙값","v2 행정동 통근시간을 KIKmix 가중치로 법정동 환산; GBD 6개·YBD 여의동·CBD 3개 핵심 행정동","기준=통근35+방어30+3040 25+유동성10","대화기록_1조프로젝트_데이터검증_20260829.md","","","","60","58.5","58.5","가성비(대체)","50.3","추천가능_가성비대체","True"
"v4.0_20260902","법정동×면적구간","강서구","가양동","11500104.0","84㎡급(80~90)","12억 초과","59","121000.0","12.1","1426.04596346494","61000","165000","20260122","20260808","충분(10건+)","65.6","35.7","58.4","53.2","62.0","65.6","50.6","65.6","47.1","58.4","4","4","검증완료_v2기준","0.0","","20261.0","20261.0","20261.0","21.0","1769.0","True","현재고점_미검증","47.6","20261","63.2","","88.9","57.5","32.6","67.1","66.6","80.1","","","","","","","","","","","","","","False","제외_핵심자료미검증·결측","방어력:현재고점_미검증","2026년 서울 아파트 실거래(취소제외), 면적구간별 중앙값","v2 행정동 통근시간을 KIKmix 가중치로 법정동 환산; GBD 6개·YBD 여의동·CBD 3개 핵심 행정동","기준=통근35+방어30+3040 25+유동성10","대화기록_1조프로젝트_데이터검증_20260829.md","","","","1","100.0","100.0","가성비(대체)","80.1","추천가능_가성비대체","True"
"v4.0_20260902","법정동×면적구간","광진구","광장동","11215104.0","84㎡급(80~90)","12억 초과","51","213000.0","21.3","2511.49628581535","109000","350000","20260110","20260811","충분(10건+)","46.9","64.5","52.2","54.5","49.6","52.2","55.7","64.5","58.4","64.5","1","1","검증완료_v2기준","0.0","","20261.0","20261.0","20261.0","21.0","1439.0","True","현재고점_미검증","30.29","20261","60.0","","48.2","55.0","63.6","57.1","45.2","68.3","","","","","","","","","","","","","","False","제외_핵심자료미검증·결측","방어력:현재고점_미검증","2026년 서울 아파트 실거래(취소제외), 면적구간별 중앙값","v2 행정동 통근시간을 KIKmix 가중치로 법정동 환산; GBD 6개·YBD 여의동·CBD 3개 핵심 행정동","기준=통근35+방어30+3040 25+유동성10","대화기록_1조프로젝트_데이터검증_20260829.md","","","","109","23.9","23.9","가성비(대체)","45.7","추천가능_가성비대체","True"
"v4.0_20260902","법정동×면적구간","광진구","구의동","11215103.0","84㎡급(80~90)","12억 초과","82","196250.0","19.62","2313.31935522866","45300","230500","20260103","20260731","충분(10건+)","42.4","63.2","47.8","51.1","45.1","47.8","52.8","63.2","55.5","63.2","3","3","검증완료_v2기준","0.0","","20261.0","20261.0","20261.0","21.0","1068.0","True","현재고점_미검증","33.04","20261","68.3","","54.7","62.9","74.6","62.9","50.5","73.4","","","","","","","","","","","","","","False","제외_핵심자료미검증·결측","방어력:현재고점_미검증","2026년 서울 아파트 실거래(취소제외), 면적구간별 중앙값","v2 행정동 통근시간을 KIKmix 가중치로 법정동 환산; GBD 6개·YBD 여의동·CBD 3개 핵심 행정동","기준=통근35+방어30+3040 25+유동성10","대화기록_1조프로젝트_데이터검증_20260829.md","","","","95","33.8","33.8","가성비(대체)","54.0","추천가능_가성비대체","True"
"v4.0_20260902","법정동×면적구간","광진구","자양동","11215105.0","84㎡급(80~90)","12억 초과","67","165000.0","16.5","1965.86227192466","93000","233000","20260102","20260807","충분(10건+)","40.4","62.2","51.7","51.4","46.1","51.7","51.3","62.2","57.0","62.2","4","4","검증완료_v2기준","0.0","","20261.0","20261.0","20261.0","21.0","1874.0","True","현재고점_미검증","30.62","20261","67.6","","49.0","59.6","72.2","65.8","47.8","71.9","","","","","","","","","","","","","","False","제외_핵심자료미검증·결측","방어력:현재고점_미검증","2026년 서울 아파트 실거래(취소제외), 면적구간별 중앙값","v2 행정동 통근시간을 KIKmix 가중치로 법정동 환산; GBD 6개·YBD 여의동·CBD 3개 핵심 행정동","기준=통근35+방어30+3040 25+유동성10","대화기록_1조프로젝트_데이터검증_20260829.md","","","","62","56.3","56.3","가성비(대체)","58.8","추천가능_가성비대체","True"
"v4.0_20260902","법정동×면적구간","광진구","화양동","11215107.0","84㎡급(80~90)","12억 초과","5","126500.0","12.65","1492.27320986198","88000","130000","20260321","20260611","참고(5~9건)","40.9","64.4","47.1","50.8","44.0","47.1","52.6","64.4","55.8","64.4","1","1","검증완료_v2기준","-34.3","37.4","20224.0","20241.0","20261.0","21.0","306.0","False","검증완료","29.08","20261","69.1","47.2","45.4","18.6","77.3","63.1","50.1","51.1","51.6","","","","","","","","","","","","","False","참고용_가격표본부족","가격표본:참고(5~9건)","2026년 서울 아파트 실거래(취소제외), 면적구간별 중앙값","v2 행정동 통근시간을 KIKmix 가중치로 법정동 환산; GBD 6개·YBD 여의동·CBD 3개 핵심 행정동","기준=통근35+방어30+3040 25+유동성10","대화기록_1조프로젝트_데이터검증_20260829.md","","","","10","93.7","47.2","방어력(실측)","51.6","참고용_가격표본부족","False"
"v4.0_20260902","법정동×면적구간","구로구","신도림동","11530101.0","84㎡급(80~90)","12억 초과","115","133000.0","13.3","1565.07413509061","59000","189000","20260105","20260807","충분(10건+)","61.7","33.3","50.6","48.5","56.2","61.7","47.5","61.7","42.0","50.6","1","1","검증완료_v2기준","0.0","","20261.0","20261.0","20261.0","21.0","1548.0","True","현재고점_미검증","32.25","20261","74.7","","52.8","68.6","47.2","73.4","76.3","75.9","","","","","","","","","","","","","","False","제외_핵심자료미검증·결측","방어력:현재고점_미검증","2026년 서울 아파트 실거래(취소제외), 면적구간별 중앙값","v2 행정동 통근시간을 KIKmix 가중치로 법정동 환산; GBD 6개·YBD 여의동·CBD 3개 핵심 행정동","기준=통근35+방어30+3040 25+유동성10","대화기록_1조프로젝트_데이터검증_20260829.md","","","","21","85.6","85.6","가성비(대체)","71.9","추천가능_가성비대체","True"
"v4.0_20260902","법정동×면적구간","노원구","장위동","","84㎡급(80~90)","12억 초과","1","154500.0","15.45","1819.57366623484","154500","154500","20260115","20260115","경고(5건미만)","","","","","","","","","","","0","0","법정동_매핑없음","","","","","","","","","방어력_자료부족","","20261","","","","0.0","","","","","","","","","","","","","","","","","","False","제외_핵심자료미검증·결측","법정동코드 누락·오류; 통근:법정동_매핑없음; 방어력:방어력_자료부족; 3040비중 자료없음; 가격표본:경고(5건미만)","2026년 서울 아파트 실거래(취소제외), 면적구간별 중앙값","v2 행정동 통근시간을 KIKmix 가중치로 법정동 환산; GBD 6개·YBD 여의동·CBD 3개 핵심 행정동","기준=통근35+방어30+3040 25+유동성10","대화기록_1조프로젝트_데이터검증_20260829.md","","","","44","69.7","69.7","가성비(대체)","","제외_핵심자료미검증·결측","False"
"v4.0_20260902","법정동×면적구간","동작구","노량진동","11590101.0","84㎡급(80~90)","12억 초과","49","158000.0","15.8","1861.45146088596","95000","195000","20260103","20260731","충분(10건+)","48.3","28.4","43.1","39.9","45.7","48.3","38.4","48.3","35.8","43.1","2","2","검증완료_v2기준","0.0","","20261.0","20261.0","20261.0","21.0","675.0","True","현재고점_미검증","31.65","20261","95.8","","51.4","54.4","73.1","91.6","88.1","81.6","","","","","","","","","","","","","","False","제외_핵심자료미검증·결측","방어력:현재고점_미검증","2026년 서울 아파트 실거래(취소제외), 면적구간별 중앙값","v2 행정동 통근시간을 KIKmix 가중치로 법정동 환산; GBD 6개·YBD 여의동·CBD 3개 핵심 행정동","기준=통근35+방어30+3040 25+유동성10","대화기록_1조프로젝트_데이터검증_20260829.md","","","","47","66.5","66.5","가성비(대체)","71.8","추천가능_가성비대체","True"
"v4.0_20260902","법정동×면적구간","동작구","동작동","11590106.0","84㎡급(80~90)","12억 초과","19","158000.0","15.8","1859.26100258884","93600","230000","20260106","20260812","충분(10건+)","42.8","41.9","50.6","45.1","46.7","50.6","42.3","42.8","46.2","50.6","1","1","검증완료_v2기준","0.0","","20261.0","20261.0","20261.0","14.0","228.0","True","현재고점_미검증","28.37","20261","83.1","","43.7","38.9","70.6","83.7","68.2","74.4","","","","","","","","","","","","","","False","제외_핵심자료미검증·결측","방어력:현재고점_미검증","2026년 서울 아파트 실거래(취소제외), 면적구간별 중앙값","v2 행정동 통근시간을 KIKmix 가중치로 법정동 환산; GBD 6개·YBD 여의동·CBD 3개 핵심 행정동","기준=통근35+방어30+3040 25+유동성10","대화기록_1조프로젝트_데이터검증_20260829.md","","","","47","66.5","66.5","가성비(대체)","63.8","추천가능_가성비대체","True"
"v4.0_20260902","법정동×면적구간","동작구","본동","11590104.0","84㎡급(80~90)","12억 초과","28","152000.0","15.2","1792.20165300755","100000","245000","20260103","20260825","충분(10건+)","46.9","29.0","43.6","39.8","45.2","46.9","38.0","46.9","36.3","43.6","1","1","검증완료_v2기준","0.0","","20261.0","20261.0","20261.0","18.0","490.0","True","현재고점_미검증","29.41","20261","96.1","","46.1","45.2","74.2","92.5","87.1","79.8","","","","","","","","","","","","","","False","제외_핵심자료미검증·결측","방어력:현재고점_미검증","2026년 서울 아파트 실거래(취소제외), 면적구간별 중앙값","v2 행정동 통근시간을 KIKmix 가중치로 법정동 환산; GBD 6개·YBD 여의동·CBD 3개 핵심 행정동","기준=통근35+방어30+3040 25+유동성10","대화기록_1조프로젝트_데이터검증_20260829.md","","","","42","70.8","70.8","가성비(대체)","70.9","추천가능_가성비대체","True"
"v4.0_20260902","법정동×면적구간","동작구","사당동","11590107.0","84㎡급(80~90)","12억 초과","165","158000.0","15.8","1873.81404174573","50000","235000","20260103","20260811","충분(10건+)","42.4","46.7","54.3","47.8","48.4","54.3","44.5","46.7","50.5","54.3","5","5","검증완료_v2기준","0.0","","20261.0","20261.0","20261.0","21.0","2477.0","True","현재고점_미검증","31.78","20261","76.5","","51.7","74.7","66.5","79.4","60.1","77.5","","","","","","","","","","","","","","False","제외_핵심자료미검증·결측","방어력:현재고점_미검증","2026년 서울 아파트 실거래(취소제외), 면적구간별 중앙값","v2 행정동 통근시간을 KIKmix 가중치로 법정동 환산; GBD 6개·YBD 여의동·CBD 3개 핵심 행정동","기준=통근35+방어30+3040 25+유동성10","대화기록_1조프로젝트_데이터검증_20260829.md","","","","47","66.5","66.5","가성비(대체)","67.1","추천가능_가성비대체","True"
"v4.0_20260902","법정동×면적구간","동작구","신대방동","11590109.0","84㎡급(80~90)","12억 초과","86","124750.0","12.48","1471.49186777979","55000","190000","20260102","20260804","충분(10건+)","50.8","34.2","58.1","47.7","54.5","58.1","42.5","50.8","46.2","58.1","2","2","검증완료_v2기준","0.0","","20261.0","20261.0","20261.0","20.0","1143.0","True","현재고점_미검증","30.01","20261","76.7","","47.6","63.7","51.3","83.3","68.3","75.7","","","","","","","","","","","","","","False","제외_핵심자료미검증·결측","방어력:현재고점_미검증","2026년 서울 아파트 실거래(취소제외), 면적구간별 중앙값","v2 행정동 통근시간을 KIKmix 가중치로 법정동 환산; GBD 6개·YBD 여의동·CBD 3개 핵심 행정동","기준=통근35+방어30+3040 25+유동성10","대화기록_1조프로젝트_데이터검증_20260829.md","","","","7","95.8","95.8","가성비(대체)","73.9","추천가능_가성비대체","True"
"v4.0_20260902","법정동×면적구간","마포구","공덕동","11440102.0","84㎡급(80~90)","12억 초과","44","201500.0","20.15","2378.14928184601","80000","313000","20260107","20260805","충분(10건+)","63.4","30.8","35.0","43.1","49.2","63.4","47.1","63.4","32.9","35.0","3","3","검증완료_v2기준","0.0","","20261.0","20261.0","20261.0","21.0","1028.0","True","현재고점_미검증","32.81","20261","88.1","","54.1","52.6","64.3","74.2","93.5","79.5","","","","","","","","","","","","","","False","제외_핵심자료미검증·결측","방어력:현재고점_미검증","2026년 서울 아파트 실거래(취소제외), 면적구간별 중앙값","v2 행정동 통근시간을 KIKmix 가중치로 법정동 환산; GBD 6개·YBD 여의동·CBD 3개 핵심 행정동","기준=통근35+방어30+3040 25+유동성10","대화기록_1조프로젝트_데이터검증_20260829.md","","","","101","29.6","29.6","가성비(대체)","58.5","추천가능_가성비대체","True"
"v4.0_20260902","법정동×면적구간","마포구","상수동","11440115.0","84㎡급(80~90)","12억 초과","16","207000.0","20.7","2439.02523678471","154000","230000","20260124","20260706","충분(10건+)","64.5","26.0","40.6","43.7","52.6","64.5","45.2","64.5","33.3","40.6","1","1","검증완료_v2기준","0.0","","20261.0","20261.0","20261.0","16.0","215.0","True","현재고점_미검증","36.37","20261","86.6","","62.5","36.2","56.1","77.9","92.8","79.6","","","","","","","","","","","","","","False","제외_핵심자료미검증·결측","방어력:현재고점_미검증","2026년 서울 아파트 실거래(취소제외), 면적구간별 중앙값","v2 행정동 통근시간을 KIKmix 가중치로 법정동 환산; GBD 6개·YBD 여의동·CBD 3개 핵심 행정동","기준=통근35+방어30+3040 25+유동성10","대화기록_1조프로젝트_데이터검증_20260829.md","","","","106","25.7","25.7","가성비(대체)","57.3","추천가능_가성비대체","True"
"v4.0_20260902","법정동×면적구간","마포구","신공덕동","11440103.0","84㎡급(80~90)","12억 초과","11","200000.0","20.0","2354.04896421846","168500","218000","20260206","20260729","충분(10건+)","63.2","29.2","35.3","42.6","49.2","63.2","46.2","63.2","32.2","35.3","1","1","검증완료_v2기준","0.0","","20261.0","20261.0","20261.0","19.0","619.0","True","현재고점_미검증","33.07","20261","89.4","","54.8","30.3","64.3","76.0","94.8","77.8","","","","","","","","","","","","","","False","제외_핵심자료미검증·결측","방어력:현재고점_미검증","2026년 서울 아파트 실거래(취소제외), 면적구간별 중앙값","v2 행정동 통근시간을 KIKmix 가중치로 법정동 환산; GBD 6개·YBD 여의동·CBD 3개 핵심 행정동","기준=통근35+방어30+3040 25+유동성10","대화기록_1조프로젝트_데이터검증_20260829.md","","","","99","30.6","30.6","가성비(대체)","57.2","추천가능_가성비대체","True"
"v4.0_20260902","법정동×면적구간","마포구","신정동","11440117.0","84㎡급(80~90)","12억 초과","1","165000.0","16.5","1954.97630331754","165000","165000","20260407","20260407","경고(5건미만)","64.2","24.9","41.6","43.5","52.9","64.2","44.6","64.2","33.2","41.6","2","2","검증완료_v2기준","","","","","","","","","방어력_자료부족","","20261","86.9","","","0.0","55.3","79.3","92.9","","","","","","","","","","","","","","","False","제외_핵심자료미검증·결측","방어력:방어력_자료부족; 3040비중 자료없음; 가격표본:경고(5건미만)","2026년 서울 아파트 실거래(취소제외), 면적구간별 중앙값","v2 행정동 통근시간을 KIKmix 가중치로 법정동 환산; GBD 6개·YBD 여의동·CBD 3개 핵심 행정동","기준=통근35+방어30+3040 25+유동성10","대화기록_1조프로젝트_데이터검증_20260829.md","","","","62","56.3","56.3","가성비(대체)","47.3","제외_핵심자료미검증·결측","False"
"v4.0_20260902","법정동×면적구간","마포구","연남동","11440124.0","84㎡급(80~90)","12억 초과","11","123800.0","12.38","1457.56805123858","72500","144000","20260107","20260704","충분(10건+)","69.7","39.8","43.9","51.1","56.8","69.7","54.8","69.7","41.8","43.9","1","1","검증완료_v2기준","0.0","","20261.0","20261.0","20261.0","15.0","122.0","True","현재고점_미검증","35.82","20261","68.3","","61.2","30.3","45.6","59.0","76.5","72.3","","","","","","","","","","","","","","False","제외_핵심자료미검증·결측","방어력:현재고점_미검증","2026년 서울 아파트 실거래(취소제외), 면적구간별 중앙값","v2 행정동 통근시간을 KIKmix 가중치로 법정동 환산; GBD 6개·YBD 여의동·CBD 3개 핵심 행정동","기준=통근35+방어30+3040 25+유동성10","대화기록_1조프로젝트_데이터검증_20260829.md","","","","4","97.9","97.9","가성비(대체)","71.6","추천가능_가성비대체","True"
"v4.0_20260902","법정동×면적구간","마포구","용강동","11440105.0","84㎡급(80~90)","12억 초과","9","276000.0","27.6","3247.82301718051","200000","299000","20260113","20260717","참고(5~9건)","59.3","25.1","42.0","42.1","50.6","59.3","42.2","59.3","33.6","42.0","1","1","검증완료_v2기준","0.0","","20261.0","20261.0","20261.0","14.0","238.0","True","현재고점_미검증","34.13","20261","90.4","","57.2","27.2","60.8","84.0","92.3","78.7","","","","","","","","","","","","","","False","제외_핵심자료미검증·결측","방어력:현재고점_미검증; 가격표본:참고(5~9건)","2026년 서울 아파트 실거래(취소제외), 면적구간별 중앙값","v2 행정동 통근시간을 KIKmix 가중치로 법정동 환산; GBD 6개·YBD 여의동·CBD 3개 핵심 행정동","기준=통근35+방어30+3040 25+유동성10","대화기록_1조프로젝트_데이터검증_20260829.md","","","","132","7.7","7.7","가성비(대체)","51.0","제외_핵심자료미검증·결측","False"
"v4.0_20260902","법정동×면적구간","마포구","창전동","11440114.0","84㎡급(80~90)","12억 초과","37","158000.0","15.8","1859.47981640579","120000","208500","20260102","20260802","충분(10건+)","64.5","26.0","40.6","43.7","52.6","64.5","45.2","64.5","33.3","40.6","1","1","검증완료_v2기준","0.0","","20261.0","20261.0","20261.0","18.0","521.0","True","현재고점_미검증","31.49","20261","86.6","","51.0","49.7","56.1","77.9","92.8","78.1","","","","","","","","","","","","","","False","제외_핵심자료미검증·결측","방어력:현재고점_미검증","2026년 서울 아파트 실거래(취소제외), 면적구간별 중앙값","v2 행정동 통근시간을 KIKmix 가중치로 법정동 환산; GBD 6개·YBD 여의동·CBD 3개 핵심 행정동","기준=통근35+방어30+3040 25+유동성10","대화기록_1조프로젝트_데이터검증_20260829.md","","","","47","66.5","66.5","가성비(대체)","68.0","추천가능_가성비대체","True"
"v4.0_20260902","법정동×면적구간","마포구","토정동","11440106.0","84㎡급(80~90)","12억 초과","2","219250.0","21.92","2580.62617702448","218000","220500","20260314","20260425","경고(5건미만)","59.3","25.1","42.0","42.1","50.6","59.3","42.2","59.3","33.6","42.0","1","1","검증완료_v2기준","","","","","","","","","방어력_자료부족","","20261","90.4","","","6.9","60.8","84.0","92.3","","","","","","","","","","","","","","","False","제외_핵심자료미검증·결측","방어력:방어력_자료부족; 3040비중 자료없음; 가격표본:경고(5건미만)","2026년 서울 아파트 실거래(취소제외), 면적구간별 중앙값","v2 행정동 통근시간을 KIKmix 가중치로 법정동 환산; GBD 6개·YBD 여의동·CBD 3개 핵심 행정동","기준=통근35+방어30+3040 25+유동성10","대화기록_1조프로젝트_데이터검증_20260829.md","","","","112","21.8","21.8","가성비(대체)","38.9","제외_핵심자료미검증·결측","False"
"v4.0_20260902","법정동×면적구간","마포구","하중동","11440116.0","84㎡급(80~90)","12억 초과","1","233000.0","23.3","2741.49899988234","233000","233000","20260211","20260211","경고(5건미만)","64.5","26.0","40.6","43.7","52.6","64.5","45.2","64.5","33.3","40.6","1","1","검증완료_v2기준","","","","","","","","","방어력_자료부족","","20261","86.6","","","0.0","56.1","77.9","92.8","","","","","","","","","","","","","","","False","제외_핵심자료미검증·결측","방어력:방어력_자료부족; 3040비중 자료없음; 가격표본:경고(5건미만)","2026년 서울 아파트 실거래(취소제외), 면적구간별 중앙값","v2 행정동 통근시간을 KIKmix 가중치로 법정동 환산; GBD 6개·YBD 여의동·CBD 3개 핵심 행정동","기준=통근35+방어30+3040 25+유동성10","대화기록_1조프로젝트_데이터검증_20260829.md","","","","119","16.9","16.9","가성비(대체)","35.4","제외_핵심자료미검증·결측","False"
"v4.0_20260902","법정동×면적구간","마포구","합정동","11440122.0","84㎡급(80~90)","12억 초과","9","128000.0","12.8","1528.2304762587","105000","209000","20260220","20260713","참고(5~9건)","65.6","34.4","40.8","46.9","53.2","65.6","50.0","65.6","37.6","40.8","1","1","검증완료_v2기준","-37.8","0.0","20254.0","20261.0","20261.0","11.0","89.0","False","검증완료","36.14","20261","78.6","41.7","62.0","27.2","54.5","68.4","84.6","57.8","58.2","","","","","","","","","","","","","False","참고용_가격표본부족","가격표본:참고(5~9건)","2026년 서울 아파트 실거래(취소제외), 면적구간별 중앙값","v2 행정동 통근시간을 KIKmix 가중치로 법정동 환산; GBD 6개·YBD 여의동·CBD 3개 핵심 행정동","기준=통근35+방어30+3040 25+유동성10","대화기록_1조프로젝트_데이터검증_20260829.md","","","","13","91.2","41.7","방어력(실측)","58.2","참고용_가격표본부족","False"
"v4.0_20260902","법정동×면적구간","마포구","현석동","11440112.0","84㎡급(80~90)","12억 초과","11","199200.0","19.92","2322.01791607732","183000","252000","20260127","20260530","충분(10건+)","63.9","23.8","42.5","43.4","53.2","63.9","43.8","63.9","33.2","42.5","1","1","검증완료_v2기준","0.0","","20261.0","20261.0","20261.0","16.0","228.0","True","현재고점_미검증","39.09","20261","87.3","","68.9","30.3","54.5","80.7","93.1","80.6","","","","","","","","","","","","","","False","제외_핵심자료미검증·결측","방어력:현재고점_미검증","2026년 서울 아파트 실거래(취소제외), 면적구간별 중앙값","v2 행정동 통근시간을 KIKmix 가중치로 법정동 환산; GBD 6개·YBD 여의동·CBD 3개 핵심 행정동","기준=통근35+방어30+3040 25+유동성10","대화기록_1조프로젝트_데이터검증_20260829.md","","","","97","32.4","32.4","가성비(대체)","60.5","추천가능_가성비대체","True"
"v4.0_20260902","법정동×면적구간","서대문구","남가좌동","11410120.0","84㎡급(80~90)","12억 초과","126","141750.0","14.18","1668.23524784033","63000","169500","20260105","20260729","충분(10건+)","78.4","49.8","53.2","60.5","65.8","78.4","64.1","78.4","51.5","53.2","2","2","검증완료_v2기준","0.0","","20261.0","20261.0","20261.0","21.0","1872.0","True","현재고점_미검증","26.8","20261","45.4","","40.0","70.1","23.2","40.3","58.2","63.2","","","","","","","","","","","","","","False","제외_핵심자료미검증·결측","방어력:현재고점_미검증","2026년 서울 아파트 실거래(취소제외), 면적구간별 중앙값","v2 행정동 통근시간을 KIKmix 가중치로 법정동 환산; GBD 6개·YBD 여의동·CBD 3개 핵심 행정동","기준=통근35+방어30+3040 25+유동성10","대화기록_1조프로젝트_데이터검증_20260829.md","","","","29","79.6","79.6","가성비(대체)","56.8","추천가능_가성비대체","True"
"v4.0_20260902","법정동×면적구간","서대문구","냉천동","11410105.0","84㎡급(80~90)","12억 초과","9","180800.0","18.08","2127.30909518767","104500","186000","20260209","20260725","참고(5~9건)","62.3","39.3","31.2","44.3","46.8","62.3","50.8","62.3","35.2","39.3","1","1","검증완료_v2기준","-19.3","2.2","20253.0","20254.0","20261.0","13.0","136.0","False","검증완료","28.5","20261","85.2","70.6","44.0","27.2","70.5","66.8","89.1","64.4","64.7","","","","","","","","","","","","","False","참고용_가격표본부족","가격표본:참고(5~9건)","2026년 서울 아파트 실거래(취소제외), 면적구간별 중앙값","v2 행정동 통근시간을 KIKmix 가중치로 법정동 환산; GBD 6개·YBD 여의동·CBD 3개 핵심 행정동","기준=통근35+방어30+3040 25+유동성10","대화기록_1조프로젝트_데이터검증_20260829.md","","","","81","43.7","70.6","방어력(실측)","64.7","참고용_가격표본부족","False"
"v4.0_20260902","법정동×면적구간","서대문구","북아현동","11410110.0","84㎡급(80~90)","12억 초과","45","203500.0","20.35","2395.52678045909","128800","238000","20260105","20260730","충분(10건+)","63.7","36.4","27.2","42.4","45.5","63.7","50.0","63.7","31.8","36.4","2","2","검증완료_v2기준","0.0","","20261.0","20261.0","20261.0","21.0","1162.0","True","현재고점_미검증","27.42","20261","89.7","","41.5","53.0","73.7","68.4","95.6","77.0","","","","","","","","","","","","","","False","제외_핵심자료미검증·결측","방어력:현재고점_미검증","2026년 서울 아파트 실거래(취소제외), 면적구간별 중앙값","v2 행정동 통근시간을 KIKmix 가중치로 법정동 환산; GBD 6개·YBD 여의동·CBD 3개 핵심 행정동","기준=통근35+방어30+3040 25+유동성10","대화기록_1조프로젝트_데이터검증_20260829.md","","","","103","28.2","28.2","가성비(대체)","55.5","추천가능_가성비대체","True"
"v4.0_20260902","법정동×면적구간","서대문구","영천동","11410108.0","84㎡급(80~90)","12억 초과","9","129250.0","12.92","1524.53408822836","116000","144000","20260111","20260723","참고(5~9건)","62.3","39.3","31.2","44.3","46.8","62.3","50.8","62.3","35.2","39.3","1","1","검증완료_v2기준","-1.5","0.0","20254.0","20261.0","20261.0","12.0","115.0","False","검증완료","24.68","20261","85.2","98.3","35.0","27.2","70.5","66.8","89.1","70.4","70.8","","","","","","","","","","","","","False","참고용_가격표본부족","가격표본:참고(5~9건)","2026년 서울 아파트 실거래(취소제외), 면적구간별 중앙값","v2 행정동 통근시간을 KIKmix 가중치로 법정동 환산; GBD 6개·YBD 여의동·CBD 3개 핵심 행정동","기준=통근35+방어30+3040 25+유동성10","대화기록_1조프로젝트_데이터검증_20260829.md","","","","15","90.1","98.3","방어력(실측)","70.8","참고용_가격표본부족","False"
"v4.0_20260902","법정동×면적구간","서대문구","합동","11410103.0","84㎡급(80~90)","12억 초과","1","137000.0","13.7","1612.14403389033","137000","137000","20260425","20260425","경고(5건미만)","62.3","35.1","23.9","40.4","43.1","62.3","48.7","62.3","29.5","35.1","1","1","검증완료_v2기준","","","","","","","","","방어력_자료부족","44.6","20261","94.6","","81.9","0.0","79.6","71.0","100.0","","","","","","","","","","","","","","","False","제외_핵심자료미검증·결측","방어력:방어력_자료부족; 가격표본:경고(5건미만)","2026년 서울 아파트 실거래(취소제외), 면적구간별 중앙값","v2 행정동 통근시간을 KIKmix 가중치로 법정동 환산; GBD 6개·YBD 여의동·CBD 3개 핵심 행정동","기준=통근35+방어30+3040 25+유동성10","대화기록_1조프로젝트_데이터검증_20260829.md","","","","26","82.4","82.4","가성비(대체)","78.3","제외_핵심자료미검증·결측","False"
"v4.0_20260902","법정동×면적구간","서대문구","현저동","11410109.0","84㎡급(80~90)","12억 초과","7","140500.0","14.05","1655.47307646989","133000","154500","20260117","20260712","참고(5~9건)","62.3","39.3","31.2","44.3","46.8","62.3","50.8","62.3","35.2","39.3","1","1","검증완료_v2기준","-38.0","85.0","20212.0","20232.0","20261.0","14.0","255.0","False","검증완료","24.61","20261","85.2","41.4","34.8","23.4","70.5","66.8","89.1","53.1","53.3","","","","","","","","","","","","","False","참고용_가격표본부족","가격표본:참고(5~9건)","2026년 서울 아파트 실거래(취소제외), 면적구간별 중앙값","v2 행정동 통근시간을 KIKmix 가중치로 법정동 환산; GBD 6개·YBD 여의동·CBD 3개 핵심 행정동","기준=통근35+방어30+3040 25+유동성10","대화기록_1조프로젝트_데이터검증_20260829.md","","","","28","81.0","41.4","방어력(실측)","53.3","참고용_가격표본부족","False"
"v4.0_20260902","법정동×면적구간","서초구","내곡동","11650109.0","84㎡급(80~90)","12억 초과","6","189250.0","18.92","2238.18176782853","178000","199000","20260107","20260801","참고(5~9건)","43.3","61.0","64.2","56.2","53.8","64.2","52.2","61.0","62.6","64.2","1","1","검증완료_v2기준","-15.1","0.0","20251.0","20261.0","20261.0","14.0","147.0","False","검증완료","9.8","20261","56.0","77.1","0.0","21.2","53.1","64.1","37.1","43.9","44.8","","","","","","","","","","","","","False","참고용_가격표본부족","가격표본:참고(5~9건)","2026년 서울 아파트 실거래(취소제외), 면적구간별 중앙값","v2 행정동 통근시간을 KIKmix 가중치로 법정동 환산; GBD 6개·YBD 여의동·CBD 3개 핵심 행정동","기준=통근35+방어30+3040 25+유동성10","대화기록_1조프로젝트_데이터검증_20260829.md","","","","89","38.0","77.1","방어력(실측)","44.8","참고용_가격표본부족","False"
"v4.0_20260902","법정동×면적구간","서초구","방배동","11650101.0","84㎡급(80~90)","12억 초과","69","232000.0","23.2","2729.73290975409","60000","393000","20260106","20260723","충분(10건+)","37.7","44.1","50.7","44.2","44.2","50.7","40.9","44.1","47.4","50.7","6","6","검증완료_v2기준","0.0","","20261.0","20261.0","20261.0","21.0","1783.0","True","현재고점_미검증","32.76","20261","85.4","","54.0","60.1","76.9","86.6","66.0","79.5","","","","","","","","","","","","","","False","제외_핵심자료미검증·결측","방어력:현재고점_미검증","2026년 서울 아파트 실거래(취소제외), 면적구간별 중앙값","v2 행정동 통근시간을 KIKmix 가중치로 법정동 환산; GBD 6개·YBD 여의동·CBD 3개 핵심 행정동","기준=통근35+방어30+3040 25+유동성10","대화기록_1조프로젝트_데이터검증_20260829.md","","","","118","17.6","17.6","가성비(대체)","54.7","추천가능_가성비대체","True"
"v4.0_20260902","법정동×면적구간","서초구","신원동","11650111.0","84㎡급(80~90)","12억 초과","7","200000.0","20.0","2354.32607416127","198000","210000","20260117","20260807","참고(5~9건)","43.3","61.0","64.2","56.2","53.8","64.2","52.2","61.0","62.6","64.2","1","1","검증완료_v2기준","-12.4","54.5","20252.0","20253.0","20261.0","12.0","105.0","False","검증완료","29.64","20261","56.0","81.3","46.7","23.4","53.1","64.1","37.1","57.0","58.0","","","","","","","","","","","","","False","참고용_가격표본부족","가격표본:참고(5~9건)","2026년 서울 아파트 실거래(취소제외), 면적구간별 중앙값","v2 행정동 통근시간을 KIKmix 가중치로 법정동 환산; GBD 6개·YBD 여의동·CBD 3개 핵심 행정동","기준=통근35+방어30+3040 25+유동성10","대화기록_1조프로젝트_데이터검증_20260829.md","","","","99","30.6","81.3","방어력(실측)","58.0","참고용_가격표본부족","False"
"v4.0_20260902","법정동×면적구간","서초구","우면동","11650103.0","84㎡급(80~90)","12억 초과","21","191000.0","19.1","2247.85218312346","130000","220000","20260204","20260801","충분(10건+)","29.4","56.8","58.9","48.4","44.2","58.9","43.1","56.8","57.8","58.9","1","1","검증완료_v2기준","0.0","","20261.0","20261.0","20261.0","20.0","598.0","True","현재고점_미검증","29.75","20261","75.1","","46.9","40.5","77.0","82.2","46.1","70.6","","","","","","","","","","","","","","False","제외_핵심자료미검증·결측","방어력:현재고점_미검증","2026년 서울 아파트 실거래(취소제외), 면적구간별 중앙값","v2 행정동 통근시간을 KIKmix 가중치로 법정동 환산; GBD 6개·YBD 여의동·CBD 3개 핵심 행정동","기준=통근35+방어30+3040 25+유동성10","대화기록_1조프로젝트_데이터검증_20260829.md","","","","90","37.3","37.3","가성비(대체)","53.2","추천가능_가성비대체","True"
"v4.0_20260902","법정동×면적구간","성동구","금호동1가","11200109.0","84㎡급(80~90)","12억 초과","35","180000.0","18.0","2122.14100448008","77000","255000","20260108","20260712","충분(10건+)","42.7","48.4","38.9","43.3","40.8","42.7","45.6","48.4","43.6","48.4","1","1","검증완료_v2기준","0.0","","20261.0","20261.0","20261.0","19.0","645.0","True","현재고점_미검증","26.87","20261","87.5","","40.2","48.8","85.3","77.3","73.1","74.9","","","","","","","","","","","","","","False","제외_핵심자료미검증·결측","방어력:현재고점_미검증","2026년 서울 아파트 실거래(취소제외), 면적구간별 중앙값","v2 행정동 통근시간을 KIKmix 가중치로 법정동 환산; GBD 6개·YBD 여의동·CBD 3개 핵심 행정동","기준=통근35+방어30+3040 25+유동성10","대화기록_1조프로젝트_데이터검증_20260829.md","","","","77","45.4","45.4","가성비(대체)","59.2","추천가능_가성비대체","True"
"v4.0_20260902","법정동×면적구간","성동구","금호동2가","11200110.0","84㎡급(80~90)","12억 초과","9","204000.0","20.4","2400.5648387856","187000","220000","20260314","20260716","참고(5~9건)","41.9","47.9","37.1","42.3","39.5","41.9","44.9","47.9","42.5","47.9","1","1","검증완료_v2기준","0.0","","20261.0","20261.0","20261.0","19.0","547.0","True","현재고점_미검증","27.69","20261","90.0","","42.1","27.2","88.5","78.6","75.3","74.4","","","","","","","","","","","","","","False","제외_핵심자료미검증·결측","방어력:현재고점_미검증; 가격표본:참고(5~9건)","2026년 서울 아파트 실거래(취소제외), 면적구간별 중앙값","v2 행정동 통근시간을 KIKmix 가중치로 법정동 환산; GBD 6개·YBD 여의동·CBD 3개 핵심 행정동","기준=통근35+방어30+3040 25+유동성10","대화기록_1조프로젝트_데이터검증_20260829.md","","","","104","27.5","27.5","가성비(대체)","53.0","제외_핵심자료미검증·결측","False"
"v4.0_20260902","법정동×면적구간","성동구","금호동3가","11200111.0","84㎡급(80~90)","12억 초과","6","169250.0","16.92","1997.11709215646","150000","187000","20260319","20260613","참고(5~9건)","41.9","47.9","37.1","42.3","39.5","41.9","44.9","47.9","42.5","47.9","1","1","검증완료_v2기준","0.0","","20261.0","20261.0","20261.0","18.0","423.0","True","현재고점_미검증","26.72","20261","90.0","","39.8","21.2","88.5","78.6","75.3","73.2","","","","","","","","","","","","","","False","제외_핵심자료미검증·결측","방어력:현재고점_미검증; 가격표본:참고(5~9건)","2026년 서울 아파트 실거래(취소제외), 면적구간별 중앙값","v2 행정동 통근시간을 KIKmix 가중치로 법정동 환산; GBD 6개·YBD 여의동·CBD 3개 핵심 행정동","기준=통근35+방어30+3040 25+유동성10","대화기록_1조프로젝트_데이터검증_20260829.md","","","","70","51.1","51.1","가성비(대체)","58.9","제외_핵심자료미검증·결측","False"
"v4.0_20260902","법정동×면적구간","성동구","금호동4가","11200112.0","84㎡급(80~90)","12억 초과","22","191400.0","19.14","2257.74762557664","150000","245000","20260117","20260720","충분(10건+)","39.2","47.8","36.8","41.3","38.0","39.2","43.5","47.8","42.3","47.8","1","1","검증완료_v2기준","0.0","","20261.0","20261.0","20261.0","19.0","721.0","True","현재고점_미검증","31.57","20261","92.6","","51.2","41.3","92.2","81.4","75.7","78.7","","","","","","","","","","","","","","False","제외_핵심자료미검증·결측","방어력:현재고점_미검증","2026년 서울 아파트 실거래(취소제외), 면적구간별 중앙값","v2 행정동 통근시간을 KIKmix 가중치로 법정동 환산; GBD 6개·YBD 여의동·CBD 3개 핵심 행정동","기준=통근35+방어30+3040 25+유동성10","대화기록_1조프로젝트_데이터검증_20260829.md","","","","91","36.6","36.6","가성비(대체)","60.3","추천가능_가성비대체","True"
"v4.0_20260902","법정동×면적구간","성동구","마장동","11200105.0","84㎡급(80~90)","12억 초과","29","144500.0","14.45","1701.80190790249","97000","166000","20260114","20260724","충분(10건+)","45.8","56.1","41.8","47.9","43.8","45.8","51.0","56.1","49.0","56.1","1","1","검증완료_v2기준","0.0","","20261.0","20261.0","20261.0","20.0","644.0","True","현재고점_미검증","25.13","20261","76.3","","36.1","45.8","77.8","66.5","63.0","69.7","","","","","","","","","","","","","","False","제외_핵심자료미검증·결측","방어력:현재고점_미검증","2026년 서울 아파트 실거래(취소제외), 면적구간별 중앙값","v2 행정동 통근시간을 KIKmix 가중치로 법정동 환산; GBD 6개·YBD 여의동·CBD 3개 핵심 행정동","기준=통근35+방어30+3040 25+유동성10","대화기록_1조프로젝트_데이터검증_20260829.md","","","","35","76.1","76.1","가성비(대체)","63.1","추천가능_가성비대체","True"
"v4.0_20260902","법정동×면적구간","성동구","상왕십리동","11200101.0","84㎡급(80~90)","12억 초과","5","209000.0","20.9","2460.85011185682","200000","230000","20260221","20260718","참고(5~9건)","45.5","54.7","33.9","44.7","39.7","45.5","50.1","54.7","44.3","54.7","1","1","검증완료_v2기준","0.0","","20254.0","20254.0","20254.0","12.0","153.0","True","현재고점_미검증","36.18","20261","84.1","","62.1","18.6","88.0","68.2","71.9","76.7","","","","","","","","","","","","","","False","제외_핵심자료미검증·결측","방어력:현재고점_미검증; 가격표본:참고(5~9건)","2026년 서울 아파트 실거래(취소제외), 면적구간별 중앙값","v2 행정동 통근시간을 KIKmix 가중치로 법정동 환산; GBD 6개·YBD 여의동·CBD 3개 핵심 행정동","기준=통근35+방어30+3040 25+유동성10","대화기록_1조프로젝트_데이터검증_20260829.md","","","","108","24.6","24.6","가성비(대체)","54.2","제외_핵심자료미검증·결측","False"
"v4.0_20260902","법정동×면적구간","성동구","응봉동","11200108.0","84㎡급(80~90)","12억 초과","21","162000.0","16.2","1916.4793564415","119000","200000","20260117","20260716","충분(10건+)","43.3","54.0","40.5","45.9","41.9","43.3","48.6","54.0","47.2","54.0","1","1","검증완료_v2기준","0.0","","20261.0","20261.0","20261.0","19.0","690.0","True","현재고점_미검증","25.57","20261","81.1","","37.1","40.5","82.6","71.1","66.3","71.2","","","","","","","","","","","","","","False","제외_핵심자료미검증·결측","방어력:현재고점_미검증","2026년 서울 아파트 실거래(취소제외), 면적구간별 중앙값","v2 행정동 통근시간을 KIKmix 가중치로 법정동 환산; GBD 6개·YBD 여의동·CBD 3개 핵심 행정동","기준=통근35+방어30+3040 25+유동성10","대화기록_1조프로젝트_데이터검증_20260829.md","","","","56","61.3","61.3","가성비(대체)","60.1","추천가능_가성비대체","True"
"v4.0_20260902","법정동×면적구간","성동구","하왕십리동","11200102.0","84㎡급(80~90)","12억 초과","65","160000.0","16.0","1884.63667738554","113000","248000","20260103","20260812","충분(10건+)","47.8","54.8","35.5","46.0","41.6","47.8","51.3","54.8","45.2","54.8","2","2","검증완료_v2기준","0.0","","20261.0","20261.0","20261.0","21.0","1736.0","True","현재고점_미검증","29.15","20261","80.9","","45.5","59.1","83.2","65.8","70.2","75.5","","","","","","","","","","","","","","False","제외_핵심자료미검증·결측","방어력:현재고점_미검증","2026년 서울 아파트 실거래(취소제외), 면적구간별 중앙값","v2 행정동 통근시간을 KIKmix 가중치로 법정동 환산; GBD 6개·YBD 여의동·CBD 3개 핵심 행정동","기준=통근35+방어30+3040 25+유동성10","대화기록_1조프로젝트_데이터검증_20260829.md","","","","54","62.7","62.7","가성비(대체)","64.4","추천가능_가성비대체","True"
"v4.0_20260902","법정동×면적구간","성북구","길음동","11290134.0","84㎡급(80~90)","12억 초과","177","124500.0","12.45","1467.39899108953","70000","200000","20260102","20260808","충분(10건+)","69.2","66.1","45.1","60.1","57.1","69.2","67.6","69.2","55.6","66.1","3","3","검증완료_v2기준","0.0","","20261.0","20261.0","20261.0","21.0","2850.0","True","현재고점_미검증","27.66","20261","46.3","","42.0","75.8","44.7","33.3","50.4","63.9","","","","","","","","","","","","","","False","제외_핵심자료미검증·결측","방어력:현재고점_미검증","2026년 서울 아파트 실거래(취소제외), 면적구간별 중앙값","v2 행정동 통근시간을 KIKmix 가중치로 법정동 환산; GBD 6개·YBD 여의동·CBD 3개 핵심 행정동","기준=통근35+방어30+3040 25+유동성10","대화기록_1조프로젝트_데이터검증_20260829.md","","","","5","96.8","96.8","가성비(대체)","63.3","추천가능_가성비대체","True"
"v4.0_20260902","법정동×면적구간","성북구","삼선동3가","11290113.0","84㎡급(80~90)","12억 초과","5","127000.0","12.7","1494.99705709241","61000","136000","20260101","20260424","참고(5~9건)","58.0","58.9","36.5","51.1","47.2","58.0","58.4","58.9","47.7","58.9","1","1","검증완료_v2기준","","","","","","","","","방어력_자료부족","28.17","20261","68.3","","43.2","18.6","69.3","51.6","65.4","","","","","","","","","","","","","","","False","제외_핵심자료미검증·결측","방어력:방어력_자료부족; 가격표본:참고(5~9건)","2026년 서울 아파트 실거래(취소제외), 면적구간별 중앙값","v2 행정동 통근시간을 KIKmix 가중치로 법정동 환산; GBD 6개·YBD 여의동·CBD 3개 핵심 행정동","기준=통근35+방어30+3040 25+유동성10","대화기록_1조프로젝트_데이터검증_20260829.md","","","","11","93.0","93.0","가성비(대체)","64.5","제외_핵심자료미검증·결측","False"
"v4.0_20260902","법정동×면적구간","성북구","장위동","11290138.0","84㎡급(80~90)","12억 초과","108","125000.0","12.5","1473.36162187647","56000","165000","20260102","20260807","충분(10건+)","73.0","69.8","57.0","66.6","65.0","73.0","71.4","73.0","63.4","69.8","3","3","검증완료_v2기준","0.0","","20261.0","20261.0","20261.0","21.0","1207.0","True","현재고점_미검증","25.78","20261","30.4","","37.6","67.5","25.3","25.8","35.6","56.8","","","","","","","","","","","","","","False","제외_핵심자료미검증·결측","방어력:현재고점_미검증","2026년 서울 아파트 실거래(취소제외), 면적구간별 중앙값","v2 행정동 통근시간을 KIKmix 가중치로 법정동 환산; GBD 6개·YBD 여의동·CBD 3개 핵심 행정동","기준=통근35+방어30+3040 25+유동성10","대화기록_1조프로젝트_데이터검증_20260829.md","","","","8","95.1","95.1","가성비(대체)","55.3","추천가능_가성비대체","True"
"v4.0_20260902","법정동×면적구간","송파구","거여동","11710113.0","84㎡급(80~90)","12억 초과","68","133250.0","13.32","1581.55220111101","66100","223000","20260103","20260818","충분(10건+)","56.7","77.2","71.7","68.5","64.2","71.7","66.9","77.2","74.4","77.2","3","3","검증완료_v2기준","0.0","","20261.0","20261.0","20261.0","20.0","1104.0","True","현재고점_미검증","27.04","20261","25.6","","40.6","59.8","27.2","34.6","14.6","54.9","","","","","","","","","","","","","","False","제외_핵심자료미검증·결측","방어력:현재고점_미검증","2026년 서울 아파트 실거래(취소제외), 면적구간별 중앙값","v2 행정동 통근시간을 KIKmix 가중치로 법정동 환산; GBD 6개·YBD 여의동·CBD 3개 핵심 행정동","기준=통근35+방어30+3040 25+유동성10","대화기록_1조프로젝트_데이터검증_20260829.md","","","","23","84.5","84.5","가성비(대체)","50.4","추천가능_가성비대체","True"
"v4.0_20260902","법정동×면적구간","송파구","문정동","11710108.0","84㎡급(80~90)","12억 초과","93","188500.0","18.85","2219.37033461276","56500","278000","20260103","20260812","충분(10건+)","50.6","71.0","71.6","64.4","61.1","71.6","60.8","71.0","71.3","71.6","3","3","검증완료_v2기준","0.0","","20261.0","20261.0","20261.0","21.0","1580.0","True","현재고점_미검증","37.8","20261","35.8","","65.9","65.0","35.0","46.9","20.5","65.5","","","","","","","","","","","","","","False","제외_핵심자료미검증·결측","방어력:현재고점_미검증","2026년 서울 아파트 실거래(취소제외), 면적구간별 중앙값","v2 행정동 통근시간을 KIKmix 가중치로 법정동 환산; GBD 6개·YBD 여의동·CBD 3개 핵심 행정동","기준=통근35+방어30+3040 25+유동성10","대화기록_1조프로젝트_데이터검증_20260829.md","","","","87","39.4","39.4","가성비(대체)","47.3","추천가능_가성비대체","True"
"v4.0_20260902","법정동×면적구간","송파구","삼전동","11710106.0","84㎡급(80~90)","12억 초과","8","144000.0","14.4","1795.77400385927","135000","150000","20260123","20260805","참고(5~9건)","34.9","60.6","65.9","53.8","50.4","65.9","47.8","60.6","63.2","65.9","1","1","검증완료_v2기준","","","","","","","","","방어력_자료부족","37.52","20261","61.8","","65.2","25.4","61.5","72.9","35.8","","","","","","","","","","","","","","","False","제외_핵심자료미검증·결측","방어력:방어력_자료부족; 가격표본:참고(5~9건)","2026년 서울 아파트 실거래(취소제외), 면적구간별 중앙값","v2 행정동 통근시간을 KIKmix 가중치로 법정동 환산; GBD 6개·YBD 여의동·CBD 3개 핵심 행정동","기준=통근35+방어30+3040 25+유동성10","대화기록_1조프로젝트_데이터검증_20260829.md","","","","33","77.1","77.1","가성비(대체)","63.6","제외_핵심자료미검증·결측","False"
"v4.0_20260902","법정동×면적구간","송파구","석촌동","11710105.0","84㎡급(80~90)","12억 초과","5","189000.0","18.9","2226.93531283139","170000","202000","20260117","20260508","참고(5~9건)","37.7","58.3","62.9","53.0","50.3","62.9","48.0","58.3","60.6","62.9","1","1","검증완료_v2기준","-19.0","0.0","20254.0","20261.0","20261.0","18.0","169.0","False","검증완료","37.46","20261","63.8","71.0","65.1","18.6","61.7","72.4","40.9","61.2","61.8","","","","","","","","","","","","","False","참고용_가격표본부족","가격표본:참고(5~9건)","2026년 서울 아파트 실거래(취소제외), 면적구간별 중앙값","v2 행정동 통근시간을 KIKmix 가중치로 법정동 환산; GBD 6개·YBD 여의동·CBD 3개 핵심 행정동","기준=통근35+방어30+3040 25+유동성10","대화기록_1조프로젝트_데이터검증_20260829.md","","","","88","38.7","71.0","방어력(실측)","61.8","참고용_가격표본부족","False"
"v4.0_20260902","법정동×면적구간","송파구","신천동","11710102.0","84㎡급(80~90)","12억 초과","119","296000.0","29.6","3490.97770963557","137000","460000","20260107","20260811","충분(10건+)","43.0","68.4","55.6","55.6","49.2","55.6","55.6","68.4","62.0","68.4","2","2","검증완료_v2기준","0.0","","20261.0","20261.0","20261.0","21.0","1666.0","True","현재고점_미검증","34.02","20261","57.3","","57.0","69.2","64.3","57.2","38.3","70.8","","","","","","","","","","","","","","False","제외_핵심자료미검증·결측","방어력:현재고점_미검증","2026년 서울 아파트 실거래(취소제외), 면적구간별 중앙값","v2 행정동 통근시간을 KIKmix 가중치로 법정동 환산; GBD 6개·YBD 여의동·CBD 3개 핵심 행정동","기준=통근35+방어30+3040 25+유동성10","대화기록_1조프로젝트_데이터검증_20260829.md","","","","134","6.3","6.3","가성비(대체)","43.1","추천가능_가성비대체","True"
"v4.0_20260902","법정동×면적구간","송파구","장지동","11710109.0","84㎡급(80~90)","12억 초과","46","183000.0","18.3","2154.46197315752","135000","220000","20260103","20260813","충분(10건+)","53.7","73.9","73.5","67.0","63.6","73.5","63.8","73.9","73.7","73.9","3","3","검증완료_v2기준","0.0","","20261.0","20261.0","20261.0","21.0","1275.0","True","현재고점_미검증","35.67","20261","29.4","","60.9","53.3","28.7","40.9","16.0","60.9","","","","","","","","","","","","","","False","제외_핵심자료미검증·결측","방어력:현재고점_미검증","2026년 서울 아파트 실거래(취소제외), 면적구간별 중앙값","v2 행정동 통근시간을 KIKmix 가중치로 법정동 환산; GBD 6개·YBD 여의동·CBD 3개 핵심 행정동","기준=통근35+방어30+3040 25+유동성10","대화기록_1조프로젝트_데이터검증_20260829.md","","","","82","43.0","43.0","가성비(대체)","43.7","추천가능_가성비대체","True"
"v4.0_20260902","법정동×면적구간","송파구","풍납동","11710103.0","84㎡급(80~90)","12억 초과","68","149500.0","14.95","1766.57725708453","81000","250000","20260103","20260726","충분(10건+)","50.5","74.6","58.6","61.2","54.6","58.6","62.5","74.6","66.6","74.6","2","2","검증완료_v2기준","0.0","","20261.0","20261.0","20261.0","21.0","933.0","True","현재고점_미검증","25.92","20261","43.5","","37.9","59.8","51.1","43.4","29.5","60.6","","","","","","","","","","","","","","False","제외_핵심자료미검증·결측","방어력:현재고점_미검증","2026년 서울 아파트 실거래(취소제외), 면적구간별 중앙값","v2 행정동 통근시간을 KIKmix 가중치로 법정동 환산; GBD 6개·YBD 여의동·CBD 3개 핵심 행정동","기준=통근35+방어30+3040 25+유동성10","대화기록_1조프로젝트_데이터검증_20260829.md","","","","38","73.9","73.9","가성비(대체)","52.9","추천가능_가성비대체","True"
"v4.0_20260902","법정동×면적구간","영등포구","당산동1가","11560111.0","84㎡급(80~90)","12억 초과","4","135000.0","13.5","1590.66808059385","122000","153000","20260126","20260416","경고(5건미만)","58.7","27.2","43.0","43.0","50.8","58.7","43.0","58.7","35.1","43.0","1","1","검증완료_v2기준","-7.0","0.0","20254.0","20261.0","20261.0","9.0","98.0","False","검증완료","35.65","20261","88.4","89.7","60.8","15.5","60.3","82.5","89.4","74.1","74.6","","","","","","","","","","","","","False","참고용_가격표본부족","가격표본:경고(5건미만)","2026년 서울 아파트 실거래(취소제외), 면적구간별 중앙값","v2 행정동 통근시간을 KIKmix 가중치로 법정동 환산; GBD 6개·YBD 여의동·CBD 3개 핵심 행정동","기준=통근35+방어30+3040 25+유동성10","대화기록_1조프로젝트_데이터검증_20260829.md","","","","24","83.8","89.7","방어력(실측)","74.6","참고용_가격표본부족","False"
"v4.0_20260902","법정동×면적구간","영등포구","당산동3가","11560113.0","84㎡급(80~90)","12억 초과","13","133000.0","13.3","1565.35043841582","109500","166000","20260103","20260803","충분(10건+)","58.7","27.2","43.0","43.0","50.8","58.7","43.0","58.7","35.1","43.0","1","1","검증완료_v2기준","0.0","","20261.0","20261.0","20261.0","15.0","326.0","True","현재고점_미검증","37.54","20261","88.4","","65.3","32.9","60.3","82.5","89.4","80.2","","","","","","","","","","","","","","False","제외_핵심자료미검증·결측","방어력:현재고점_미검증","2026년 서울 아파트 실거래(취소제외), 면적구간별 중앙값","v2 행정동 통근시간을 KIKmix 가중치로 법정동 환산; GBD 6개·YBD 여의동·CBD 3개 핵심 행정동","기준=통근35+방어30+3040 25+유동성10","대화기록_1조프로젝트_데이터검증_20260829.md","","","","21","85.6","85.6","가성비(대체)","76.2","추천가능_가성비대체","True"
"v4.0_20260902","법정동×면적구간","영등포구","당산동4가","11560114.0","84㎡급(80~90)","12억 초과","47","159000.0","15.9","1887.24035608309","119000","199000","20260107","20260728","충분(10건+)","53.7","24.5","42.7","40.3","48.2","53.7","39.1","53.7","33.6","42.7","1","1","검증완료_v2기준","0.0","","20261.0","20261.0","20261.0","19.0","690.0","True","현재고점_미검증","38.7","20261","94.9","","68.0","53.7","66.9","90.2","92.2","85.6","","","","","","","","","","","","","","False","제외_핵심자료미검증·결측","방어력:현재고점_미검증","2026년 서울 아파트 실거래(취소제외), 면적구간별 중앙값","v2 행정동 통근시간을 KIKmix 가중치로 법정동 환산; GBD 6개·YBD 여의동·CBD 3개 핵심 행정동","기준=통근35+방어30+3040 25+유동성10","대화기록_1조프로젝트_데이터검증_20260829.md","","","","52","64.1","64.1","가성비(대체)","74.8","추천가능_가성비대체","True"
"v4.0_20260902","법정동×면적구간","영등포구","문래동3가","11560121.0","84㎡급(80~90)","12억 초과","29","179000.0","17.9","2106.37797128736","104000","195000","20260107","20260811","충분(10건+)","61.5","31.5","46.9","46.6","54.2","61.5","46.5","61.5","39.2","46.9","1","1","검증완료_v2기준","0.0","","20261.0","20261.0","20261.0","17.0","384.0","True","현재고점_미검증","33.68","20261","79.4","","56.2","45.8","52.0","75.4","81.6","76.0","","","","","","","","","","","","","","False","제외_핵심자료미검증·결측","방어력:현재고점_미검증","2026년 서울 아파트 실거래(취소제외), 면적구간별 중앙값","v2 행정동 통근시간을 KIKmix 가중치로 법정동 환산; GBD 6개·YBD 여의동·CBD 3개 핵심 행정동","기준=통근35+방어30+3040 25+유동성10","대화기록_1조프로젝트_데이터검증_20260829.md","","","","75","47.5","47.5","가성비(대체)","60.7","추천가능_가성비대체","True"
"v4.0_20260902","법정동×면적구간","영등포구","문래동4가","11560122.0","84㎡급(80~90)","12억 초과","6","123500.0","12.35","1453.15436785","113000","127000","20260213","20260725","참고(5~9건)","61.5","31.5","46.9","46.6","54.2","61.5","46.5","61.5","39.2","46.9","1","1","검증완료_v2기준","","","","","","","","","방어력_자료부족","37.76","20261","79.4","","65.8","21.2","52.0","75.4","81.6","","","","","","","","","","","","","","","False","제외_핵심자료미검증·결측","방어력:방어력_자료부족; 가격표본:참고(5~9건)","2026년 서울 아파트 실거래(취소제외), 면적구간별 중앙값","v2 행정동 통근시간을 KIKmix 가중치로 법정동 환산; GBD 6개·YBD 여의동·CBD 3개 핵심 행정동","기준=통근35+방어30+3040 25+유동성10","대화기록_1조프로젝트_데이터검증_20260829.md","","","","3","98.6","98.6","가성비(대체)","75.9","제외_핵심자료미검증·결측","False"
"v4.0_20260902","법정동×면적구간","영등포구","신길동","11560132.0","84㎡급(80~90)","12억 초과","183","136000.0","13.6","1621.65349687463","68000","205000","20260103","20260811","충분(10건+)","55.7","28.8","53.0","45.8","54.4","55.7","42.3","55.7","40.9","53.0","7","7","검증완료_v2기준","0.0","","20261.0","20261.0","20261.0","21.0","2855.0","True","현재고점_미검증","28.76","20261","81.3","","44.6","76.4","51.6","83.9","78.3","77.5","","","","","","","","","","","","","","False","제외_핵심자료미검증·결측","방어력:현재고점_미검증","2026년 서울 아파트 실거래(취소제외), 면적구간별 중앙값","v2 행정동 통근시간을 KIKmix 가중치로 법정동 환산; GBD 6개·YBD 여의동·CBD 3개 핵심 행정동","기준=통근35+방어30+3040 25+유동성10","대화기록_1조프로젝트_데이터검증_20260829.md","","","","25","83.1","83.1","가성비(대체)","72.2","추천가능_가성비대체","True"
"v4.0_20260902","법정동×면적구간","영등포구","양평동1가","11560125.0","84㎡급(80~90)","12억 초과","9","160500.0","16.05","1889.34667451442","84000","214000","20260109","20260529","참고(5~9건)","64.1","30.6","47.8","47.5","56.0","64.1","47.3","64.1","39.2","47.8","1","1","검증완료_v2기준","-1.7","0.0","20254.0","20261.0","20261.0","10.0","172.0","False","검증완료","38.03","20261","77.3","98.0","66.4","27.2","47.7","73.7","81.6","75.1","75.8","","","","","","","","","","","","","False","참고용_가격표본부족","가격표본:참고(5~9건)","2026년 서울 아파트 실거래(취소제외), 면적구간별 중앙값","v2 행정동 통근시간을 KIKmix 가중치로 법정동 환산; GBD 6개·YBD 여의동·CBD 3개 핵심 행정동","기준=통근35+방어30+3040 25+유동성10","대화기록_1조프로젝트_데이터검증_20260829.md","","","","55","62.0","98.0","방어력(실측)","75.8","참고용_가격표본부족","False"
"v4.0_20260902","법정동×면적구간","영등포구","양평동3가","11560127.0","84㎡급(80~90)","12억 초과","54","130750.0","13.08","1545.05257679982","81000","157000","20260106","20260811","충분(10건+)","60.9","29.2","47.2","45.8","54.0","60.9","45.0","60.9","38.2","47.2","2","2","검증완료_v2기준","0.0","","20261.0","20261.0","20261.0","18.0","496.0","True","현재고점_미검증","39.21","20261","81.5","","69.2","56.0","52.4","78.3","83.5","81.1","","","","","","","","","","","","","","False","제외_핵심자료미검증·결측","방어력:현재고점_미검증","2026년 서울 아파트 실거래(취소제외), 면적구간별 중앙값","v2 행정동 통근시간을 KIKmix 가중치로 법정동 환산; GBD 6개·YBD 여의동·CBD 3개 핵심 행정동","기준=통근35+방어30+3040 25+유동성10","대화기록_1조프로젝트_데이터검증_20260829.md","","","","18","87.7","87.7","가성비(대체)","77.7","추천가능_가성비대체","True"
"v4.0_20260902","법정동×면적구간","영등포구","양평동4가","11560128.0","84㎡급(80~90)","12억 초과","10","129600.0","12.96","1530.82919914954","52000","138200","20260205","20260803","충분(10건+)","57.7","27.8","46.6","44.0","52.2","57.7","42.8","57.7","37.2","46.6","1","1","검증완료_v2기준","0.0","","20261.0","20261.0","20261.0","10.0","115.0","True","현재고점_미검증","42.31","20261","85.8","","76.5","28.8","57.1","82.9","85.4","81.8","","","","","","","","","","","","","","False","제외_핵심자료미검증·결측","방어력:현재고점_미검증","2026년 서울 아파트 실거래(취소제외), 면적구간별 중앙값","v2 행정동 통근시간을 KIKmix 가중치로 법정동 환산; GBD 6개·YBD 여의동·CBD 3개 핵심 행정동","기준=통근35+방어30+3040 25+유동성10","대화기록_1조프로젝트_데이터검증_20260829.md","","","","17","88.7","88.7","가성비(대체)","78.6","추천가능_가성비대체","True"
"v4.0_20260902","법정동×면적구간","영등포구","양평동5가","11560129.0","84㎡급(80~90)","12억 초과","16","148250.0","14.82","1746.7892070225","119500","164500","20260108","20260807","충분(10건+)","57.7","27.8","46.6","44.0","52.2","57.7","42.8","57.7","37.2","46.6","1","1","검증완료_v2기준","0.0","","20261.0","20261.0","20261.0","17.0","258.0","True","현재고점_미검증","41.68","20261","85.8","","75.0","36.2","57.1","82.9","85.4","82.2","","","","","","","","","","","","","","False","제외_핵심자료미검증·결측","방어력:현재고점_미검증","2026년 서울 아파트 실거래(취소제외), 면적구간별 중앙값","v2 행정동 통근시간을 KIKmix 가중치로 법정동 환산; GBD 6개·YBD 여의동·CBD 3개 핵심 행정동","기준=통근35+방어30+3040 25+유동성10","대화기록_1조프로젝트_데이터검증_20260829.md","","","","37","74.6","74.6","가성비(대체)","74.8","추천가능_가성비대체","True"
"v4.0_20260902","법정동×면적구간","영등포구","여의도동","11560110.0","84㎡급(80~90)","12억 초과","6","306500.0","30.65","3421.0432675785","295000","430000","20260110","20260801","참고(5~9건)","57.9","16.6","48.9","41.1","53.4","57.9","37.2","57.9","32.8","48.9","1","1","검증완료_v2기준","0.0","","20261.0","20261.0","20261.0","21.0","1157.0","True","현재고점_미검증","36.69","20261","92.9","","63.3","21.2","54.0","93.9","93.8","80.4","","","","","","","","","","","","","","False","제외_핵심자료미검증·결측","방어력:현재고점_미검증; 가격표본:참고(5~9건)","2026년 서울 아파트 실거래(취소제외), 면적구간별 중앙값","v2 행정동 통근시간을 KIKmix 가중치로 법정동 환산; GBD 6개·YBD 여의동·CBD 3개 핵심 행정동","기준=통근35+방어30+3040 25+유동성10","대화기록_1조프로젝트_데이터검증_20260829.md","","","","136","4.9","4.9","가성비(대체)","51.9","제외_핵심자료미검증·결측","False"
"v4.0_20260902","법정동×면적구간","영등포구","영등포동","11560101.0","84㎡급(80~90)","12억 초과","5","150000.0","15.0","1766.61798652659","86500","160000","20260108","20260730","참고(5~9건)","58.2","25.0","45.0","42.7","51.6","58.2","41.6","58.2","35.0","45.0","2","2","검증완료_v2기준","0.0","","20261.0","20261.0","20261.0","18.0","442.0","True","현재고점_미검증","27.71","20261","89.0","","42.1","18.6","58.5","85.2","89.5","73.6","","","","","","","","","","","","","","False","제외_핵심자료미검증·결측","방어력:현재고점_미검증; 가격표본:참고(5~9건)","2026년 서울 아파트 실거래(취소제외), 면적구간별 중앙값","v2 행정동 통근시간을 KIKmix 가중치로 법정동 환산; GBD 6개·YBD 여의동·CBD 3개 핵심 행정동","기준=통근35+방어30+3040 25+유동성10","대화기록_1조프로젝트_데이터검증_20260829.md","","","","40","72.5","72.5","가성비(대체)","65.3","제외_핵심자료미검증·결측","False"
"v4.0_20260902","법정동×면적구간","영등포구","영등포동8가","11560109.0","84㎡급(80~90)","12억 초과","3","158500.0","15.85","1867.56215388241","152000","159500","20260119","20260424","경고(5건미만)","58.9","23.1","43.7","41.9","51.3","58.9","41.0","58.9","33.4","43.7","1","1","검증완료_v2기준","-6.2","34.7","20253.0","20254.0","20261.0","15.0","204.0","False","검증완료","50.21","20261","91.0","91.0","95.1","11.7","59.2","86.4","92.6","83.8","84.1","","","","","","","","","","","","","False","참고용_가격표본부족","가격표본:경고(5건미만)","2026년 서울 아파트 실거래(취소제외), 면적구간별 중앙값","v2 행정동 통근시간을 KIKmix 가중치로 법정동 환산; GBD 6개·YBD 여의동·CBD 3개 핵심 행정동","기준=통근35+방어30+3040 25+유동성10","대화기록_1조프로젝트_데이터검증_20260829.md","","","","51","64.8","91.0","방어력(실측)","84.1","참고용_가격표본부족","False"
"v4.0_20260902","법정동×면적구간","용산구","도원동","11170120.0","84㎡급(80~90)","12억 초과","16","180000.0","18.0","2125.39851222104","164000","189000","20260101","20260702","충분(10건+)","56.3","30.2","38.7","41.7","47.5","56.3","43.2","56.3","34.4","38.7","1","1","검증완료_v2기준","0.0","","20261.0","20261.0","20261.0","15.0","171.0","True","현재고점_미검증","33.96","20261","91.4","","56.8","36.2","68.7","81.9","90.6","80.2","","","","","","","","","","","","","","False","제외_핵심자료미검증·결측","방어력:현재고점_미검증","2026년 서울 아파트 실거래(취소제외), 면적구간별 중앙값","v2 행정동 통근시간을 KIKmix 가중치로 법정동 환산; GBD 6개·YBD 여의동·CBD 3개 핵심 행정동","기준=통근35+방어30+3040 25+유동성10","대화기록_1조프로젝트_데이터검증_20260829.md","","","","77","45.4","45.4","가성비(대체)","63.4","추천가능_가성비대체","True"
"v4.0_20260902","법정동×면적구간","용산구","보광동","11170136.0","84㎡급(80~90)","12억 초과","12","417000.0","41.7","4909.92582126457","230000","460000","20260108","20260710","충분(10건+)","40.6","43.2","38.5","40.8","39.6","40.6","41.9","43.2","40.8","43.2","1","1","검증완료_v2기준","","","","","","","","","방어력_자료부족","30.15","20261","93.8","","47.9","31.6","88.4","84.6","78.4","","","","","","","","","","","","","","","False","제외_핵심자료미검증·결측","방어력:방어력_자료부족","2026년 서울 아파트 실거래(취소제외), 면적구간별 중앙값","v2 행정동 통근시간을 KIKmix 가중치로 법정동 환산; GBD 6개·YBD 여의동·CBD 3개 핵심 행정동","기준=통근35+방어30+3040 25+유동성10","대화기록_1조프로젝트_데이터검증_20260829.md","","","","141","1.4","1.4","가성비(대체)","48.4","추천가능_가성비대체","True"
"v4.0_20260902","법정동×면적구간","용산구","산천동","11170115.0","84㎡급(80~90)","12억 초과","4","177000.0","17.7","2082.8430218875","175000","181500","20260128","20260702","경고(5건미만)","60.9","25.8","42.7","43.1","51.8","60.9","43.4","60.9","34.2","42.7","1","1","검증완료_v2기준","0.0","","20261.0","20261.0","20261.0","15.0","169.0","True","현재고점_미검증","33.19","20261","88.0","","55.0","15.5","58.0","81.7","91.0","76.1","","","","","","","","","","","","","","False","제외_핵심자료미검증·결측","방어력:현재고점_미검증; 가격표본:경고(5건미만)","2026년 서울 아파트 실거래(취소제외), 면적구간별 중앙값","v2 행정동 통근시간을 KIKmix 가중치로 법정동 환산; GBD 6개·YBD 여의동·CBD 3개 핵심 행정동","기준=통근35+방어30+3040 25+유동성10","대화기록_1조프로젝트_데이터검증_20260829.md","","","","74","48.6","48.6","가성비(대체)","60.7","제외_핵심자료미검증·결측","False"
"v4.0_20260902","법정동×면적구간","용산구","서빙고동","11170133.0","84㎡급(80~90)","12억 초과","4","199000.0","19.9","2342.68783435124","190000","208000","20260117","20260711","경고(5건미만)","41.3","39.7","42.4","41.1","41.8","42.4","40.5","41.3","41.0","42.4","1","1","검증완료_v2기준","0.0","","20261.0","20261.0","20261.0","8.0","75.0","True","현재고점_미검증","33.73","20261","92.9","","56.3","15.5","82.7","87.4","78.0","78.4","","","","","","","","","","","","","","False","제외_핵심자료미검증·결측","방어력:현재고점_미검증; 가격표본:경고(5건미만)","2026년 서울 아파트 실거래(취소제외), 면적구간별 중앙값","v2 행정동 통근시간을 KIKmix 가중치로 법정동 환산; GBD 6개·YBD 여의동·CBD 3개 핵심 행정동","기준=통근35+방어30+3040 25+유동성10","대화기록_1조프로젝트_데이터검증_20260829.md","","","","96","33.1","33.1","가성비(대체)","58.1","제외_핵심자료미검증·결측","False"
"v4.0_20260902","법정동×면적구간","용산구","신계동","11170123.0","84㎡급(80~90)","12억 초과","7","227000.0","22.7","2695.64184776155","220000","255000","20260402","20260702","참고(5~9건)","56.6","29.8","37.0","41.1","46.8","56.6","43.2","56.6","33.4","37.0","1","1","검증완료_v2기준","","","","","","","","","방어력_자료부족","42.06","20261","92.9","","75.9","23.4","70.4","82.0","92.6","","","","","","","","","","","","","","","False","제외_핵심자료미검증·결측","방어력:방어력_자료부족; 가격표본:참고(5~9건)","2026년 서울 아파트 실거래(취소제외), 면적구간별 중앙값","v2 행정동 통근시간을 KIKmix 가중치로 법정동 환산; GBD 6개·YBD 여의동·CBD 3개 핵심 행정동","기준=통근35+방어30+3040 25+유동성10","대화기록_1조프로젝트_데이터검증_20260829.md","","","","115","19.7","19.7","가성비(대체)","59.7","제외_핵심자료미검증·결측","False"
"v4.0_20260902","법정동×면적구간","용산구","용문동","11170121.0","84㎡급(80~90)","12억 초과","5","187000.0","18.7","2200.25885398282","108000","199000","20260122","20260611","참고(5~9건)","56.3","30.2","38.7","41.7","47.5","56.3","43.2","56.3","34.4","38.7","1","1","검증완료_v2기준","","","","","","","","","방어력_자료부족","34.2","20261","91.4","","57.4","18.6","68.7","81.9","90.6","","","","","","","","","","","","","","","False","제외_핵심자료미검증·결측","방어력:방어력_자료부족; 가격표본:참고(5~9건)","2026년 서울 아파트 실거래(취소제외), 면적구간별 중앙값","v2 행정동 통근시간을 KIKmix 가중치로 법정동 환산; GBD 6개·YBD 여의동·CBD 3개 핵심 행정동","기준=통근35+방어30+3040 25+유동성10","대화기록_1조프로젝트_데이터검증_20260829.md","","","","84","41.5","41.5","가성비(대체)","60.6","제외_핵심자료미검증·결측","False"
"v4.0_20260902","법정동×면적구간","용산구","용산동2가","11170102.0","84㎡급(80~90)","12억 초과","2","122000.0","12.2","1493.26805385557","119000","125000","20260207","20260227","경고(5건미만)","","","","","","","","","","","1","0","v2_행정동통근자료없음","","","","","","","","","방어력_자료부족","31.54","20261","","","51.2","6.9","","","","","","","","","","","","","","","","","","False","제외_핵심자료미검증·결측","통근:v2_행정동통근자료없음; 방어력:방어력_자료부족; 가격표본:경고(5건미만)","2026년 서울 아파트 실거래(취소제외), 면적구간별 중앙값","v2 행정동 통근시간을 KIKmix 가중치로 법정동 환산; GBD 6개·YBD 여의동·CBD 3개 핵심 행정동","기준=통근35+방어30+3040 25+유동성10","대화기록_1조프로젝트_데이터검증_20260829.md","","","","2","99.3","99.3","가성비(대체)","","제외_핵심자료미검증·결측","False"
"v4.0_20260902","법정동×면적구간","용산구","원효로1가","11170112.0","84㎡급(80~90)","12억 초과","3","165000.0","16.5","1941.72472227452","145000","204000","20260417","20260430","경고(5건미만)","56.6","29.8","37.0","41.1","46.8","56.6","43.2","56.6","33.4","37.0","1","1","검증완료_v2기준","-12.5","0.0","20254.0","20261.0","20261.0","9.0","72.0","False","검증완료","39.72","20261","92.9","81.2","70.4","11.7","70.4","82.0","92.6","75.9","75.6","","","","","","","","","","","","","False","참고용_가격표본부족","가격표본:경고(5건미만)","2026년 서울 아파트 실거래(취소제외), 면적구간별 중앙값","v2 행정동 통근시간을 KIKmix 가중치로 법정동 환산; GBD 6개·YBD 여의동·CBD 3개 핵심 행정동","기준=통근35+방어30+3040 25+유동성10","대화기록_1조프로젝트_데이터검증_20260829.md","","","","62","56.3","81.2","방어력(실측)","75.6","참고용_가격표본부족","False"
"v4.0_20260902","법정동×면적구간","용산구","원효로4가","11170118.0","84㎡급(80~90)","12억 초과","4","180000.0","18.0","2154.51710486034","100000","225000","20260313","20260704","경고(5건미만)","60.9","25.8","42.7","43.1","51.8","60.9","43.4","60.9","34.2","42.7","1","1","검증완료_v2기준","-6.9","0.0","20254.0","20261.0","20261.0","11.0","128.0","False","검증완료","33.66","20261","88.0","89.9","56.1","15.5","58.0","81.7","91.0","73.2","73.3","","","","","","","","","","","","","False","참고용_가격표본부족","가격표본:경고(5건미만)","2026년 서울 아파트 실거래(취소제외), 면적구간별 중앙값","v2 행정동 통근시간을 KIKmix 가중치로 법정동 환산; GBD 6개·YBD 여의동·CBD 3개 핵심 행정동","기준=통근35+방어30+3040 25+유동성10","대화기록_1조프로젝트_데이터검증_20260829.md","","","","77","45.4","89.9","방어력(실측)","73.3","참고용_가격표본부족","False"
"v4.0_20260902","법정동×면적구간","용산구","이촌동","11170129.0","84㎡급(80~90)","12억 초과","41","262000.0","26.2","3094.84584608143","130000","425000","20260112","20260821","충분(10건+)","51.8","33.4","44.0","43.1","47.9","51.8","42.6","51.8","38.7","44.0","2","2","검증완료_v2기준","0.0","","20261.0","20261.0","20261.0","21.0","1509.0","True","현재고점_미검증","25.67","20261","88.1","","37.3","51.4","67.6","83.2","82.6","75.4","","","","","","","","","","","","","","False","제외_핵심자료미검증·결측","방어력:현재고점_미검증","2026년 서울 아파트 실거래(취소제외), 면적구간별 중앙값","v2 행정동 통근시간을 KIKmix 가중치로 법정동 환산; GBD 6개·YBD 여의동·CBD 3개 핵심 행정동","기준=통근35+방어30+3040 25+유동성10","대화기록_1조프로젝트_데이터검증_20260829.md","","","","128","10.6","10.6","가성비(대체)","48.5","추천가능_가성비대체","True"
"v4.0_20260902","법정동×면적구간","용산구","이태원동","11170130.0","84㎡급(80~90)","12억 초과","4","235000.0","23.5","2774.3038787111","100000","248000","20260228","20260629","경고(5건미만)","41.2","39.7","34.8","38.6","38.0","41.2","40.4","41.2","37.2","39.7","2","2","검증완료_v2기준","0.0","","20261.0","20261.0","20261.0","16.0","165.0","True","현재고점_미검증","35.92","20261","99.2","","61.5","15.5","92.2","87.5","85.3","81.7","","","","","","","","","","","","","","False","제외_핵심자료미검증·결측","방어력:현재고점_미검증; 가격표본:경고(5건미만)","2026년 서울 아파트 실거래(취소제외), 면적구간별 중앙값","v2 행정동 통근시간을 KIKmix 가중치로 법정동 환산; GBD 6개·YBD 여의동·CBD 3개 핵심 행정동","기준=통근35+방어30+3040 25+유동성10","대화기록_1조프로젝트_데이터검증_20260829.md","","","","122","14.8","14.8","가성비(대체)","56.1","제외_핵심자료미검증·결측","False"
"v4.0_20260902","법정동×면적구간","용산구","한강로2가","11170125.0","84㎡급(80~90)","12억 초과","5","195000.0","19.5","2294.65756648623","181000","202000","20260201","20260620","참고(5~9건)","51.2","31.1","39.8","40.7","45.5","51.2","41.2","51.2","35.4","39.8","1","1","검증완료_v2기준","-15.4","13.9","20251.0","20253.0","20261.0","8.0","59.0","False","검증완료","40.25","20261","93.9","76.6","71.6","18.6","73.6","86.1","88.7","76.1","75.6","","","","","","","","","","","","","False","참고용_가격표본부족","가격표본:참고(5~9건)","2026년 서울 아파트 실거래(취소제외), 면적구간별 중앙값","v2 행정동 통근시간을 KIKmix 가중치로 법정동 환산; GBD 6개·YBD 여의동·CBD 3개 핵심 행정동","기준=통근35+방어30+3040 25+유동성10","대화기록_1조프로젝트_데이터검증_20260829.md","","","","92","35.9","76.6","방어력(실측)","75.6","참고용_가격표본부족","False"
"v4.0_20260902","법정동×면적구간","용산구","한강로3가","11170128.0","84㎡급(80~90)","12억 초과","3","126000.0","12.6","1559.98514299864","125500","220000","20260225","20260530","경고(5건미만)","51.2","31.1","39.8","40.7","45.5","51.2","41.2","51.2","35.4","39.8","1","1","검증완료_v2기준","0.0","","20261.0","20261.0","20261.0","17.0","181.0","True","현재고점_미검증","37.21","20261","93.9","","64.5","11.7","73.6","86.1","88.7","80.8","","","","","","","","","","","","","","False","제외_핵심자료미검증·결측","방어력:현재고점_미검증; 가격표본:경고(5건미만)","2026년 서울 아파트 실거래(취소제외), 면적구간별 중앙값","v2 행정동 통근시간을 KIKmix 가중치로 법정동 환산; GBD 6개·YBD 여의동·CBD 3개 핵심 행정동","기준=통근35+방어30+3040 25+유동성10","대화기록_1조프로젝트_데이터검증_20260829.md","","","","9","94.4","94.4","가성비(대체)","78.5","제외_핵심자료미검증·결측","False"
"v4.0_20260902","법정동×면적구간","용산구","효창동","11170119.0","84㎡급(80~90)","12억 초과","17","203000.0","20.3","2403.78922439313","88000","255000","20260207","20260728","충분(10건+)","58.0","33.6","39.4","43.7","48.7","58.0","45.8","58.0","36.5","39.4","1","1","검증완료_v2기준","0.0","","20261.0","20261.0","20261.0","14.0","238.0","True","현재고점_미검증","31.01","20261","86.7","","49.9","37.1","65.7","76.8","86.7","76.8","","","","","","","","","","","","","","False","제외_핵심자료미검증·결측","방어력:현재고점_미검증","2026년 서울 아파트 실거래(취소제외), 면적구간별 중앙값","v2 행정동 통근시간을 KIKmix 가중치로 법정동 환산; GBD 6개·YBD 여의동·CBD 3개 핵심 행정동","기준=통근35+방어30+3040 25+유동성10","대화기록_1조프로젝트_데이터검증_20260829.md","","","","102","28.9","28.9","가성비(대체)","55.2","추천가능_가성비대체","True"
"v4.0_20260902","법정동×면적구간","은평구","증산동","11380110.0","84㎡급(80~90)","12억 초과","43","167500.0","16.75","1971.51600753296","58000","191000","20260103","20260809","충분(10건+)","72.6","50.1","53.6","58.8","63.1","72.6","61.4","72.6","51.8","53.6","1","1","검증완료_v2기준","0.0","","20261.0","20261.0","20261.0","19.0","355.0","True","현재고점_미검증","26.55","20261","49.6","","39.4","52.2","29.9","45.8","57.5","63.0","","","","","","","","","","","","","","False","제외_핵심자료미검증·결측","방어력:현재고점_미검증","2026년 서울 아파트 실거래(취소제외), 면적구간별 중앙값","v2 행정동 통근시간을 KIKmix 가중치로 법정동 환산; GBD 6개·YBD 여의동·CBD 3개 핵심 행정동","기준=통근35+방어30+3040 25+유동성10","대화기록_1조프로젝트_데이터검증_20260829.md","","","","68","52.8","52.8","가성비(대체)","48.3","추천가능_가성비대체","True"
"v4.0_20260902","법정동×면적구간","종로구","무악동","11110187.0","84㎡급(80~90)","12억 초과","32","151990.0","15.2","1790.45605344606","105000","197000","20260103","20260702","충분(10건+)","52.6","38.2","30.5","40.4","41.6","52.6","45.4","52.6","34.4","38.2","1","1","검증완료_v2기준","0.0","","20261.0","20261.0","20261.0","17.0","355.0","True","현재고점_미검증","24.86","20261","94.6","","35.4","47.4","83.4","77.6","90.8","76.2","","","","","","","","","","","","","","False","제외_핵심자료미검증·결측","방어력:현재고점_미검증","2026년 서울 아파트 실거래(취소제외), 면적구간별 중앙값","v2 행정동 통근시간을 KIKmix 가중치로 법정동 환산; GBD 6개·YBD 여의동·CBD 3개 핵심 행정동","기준=통근35+방어30+3040 25+유동성10","대화기록_1조프로젝트_데이터검증_20260829.md","","","","42","70.8","70.8","가성비(대체)","67.9","추천가능_가성비대체","True"
"v4.0_20260902","법정동×면적구간","종로구","평동","11110177.0","84㎡급(80~90)","12억 초과","5","258000.0","25.8","3037.29515916368","236000","260000","20260411","20260512","참고(5~9건)","56.4","37.8","30.2","41.5","43.3","56.4","47.1","56.4","34.0","37.8","1","1","검증완료_v2기준","0.0","","20254.0","20254.0","20254.0","11.0","104.0","True","현재고점_미검증","26.25","20261","92.1","","38.7","18.6","79.1","74.2","91.4","73.8","","","","","","","","","","","","","","False","제외_핵심자료미검증·결측","방어력:현재고점_미검증; 가격표본:참고(5~9건)","2026년 서울 아파트 실거래(취소제외), 면적구간별 중앙값","v2 행정동 통근시간을 KIKmix 가중치로 법정동 환산; GBD 6개·YBD 여의동·CBD 3개 핵심 행정동","기준=통근35+방어30+3040 25+유동성10","대화기록_1조프로젝트_데이터검증_20260829.md","","","","127","11.3","11.3","가성비(대체)","47.2","제외_핵심자료미검증·결측","False"
"v4.0_20260902","법정동×면적구간","종로구","홍파동","11110179.0","84㎡급(80~90)","12억 초과","10","265750.0","26.58","3130.53212732109","245000","277500","20260124","20260723","충분(10건+)","56.4","37.8","30.2","41.5","43.3","56.4","47.1","56.4","34.0","37.8","1","1","검증완료_v2기준","0.0","","20254.0","20254.0","20254.0","16.0","161.0","True","현재고점_미검증","28.06","20261","92.1","","43.0","28.8","79.1","74.2","91.4","75.9","","","","","","","","","","","","","","False","제외_핵심자료미검증·결측","방어력:현재고점_미검증","2026년 서울 아파트 실거래(취소제외), 면적구간별 중앙값","v2 행정동 통근시간을 KIKmix 가중치로 법정동 환산; GBD 6개·YBD 여의동·CBD 3개 핵심 행정동","기준=통근35+방어30+3040 25+유동성10","대화기록_1조프로젝트_데이터검증_20260829.md","","","","129","9.9","9.9","가성비(대체)","48.8","추천가능_가성비대체","True"
"v4.0_20260902","법정동×면적구간","중구","만리동1가","11140173.0","84㎡급(80~90)","12억 초과","9","170000.0","17.0","2001.03583031216","163000","179000","20260109","20260515","참고(5~9건)","56.4","30.9","30.5","39.3","43.4","56.4","43.6","56.4","30.7","30.9","1","1","검증완료_v2기준","","","","","","","","","방어력_자료부족","39.6","20261","97.5","","70.1","27.2","78.7","81.1","97.7","","","","","","","","","","","","","","","False","제외_핵심자료미검증·결측","방어력:방어력_자료부족; 가격표본:참고(5~9건)","2026년 서울 아파트 실거래(취소제외), 면적구간별 중앙값","v2 행정동 통근시간을 KIKmix 가중치로 법정동 환산; GBD 6개·YBD 여의동·CBD 3개 핵심 행정동","기준=통근35+방어30+3040 25+유동성10","대화기록_1조프로젝트_데이터검증_20260829.md","","","","72","49.6","49.6","가성비(대체)","69.2","제외_핵심자료미검증·결측","False"
"v4.0_20260902","법정동×면적구간","중구","만리동2가","11140174.0","84㎡급(80~90)","12억 초과","11","224000.0","22.4","2636.16250058843","121000","229000","20260110","20260818","충분(10건+)","56.4","30.9","30.5","39.3","43.4","56.4","43.6","56.4","30.7","30.9","1","1","검증완료_v2기준","0.0","","20261.0","20261.0","20261.0","11.0","180.0","True","현재고점_미검증","26.85","20261","97.5","","40.1","30.3","78.7","81.1","97.7","77.9","","","","","","","","","","","","","","False","제외_핵심자료미검증·결측","방어력:현재고점_미검증","2026년 서울 아파트 실거래(취소제외), 면적구간별 중앙값","v2 행정동 통근시간을 KIKmix 가중치로 법정동 환산; GBD 6개·YBD 여의동·CBD 3개 핵심 행정동","기준=통근35+방어30+3040 25+유동성10","대화기록_1조프로젝트_데이터검증_20260829.md","","","","114","20.4","20.4","가성비(대체)","53.3","추천가능_가성비대체","True"
"v4.0_20260902","법정동×면적구간","중구","순화동","11140168.0","84㎡급(80~90)","12억 초과","4","127250.0","12.72","1498.03323359181","124000","183000","20260410","20260605","경고(5건미만)","59.0","42.7","20.5","40.8","39.8","59.0","50.8","59.0","31.6","42.7","2","2","검증완료_v2기준","","","","","","","","","방어력_자료부족","52.3","20261","93.8","","100.0","15.5","87.8","66.7","96.0","","","","","","","","","","","","","","","False","제외_핵심자료미검증·결측","방어력:방어력_자료부족; 가격표본:경고(5건미만)","2026년 서울 아파트 실거래(취소제외), 면적구간별 중앙값","v2 행정동 통근시간을 KIKmix 가중치로 법정동 환산; GBD 6개·YBD 여의동·CBD 3개 핵심 행정동","기준=통근35+방어30+3040 25+유동성10","대화기록_1조프로젝트_데이터검증_20260829.md","","","","12","92.3","92.3","가성비(대체)","87.1","제외_핵심자료미검증·결측","False"
"v4.0_20260902","법정동×면적구간","중구","신당동","11140162.0","84㎡급(80~90)","12억 초과","96","167000.0","16.7","1966.55719562435","68029","209300","20260103","20260814","충분(10건+)","45.2","47.2","33.3","41.9","39.2","45.2","46.2","47.2","40.2","47.2","6","6","검증완료_v2기준","0.0","","20261.0","20261.0","20261.0","21.0","1764.0","True","현재고점_미검증","29.11","20261","91.1","","45.4","65.6","89.2","76.1","79.6","79.3","","","","","","","","","","","","","","False","제외_핵심자료미검증·결측","방어력:현재고점_미검증","2026년 서울 아파트 실거래(취소제외), 면적구간별 중앙값","v2 행정동 통근시간을 KIKmix 가중치로 법정동 환산; GBD 6개·YBD 여의동·CBD 3개 핵심 행정동","기준=통근35+방어30+3040 25+유동성10","대화기록_1조프로젝트_데이터검증_20260829.md","","","","67","53.5","53.5","가성비(대체)","65.8","추천가능_가성비대체","True"
"v4.0_20260902","법정동×면적구간","중구","중림동","11140171.0","84㎡급(80~90)","12억 초과","4","179000.0","17.9","2107.37409549685","173000","185000","20260206","20260803","경고(5건미만)","56.4","30.9","30.5","39.3","43.4","56.4","43.6","56.4","30.7","30.9","1","1","검증완료_v2기준","0.0","","20261.0","20261.0","20261.0","10.0","84.0","True","현재고점_미검증","32.62","20261","97.5","","53.7","15.5","78.7","81.1","97.7","79.8","","","","","","","","","","","","","","False","제외_핵심자료미검증·결측","방어력:현재고점_미검증; 가격표본:경고(5건미만)","2026년 서울 아파트 실거래(취소제외), 면적구간별 중앙값","v2 행정동 통근시간을 KIKmix 가중치로 법정동 환산; GBD 6개·YBD 여의동·CBD 3개 핵심 행정동","기준=통근35+방어30+3040 25+유동성10","대화기록_1조프로젝트_데이터검증_20260829.md","","","","75","47.5","47.5","가성비(대체)","63.4","제외_핵심자료미검증·결측","False"
"v4.0_20260902","법정동×면적구간","중구","충무로4가","11140132.0","84㎡급(80~90)","12억 초과","4","128000.0","12.8","1553.15302197469","119600","146000","20260110","20260528","경고(5건미만)","50.3","47.9","24.5","40.9","37.4","50.3","49.1","50.3","36.2","47.9","2","2","검증완료_v2기준","","","","","","","","","방어력_자료부족","34.07","20261","93.5","","57.1","15.5","93.7","70.2","87.3","","","","","","","","","","","","","","","False","제외_핵심자료미검증·결측","방어력:방어력_자료부족; 가격표본:경고(5건미만)","2026년 서울 아파트 실거래(취소제외), 면적구간별 중앙값","v2 행정동 통근시간을 KIKmix 가중치로 법정동 환산; GBD 6개·YBD 여의동·CBD 3개 핵심 행정동","기준=통근35+방어30+3040 25+유동성10","대화기록_1조프로젝트_데이터검증_20260829.md","","","","13","91.2","91.2","가성비(대체)","75.9","제외_핵심자료미검증·결측","False"
